#
Begining of MDP building
End of MDP building

Print MDP
#############################################
Model: Infinite Horizon Discounted MDP
MDP Criteria : infinite horizon discounted
Discount factor:0.95
#############################################
MDP type (discrete,continuous): discrete
MDP rule (min,max): min
State space size: 1616
Action space size: 3
State  dimension: 2
Action dimension: 1
#############################################
Transition matrix per action:
action: 0
         0          0 1.000000e+00
         1          2 2.380952e-01
         1          0 4.761905e-02
         1          1 7.142857e-01
         2          3 2.380952e-01
         2          1 4.761905e-02
         2          2 7.142857e-01
         3          4 2.380952e-01
         3          2 4.761905e-02
         3          3 7.142857e-01
         4          5 2.380952e-01
         4          3 4.761905e-02
         4          4 7.142857e-01
         5          6 2.380952e-01
         5          4 4.761905e-02
         5          5 7.142857e-01
         6          7 2.380952e-01
         6          5 4.761905e-02
         6          6 7.142857e-01
         7          8 2.380952e-01
         7          6 4.761905e-02
         7          7 7.142857e-01
         8          9 2.380952e-01
         8          7 4.761905e-02
         8          8 7.142857e-01
         9         10 2.380952e-01
         9          8 4.761905e-02
         9          9 7.142857e-01
        10         11 2.380952e-01
        10          9 4.761905e-02
        10         10 7.142857e-01
        11         12 2.380952e-01
        11         10 4.761905e-02
        11         11 7.142857e-01
        12         13 2.380952e-01
        12         11 4.761905e-02
        12         12 7.142857e-01
        13         14 2.380952e-01
        13         12 4.761905e-02
        13         13 7.142857e-01
        14         15 2.380952e-01
        14         13 4.761905e-02
        14         14 7.142857e-01
        15         16 2.380952e-01
        15         14 4.761905e-02
        15         15 7.142857e-01
        16         17 2.380952e-01
        16         15 4.761905e-02
        16         16 7.142857e-01
        17         18 2.380952e-01
        17         16 4.761905e-02
        17         17 7.142857e-01
        18         19 2.380952e-01
        18         17 4.761905e-02
        18         18 7.142857e-01
        19         20 2.380952e-01
        19         18 4.761905e-02
        19         19 7.142857e-01
        20         21 2.380952e-01
        20         19 4.761905e-02
        20         20 7.142857e-01
        21         22 2.380952e-01
        21         20 4.761905e-02
        21         21 7.142857e-01
        22         23 2.380952e-01
        22         21 4.761905e-02
        22         22 7.142857e-01
        23         24 2.380952e-01
        23         22 4.761905e-02
        23         23 7.142857e-01
        24         25 2.380952e-01
        24         23 4.761905e-02
        24         24 7.142857e-01
        25         26 2.380952e-01
        25         24 4.761905e-02
        25         25 7.142857e-01
        26         27 2.380952e-01
        26         25 4.761905e-02
        26         26 7.142857e-01
        27         28 2.380952e-01
        27         26 4.761905e-02
        27         27 7.142857e-01
        28         29 2.380952e-01
        28         27 4.761905e-02
        28         28 7.142857e-01
        29         30 2.380952e-01
        29         28 4.761905e-02
        29         29 7.142857e-01
        30         31 2.380952e-01
        30         29 4.761905e-02
        30         30 7.142857e-01
        31         32 2.380952e-01
        31         30 4.761905e-02
        31         31 7.142857e-01
        32         33 2.380952e-01
        32         31 4.761905e-02
        32         32 7.142857e-01
        33         34 2.380952e-01
        33         32 4.761905e-02
        33         33 7.142857e-01
        34         35 2.380952e-01
        34         33 4.761905e-02
        34         34 7.142857e-01
        35         36 2.380952e-01
        35         34 4.761905e-02
        35         35 7.142857e-01
        36         37 2.380952e-01
        36         35 4.761905e-02
        36         36 7.142857e-01
        37         38 2.380952e-01
        37         36 4.761905e-02
        37         37 7.142857e-01
        38         39 2.380952e-01
        38         37 4.761905e-02
        38         38 7.142857e-01
        39         40 2.380952e-01
        39         38 4.761905e-02
        39         39 7.142857e-01
        40         41 2.380952e-01
        40         39 4.761905e-02
        40         40 7.142857e-01
        41         42 2.380952e-01
        41         40 4.761905e-02
        41         41 7.142857e-01
        42         43 2.380952e-01
        42         41 4.761905e-02
        42         42 7.142857e-01
        43         44 2.380952e-01
        43         42 4.761905e-02
        43         43 7.142857e-01
        44         45 2.380952e-01
        44         43 4.761905e-02
        44         44 7.142857e-01
        45         46 2.380952e-01
        45         44 4.761905e-02
        45         45 7.142857e-01
        46         47 2.380952e-01
        46         45 4.761905e-02
        46         46 7.142857e-01
        47         48 2.380952e-01
        47         46 4.761905e-02
        47         47 7.142857e-01
        48         49 2.380952e-01
        48         47 4.761905e-02
        48         48 7.142857e-01
        49         50 2.380952e-01
        49         48 4.761905e-02
        49         49 7.142857e-01
        50         51 2.380952e-01
        50         49 4.761905e-02
        50         50 7.142857e-01
        51         52 2.380952e-01
        51         50 4.761905e-02
        51         51 7.142857e-01
        52         53 2.380952e-01
        52         51 4.761905e-02
        52         52 7.142857e-01
        53         54 2.380952e-01
        53         52 4.761905e-02
        53         53 7.142857e-01
        54         55 2.380952e-01
        54         53 4.761905e-02
        54         54 7.142857e-01
        55         56 2.380952e-01
        55         54 4.761905e-02
        55         55 7.142857e-01
        56         57 2.380952e-01
        56         55 4.761905e-02
        56         56 7.142857e-01
        57         58 2.380952e-01
        57         56 4.761905e-02
        57         57 7.142857e-01
        58         59 2.380952e-01
        58         57 4.761905e-02
        58         58 7.142857e-01
        59         60 2.380952e-01
        59         58 4.761905e-02
        59         59 7.142857e-01
        60         61 2.380952e-01
        60         59 4.761905e-02
        60         60 7.142857e-01
        61         62 2.380952e-01
        61         60 4.761905e-02
        61         61 7.142857e-01
        62         63 2.380952e-01
        62         61 4.761905e-02
        62         62 7.142857e-01
        63         64 2.380952e-01
        63         62 4.761905e-02
        63         63 7.142857e-01
        64         65 2.380952e-01
        64         63 4.761905e-02
        64         64 7.142857e-01
        65         66 2.380952e-01
        65         64 4.761905e-02
        65         65 7.142857e-01
        66         67 2.380952e-01
        66         65 4.761905e-02
        66         66 7.142857e-01
        67         68 2.380952e-01
        67         66 4.761905e-02
        67         67 7.142857e-01
        68         69 2.380952e-01
        68         67 4.761905e-02
        68         68 7.142857e-01
        69         70 2.380952e-01
        69         68 4.761905e-02
        69         69 7.142857e-01
        70         71 2.380952e-01
        70         69 4.761905e-02
        70         70 7.142857e-01
        71         72 2.380952e-01
        71         70 4.761905e-02
        71         71 7.142857e-01
        72         73 2.380952e-01
        72         71 4.761905e-02
        72         72 7.142857e-01
        73         74 2.380952e-01
        73         72 4.761905e-02
        73         73 7.142857e-01
        74         75 2.380952e-01
        74         73 4.761905e-02
        74         74 7.142857e-01
        75         76 2.380952e-01
        75         74 4.761905e-02
        75         75 7.142857e-01
        76         77 2.380952e-01
        76         75 4.761905e-02
        76         76 7.142857e-01
        77         78 2.380952e-01
        77         76 4.761905e-02
        77         77 7.142857e-01
        78         79 2.380952e-01
        78         77 4.761905e-02
        78         78 7.142857e-01
        79         80 2.380952e-01
        79         78 4.761905e-02
        79         79 7.142857e-01
        80         81 2.380952e-01
        80         79 4.761905e-02
        80         80 7.142857e-01
        81         82 2.380952e-01
        81         80 4.761905e-02
        81         81 7.142857e-01
        82         83 2.380952e-01
        82         81 4.761905e-02
        82         82 7.142857e-01
        83         84 2.380952e-01
        83         82 4.761905e-02
        83         83 7.142857e-01
        84         85 2.380952e-01
        84         83 4.761905e-02
        84         84 7.142857e-01
        85         86 2.380952e-01
        85         84 4.761905e-02
        85         85 7.142857e-01
        86         87 2.380952e-01
        86         85 4.761905e-02
        86         86 7.142857e-01
        87         88 2.380952e-01
        87         86 4.761905e-02
        87         87 7.142857e-01
        88         89 2.380952e-01
        88         87 4.761905e-02
        88         88 7.142857e-01
        89         90 2.380952e-01
        89         88 4.761905e-02
        89         89 7.142857e-01
        90         91 2.380952e-01
        90         89 4.761905e-02
        90         90 7.142857e-01
        91         92 2.380952e-01
        91         90 4.761905e-02
        91         91 7.142857e-01
        92         93 2.380952e-01
        92         91 4.761905e-02
        92         92 7.142857e-01
        93         94 2.380952e-01
        93         92 4.761905e-02
        93         93 7.142857e-01
        94         95 2.380952e-01
        94         93 4.761905e-02
        94         94 7.142857e-01
        95         96 2.380952e-01
        95         94 4.761905e-02
        95         95 7.142857e-01
        96         97 2.380952e-01
        96         95 4.761905e-02
        96         96 7.142857e-01
        97         98 2.380952e-01
        97         96 4.761905e-02
        97         97 7.142857e-01
        98         99 2.380952e-01
        98         97 4.761905e-02
        98         98 7.142857e-01
        99        100 2.380952e-01
        99         98 4.761905e-02
        99         99 7.142857e-01
       100        100 1.000000e+00
       101          1 2.380952e-01
       101        101 7.619048e-01
       102          2 2.380952e-01
       102          0 4.761905e-02
       102        102 7.142857e-01
       103          3 2.380952e-01
       103          1 4.761905e-02
       103        103 7.142857e-01
       104          4 2.380952e-01
       104          2 4.761905e-02
       104        104 7.142857e-01
       105          5 2.380952e-01
       105          3 4.761905e-02
       105        105 7.142857e-01
       106          6 2.380952e-01
       106          4 4.761905e-02
       106        106 7.142857e-01
       107          7 2.380952e-01
       107          5 4.761905e-02
       107        107 7.142857e-01
       108          8 2.380952e-01
       108          6 4.761905e-02
       108        108 7.142857e-01
       109          9 2.380952e-01
       109          7 4.761905e-02
       109        109 7.142857e-01
       110         10 2.380952e-01
       110          8 4.761905e-02
       110        110 7.142857e-01
       111         11 2.380952e-01
       111          9 4.761905e-02
       111        111 7.142857e-01
       112         12 2.380952e-01
       112         10 4.761905e-02
       112        112 7.142857e-01
       113         13 2.380952e-01
       113         11 4.761905e-02
       113        113 7.142857e-01
       114         14 2.380952e-01
       114         12 4.761905e-02
       114        114 7.142857e-01
       115         15 2.380952e-01
       115         13 4.761905e-02
       115        115 7.142857e-01
       116         16 2.380952e-01
       116         14 4.761905e-02
       116        116 7.142857e-01
       117         17 2.380952e-01
       117         15 4.761905e-02
       117        117 7.142857e-01
       118         18 2.380952e-01
       118         16 4.761905e-02
       118        118 7.142857e-01
       119         19 2.380952e-01
       119         17 4.761905e-02
       119        119 7.142857e-01
       120         20 2.380952e-01
       120         18 4.761905e-02
       120        120 7.142857e-01
       121         21 2.380952e-01
       121         19 4.761905e-02
       121        121 7.142857e-01
       122         22 2.380952e-01
       122         20 4.761905e-02
       122        122 7.142857e-01
       123         23 2.380952e-01
       123         21 4.761905e-02
       123        123 7.142857e-01
       124         24 2.380952e-01
       124         22 4.761905e-02
       124        124 7.142857e-01
       125         25 2.380952e-01
       125         23 4.761905e-02
       125        125 7.142857e-01
       126         26 2.380952e-01
       126         24 4.761905e-02
       126        126 7.142857e-01
       127         27 2.380952e-01
       127         25 4.761905e-02
       127        127 7.142857e-01
       128         28 2.380952e-01
       128         26 4.761905e-02
       128        128 7.142857e-01
       129         29 2.380952e-01
       129         27 4.761905e-02
       129        129 7.142857e-01
       130         30 2.380952e-01
       130         28 4.761905e-02
       130        130 7.142857e-01
       131         31 2.380952e-01
       131         29 4.761905e-02
       131        131 7.142857e-01
       132         32 2.380952e-01
       132         30 4.761905e-02
       132        132 7.142857e-01
       133         33 2.380952e-01
       133         31 4.761905e-02
       133        133 7.142857e-01
       134         34 2.380952e-01
       134         32 4.761905e-02
       134        134 7.142857e-01
       135         35 2.380952e-01
       135         33 4.761905e-02
       135        135 7.142857e-01
       136         36 2.380952e-01
       136         34 4.761905e-02
       136        136 7.142857e-01
       137         37 2.380952e-01
       137         35 4.761905e-02
       137        137 7.142857e-01
       138         38 2.380952e-01
       138         36 4.761905e-02
       138        138 7.142857e-01
       139         39 2.380952e-01
       139         37 4.761905e-02
       139        139 7.142857e-01
       140         40 2.380952e-01
       140         38 4.761905e-02
       140        140 7.142857e-01
       141         41 2.380952e-01
       141         39 4.761905e-02
       141        141 7.142857e-01
       142         42 2.380952e-01
       142         40 4.761905e-02
       142        142 7.142857e-01
       143         43 2.380952e-01
       143         41 4.761905e-02
       143        143 7.142857e-01
       144         44 2.380952e-01
       144         42 4.761905e-02
       144        144 7.142857e-01
       145         45 2.380952e-01
       145         43 4.761905e-02
       145        145 7.142857e-01
       146         46 2.380952e-01
       146         44 4.761905e-02
       146        146 7.142857e-01
       147         47 2.380952e-01
       147         45 4.761905e-02
       147        147 7.142857e-01
       148         48 2.380952e-01
       148         46 4.761905e-02
       148        148 7.142857e-01
       149         49 2.380952e-01
       149         47 4.761905e-02
       149        149 7.142857e-01
       150         50 2.380952e-01
       150         48 4.761905e-02
       150        150 7.142857e-01
       151         51 2.380952e-01
       151         49 4.761905e-02
       151        151 7.142857e-01
       152         52 2.380952e-01
       152         50 4.761905e-02
       152        152 7.142857e-01
       153         53 2.380952e-01
       153         51 4.761905e-02
       153        153 7.142857e-01
       154         54 2.380952e-01
       154         52 4.761905e-02
       154        154 7.142857e-01
       155         55 2.380952e-01
       155         53 4.761905e-02
       155        155 7.142857e-01
       156         56 2.380952e-01
       156         54 4.761905e-02
       156        156 7.142857e-01
       157         57 2.380952e-01
       157         55 4.761905e-02
       157        157 7.142857e-01
       158         58 2.380952e-01
       158         56 4.761905e-02
       158        158 7.142857e-01
       159         59 2.380952e-01
       159         57 4.761905e-02
       159        159 7.142857e-01
       160         60 2.380952e-01
       160         58 4.761905e-02
       160        160 7.142857e-01
       161         61 2.380952e-01
       161         59 4.761905e-02
       161        161 7.142857e-01
       162         62 2.380952e-01
       162         60 4.761905e-02
       162        162 7.142857e-01
       163         63 2.380952e-01
       163         61 4.761905e-02
       163        163 7.142857e-01
       164         64 2.380952e-01
       164         62 4.761905e-02
       164        164 7.142857e-01
       165         65 2.380952e-01
       165         63 4.761905e-02
       165        165 7.142857e-01
       166         66 2.380952e-01
       166         64 4.761905e-02
       166        166 7.142857e-01
       167         67 2.380952e-01
       167         65 4.761905e-02
       167        167 7.142857e-01
       168         68 2.380952e-01
       168         66 4.761905e-02
       168        168 7.142857e-01
       169         69 2.380952e-01
       169         67 4.761905e-02
       169        169 7.142857e-01
       170         70 2.380952e-01
       170         68 4.761905e-02
       170        170 7.142857e-01
       171         71 2.380952e-01
       171         69 4.761905e-02
       171        171 7.142857e-01
       172         72 2.380952e-01
       172         70 4.761905e-02
       172        172 7.142857e-01
       173         73 2.380952e-01
       173         71 4.761905e-02
       173        173 7.142857e-01
       174         74 2.380952e-01
       174         72 4.761905e-02
       174        174 7.142857e-01
       175         75 2.380952e-01
       175         73 4.761905e-02
       175        175 7.142857e-01
       176         76 2.380952e-01
       176         74 4.761905e-02
       176        176 7.142857e-01
       177         77 2.380952e-01
       177         75 4.761905e-02
       177        177 7.142857e-01
       178         78 2.380952e-01
       178         76 4.761905e-02
       178        178 7.142857e-01
       179         79 2.380952e-01
       179         77 4.761905e-02
       179        179 7.142857e-01
       180         80 2.380952e-01
       180         78 4.761905e-02
       180        180 7.142857e-01
       181         81 2.380952e-01
       181         79 4.761905e-02
       181        181 7.142857e-01
       182         82 2.380952e-01
       182         80 4.761905e-02
       182        182 7.142857e-01
       183         83 2.380952e-01
       183         81 4.761905e-02
       183        183 7.142857e-01
       184         84 2.380952e-01
       184         82 4.761905e-02
       184        184 7.142857e-01
       185         85 2.380952e-01
       185         83 4.761905e-02
       185        185 7.142857e-01
       186         86 2.380952e-01
       186         84 4.761905e-02
       186        186 7.142857e-01
       187         87 2.380952e-01
       187         85 4.761905e-02
       187        187 7.142857e-01
       188         88 2.380952e-01
       188         86 4.761905e-02
       188        188 7.142857e-01
       189         89 2.380952e-01
       189         87 4.761905e-02
       189        189 7.142857e-01
       190         90 2.380952e-01
       190         88 4.761905e-02
       190        190 7.142857e-01
       191         91 2.380952e-01
       191         89 4.761905e-02
       191        191 7.142857e-01
       192         92 2.380952e-01
       192         90 4.761905e-02
       192        192 7.142857e-01
       193         93 2.380952e-01
       193         91 4.761905e-02
       193        193 7.142857e-01
       194         94 2.380952e-01
       194         92 4.761905e-02
       194        194 7.142857e-01
       195         95 2.380952e-01
       195         93 4.761905e-02
       195        195 7.142857e-01
       196         96 2.380952e-01
       196         94 4.761905e-02
       196        196 7.142857e-01
       197         97 2.380952e-01
       197         95 4.761905e-02
       197        197 7.142857e-01
       198         98 2.380952e-01
       198         96 4.761905e-02
       198        198 7.142857e-01
       199         99 2.380952e-01
       199         97 4.761905e-02
       199        199 7.142857e-01
       200        100 2.380952e-01
       200         98 4.761905e-02
       200        200 7.142857e-01
       201         99 4.761905e-02
       201        201 9.523810e-01
       202        102 2.380952e-01
       202        202 7.619048e-01
       203        103 2.380952e-01
       203        101 4.761905e-02
       203        203 7.142857e-01
       204        104 2.380952e-01
       204        102 9.523810e-02
       204        204 6.666667e-01
       205        105 2.380952e-01
       205        103 9.523810e-02
       205        205 6.666667e-01
       206        106 2.380952e-01
       206        104 9.523810e-02
       206        206 6.666667e-01
       207        107 2.380952e-01
       207        105 9.523810e-02
       207        207 6.666667e-01
       208        108 2.380952e-01
       208        106 9.523810e-02
       208        208 6.666667e-01
       209        109 2.380952e-01
       209        107 9.523810e-02
       209        209 6.666667e-01
       210        110 2.380952e-01
       210        108 9.523810e-02
       210        210 6.666667e-01
       211        111 2.380952e-01
       211        109 9.523810e-02
       211        211 6.666667e-01
       212        112 2.380952e-01
       212        110 9.523810e-02
       212        212 6.666667e-01
       213        113 2.380952e-01
       213        111 9.523810e-02
       213        213 6.666667e-01
       214        114 2.380952e-01
       214        112 9.523810e-02
       214        214 6.666667e-01
       215        115 2.380952e-01
       215        113 9.523810e-02
       215        215 6.666667e-01
       216        116 2.380952e-01
       216        114 9.523810e-02
       216        216 6.666667e-01
       217        117 2.380952e-01
       217        115 9.523810e-02
       217        217 6.666667e-01
       218        118 2.380952e-01
       218        116 9.523810e-02
       218        218 6.666667e-01
       219        119 2.380952e-01
       219        117 9.523810e-02
       219        219 6.666667e-01
       220        120 2.380952e-01
       220        118 9.523810e-02
       220        220 6.666667e-01
       221        121 2.380952e-01
       221        119 9.523810e-02
       221        221 6.666667e-01
       222        122 2.380952e-01
       222        120 9.523810e-02
       222        222 6.666667e-01
       223        123 2.380952e-01
       223        121 9.523810e-02
       223        223 6.666667e-01
       224        124 2.380952e-01
       224        122 9.523810e-02
       224        224 6.666667e-01
       225        125 2.380952e-01
       225        123 9.523810e-02
       225        225 6.666667e-01
       226        126 2.380952e-01
       226        124 9.523810e-02
       226        226 6.666667e-01
       227        127 2.380952e-01
       227        125 9.523810e-02
       227        227 6.666667e-01
       228        128 2.380952e-01
       228        126 9.523810e-02
       228        228 6.666667e-01
       229        129 2.380952e-01
       229        127 9.523810e-02
       229        229 6.666667e-01
       230        130 2.380952e-01
       230        128 9.523810e-02
       230        230 6.666667e-01
       231        131 2.380952e-01
       231        129 9.523810e-02
       231        231 6.666667e-01
       232        132 2.380952e-01
       232        130 9.523810e-02
       232        232 6.666667e-01
       233        133 2.380952e-01
       233        131 9.523810e-02
       233        233 6.666667e-01
       234        134 2.380952e-01
       234        132 9.523810e-02
       234        234 6.666667e-01
       235        135 2.380952e-01
       235        133 9.523810e-02
       235        235 6.666667e-01
       236        136 2.380952e-01
       236        134 9.523810e-02
       236        236 6.666667e-01
       237        137 2.380952e-01
       237        135 9.523810e-02
       237        237 6.666667e-01
       238        138 2.380952e-01
       238        136 9.523810e-02
       238        238 6.666667e-01
       239        139 2.380952e-01
       239        137 9.523810e-02
       239        239 6.666667e-01
       240        140 2.380952e-01
       240        138 9.523810e-02
       240        240 6.666667e-01
       241        141 2.380952e-01
       241        139 9.523810e-02
       241        241 6.666667e-01
       242        142 2.380952e-01
       242        140 9.523810e-02
       242        242 6.666667e-01
       243        143 2.380952e-01
       243        141 9.523810e-02
       243        243 6.666667e-01
       244        144 2.380952e-01
       244        142 9.523810e-02
       244        244 6.666667e-01
       245        145 2.380952e-01
       245        143 9.523810e-02
       245        245 6.666667e-01
       246        146 2.380952e-01
       246        144 9.523810e-02
       246        246 6.666667e-01
       247        147 2.380952e-01
       247        145 9.523810e-02
       247        247 6.666667e-01
       248        148 2.380952e-01
       248        146 9.523810e-02
       248        248 6.666667e-01
       249        149 2.380952e-01
       249        147 9.523810e-02
       249        249 6.666667e-01
       250        150 2.380952e-01
       250        148 9.523810e-02
       250        250 6.666667e-01
       251        151 2.380952e-01
       251        149 9.523810e-02
       251        251 6.666667e-01
       252        152 2.380952e-01
       252        150 9.523810e-02
       252        252 6.666667e-01
       253        153 2.380952e-01
       253        151 9.523810e-02
       253        253 6.666667e-01
       254        154 2.380952e-01
       254        152 9.523810e-02
       254        254 6.666667e-01
       255        155 2.380952e-01
       255        153 9.523810e-02
       255        255 6.666667e-01
       256        156 2.380952e-01
       256        154 9.523810e-02
       256        256 6.666667e-01
       257        157 2.380952e-01
       257        155 9.523810e-02
       257        257 6.666667e-01
       258        158 2.380952e-01
       258        156 9.523810e-02
       258        258 6.666667e-01
       259        159 2.380952e-01
       259        157 9.523810e-02
       259        259 6.666667e-01
       260        160 2.380952e-01
       260        158 9.523810e-02
       260        260 6.666667e-01
       261        161 2.380952e-01
       261        159 9.523810e-02
       261        261 6.666667e-01
       262        162 2.380952e-01
       262        160 9.523810e-02
       262        262 6.666667e-01
       263        163 2.380952e-01
       263        161 9.523810e-02
       263        263 6.666667e-01
       264        164 2.380952e-01
       264        162 9.523810e-02
       264        264 6.666667e-01
       265        165 2.380952e-01
       265        163 9.523810e-02
       265        265 6.666667e-01
       266        166 2.380952e-01
       266        164 9.523810e-02
       266        266 6.666667e-01
       267        167 2.380952e-01
       267        165 9.523810e-02
       267        267 6.666667e-01
       268        168 2.380952e-01
       268        166 9.523810e-02
       268        268 6.666667e-01
       269        169 2.380952e-01
       269        167 9.523810e-02
       269        269 6.666667e-01
       270        170 2.380952e-01
       270        168 9.523810e-02
       270        270 6.666667e-01
       271        171 2.380952e-01
       271        169 9.523810e-02
       271        271 6.666667e-01
       272        172 2.380952e-01
       272        170 9.523810e-02
       272        272 6.666667e-01
       273        173 2.380952e-01
       273        171 9.523810e-02
       273        273 6.666667e-01
       274        174 2.380952e-01
       274        172 9.523810e-02
       274        274 6.666667e-01
       275        175 2.380952e-01
       275        173 9.523810e-02
       275        275 6.666667e-01
       276        176 2.380952e-01
       276        174 9.523810e-02
       276        276 6.666667e-01
       277        177 2.380952e-01
       277        175 9.523810e-02
       277        277 6.666667e-01
       278        178 2.380952e-01
       278        176 9.523810e-02
       278        278 6.666667e-01
       279        179 2.380952e-01
       279        177 9.523810e-02
       279        279 6.666667e-01
       280        180 2.380952e-01
       280        178 9.523810e-02
       280        280 6.666667e-01
       281        181 2.380952e-01
       281        179 9.523810e-02
       281        281 6.666667e-01
       282        182 2.380952e-01
       282        180 9.523810e-02
       282        282 6.666667e-01
       283        183 2.380952e-01
       283        181 9.523810e-02
       283        283 6.666667e-01
       284        184 2.380952e-01
       284        182 9.523810e-02
       284        284 6.666667e-01
       285        185 2.380952e-01
       285        183 9.523810e-02
       285        285 6.666667e-01
       286        186 2.380952e-01
       286        184 9.523810e-02
       286        286 6.666667e-01
       287        187 2.380952e-01
       287        185 9.523810e-02
       287        287 6.666667e-01
       288        188 2.380952e-01
       288        186 9.523810e-02
       288        288 6.666667e-01
       289        189 2.380952e-01
       289        187 9.523810e-02
       289        289 6.666667e-01
       290        190 2.380952e-01
       290        188 9.523810e-02
       290        290 6.666667e-01
       291        191 2.380952e-01
       291        189 9.523810e-02
       291        291 6.666667e-01
       292        192 2.380952e-01
       292        190 9.523810e-02
       292        292 6.666667e-01
       293        193 2.380952e-01
       293        191 9.523810e-02
       293        293 6.666667e-01
       294        194 2.380952e-01
       294        192 9.523810e-02
       294        294 6.666667e-01
       295        195 2.380952e-01
       295        193 9.523810e-02
       295        295 6.666667e-01
       296        196 2.380952e-01
       296        194 9.523810e-02
       296        296 6.666667e-01
       297        197 2.380952e-01
       297        195 9.523810e-02
       297        297 6.666667e-01
       298        198 2.380952e-01
       298        196 9.523810e-02
       298        298 6.666667e-01
       299        199 2.380952e-01
       299        197 9.523810e-02
       299        299 6.666667e-01
       300        200 2.380952e-01
       300        198 9.523810e-02
       300        300 6.666667e-01
       301        201 2.380952e-01
       301        199 9.523810e-02
       301        301 6.666667e-01
       302        200 9.523810e-02
       302        302 9.047619e-01
       303        203 2.380952e-01
       303        303 7.619048e-01
       304        204 2.380952e-01
       304        202 4.761905e-02
       304        304 7.142857e-01
       305        205 2.380952e-01
       305        203 9.523810e-02
       305        305 6.666667e-01
       306        206 2.380952e-01
       306        204 1.428571e-01
       306        306 6.190476e-01
       307        207 2.380952e-01
       307        205 1.428571e-01
       307        307 6.190476e-01
       308        208 2.380952e-01
       308        206 1.428571e-01
       308        308 6.190476e-01
       309        209 2.380952e-01
       309        207 1.428571e-01
       309        309 6.190476e-01
       310        210 2.380952e-01
       310        208 1.428571e-01
       310        310 6.190476e-01
       311        211 2.380952e-01
       311        209 1.428571e-01
       311        311 6.190476e-01
       312        212 2.380952e-01
       312        210 1.428571e-01
       312        312 6.190476e-01
       313        213 2.380952e-01
       313        211 1.428571e-01
       313        313 6.190476e-01
       314        214 2.380952e-01
       314        212 1.428571e-01
       314        314 6.190476e-01
       315        215 2.380952e-01
       315        213 1.428571e-01
       315        315 6.190476e-01
       316        216 2.380952e-01
       316        214 1.428571e-01
       316        316 6.190476e-01
       317        217 2.380952e-01
       317        215 1.428571e-01
       317        317 6.190476e-01
       318        218 2.380952e-01
       318        216 1.428571e-01
       318        318 6.190476e-01
       319        219 2.380952e-01
       319        217 1.428571e-01
       319        319 6.190476e-01
       320        220 2.380952e-01
       320        218 1.428571e-01
       320        320 6.190476e-01
       321        221 2.380952e-01
       321        219 1.428571e-01
       321        321 6.190476e-01
       322        222 2.380952e-01
       322        220 1.428571e-01
       322        322 6.190476e-01
       323        223 2.380952e-01
       323        221 1.428571e-01
       323        323 6.190476e-01
       324        224 2.380952e-01
       324        222 1.428571e-01
       324        324 6.190476e-01
       325        225 2.380952e-01
       325        223 1.428571e-01
       325        325 6.190476e-01
       326        226 2.380952e-01
       326        224 1.428571e-01
       326        326 6.190476e-01
       327        227 2.380952e-01
       327        225 1.428571e-01
       327        327 6.190476e-01
       328        228 2.380952e-01
       328        226 1.428571e-01
       328        328 6.190476e-01
       329        229 2.380952e-01
       329        227 1.428571e-01
       329        329 6.190476e-01
       330        230 2.380952e-01
       330        228 1.428571e-01
       330        330 6.190476e-01
       331        231 2.380952e-01
       331        229 1.428571e-01
       331        331 6.190476e-01
       332        232 2.380952e-01
       332        230 1.428571e-01
       332        332 6.190476e-01
       333        233 2.380952e-01
       333        231 1.428571e-01
       333        333 6.190476e-01
       334        234 2.380952e-01
       334        232 1.428571e-01
       334        334 6.190476e-01
       335        235 2.380952e-01
       335        233 1.428571e-01
       335        335 6.190476e-01
       336        236 2.380952e-01
       336        234 1.428571e-01
       336        336 6.190476e-01
       337        237 2.380952e-01
       337        235 1.428571e-01
       337        337 6.190476e-01
       338        238 2.380952e-01
       338        236 1.428571e-01
       338        338 6.190476e-01
       339        239 2.380952e-01
       339        237 1.428571e-01
       339        339 6.190476e-01
       340        240 2.380952e-01
       340        238 1.428571e-01
       340        340 6.190476e-01
       341        241 2.380952e-01
       341        239 1.428571e-01
       341        341 6.190476e-01
       342        242 2.380952e-01
       342        240 1.428571e-01
       342        342 6.190476e-01
       343        243 2.380952e-01
       343        241 1.428571e-01
       343        343 6.190476e-01
       344        244 2.380952e-01
       344        242 1.428571e-01
       344        344 6.190476e-01
       345        245 2.380952e-01
       345        243 1.428571e-01
       345        345 6.190476e-01
       346        246 2.380952e-01
       346        244 1.428571e-01
       346        346 6.190476e-01
       347        247 2.380952e-01
       347        245 1.428571e-01
       347        347 6.190476e-01
       348        248 2.380952e-01
       348        246 1.428571e-01
       348        348 6.190476e-01
       349        249 2.380952e-01
       349        247 1.428571e-01
       349        349 6.190476e-01
       350        250 2.380952e-01
       350        248 1.428571e-01
       350        350 6.190476e-01
       351        251 2.380952e-01
       351        249 1.428571e-01
       351        351 6.190476e-01
       352        252 2.380952e-01
       352        250 1.428571e-01
       352        352 6.190476e-01
       353        253 2.380952e-01
       353        251 1.428571e-01
       353        353 6.190476e-01
       354        254 2.380952e-01
       354        252 1.428571e-01
       354        354 6.190476e-01
       355        255 2.380952e-01
       355        253 1.428571e-01
       355        355 6.190476e-01
       356        256 2.380952e-01
       356        254 1.428571e-01
       356        356 6.190476e-01
       357        257 2.380952e-01
       357        255 1.428571e-01
       357        357 6.190476e-01
       358        258 2.380952e-01
       358        256 1.428571e-01
       358        358 6.190476e-01
       359        259 2.380952e-01
       359        257 1.428571e-01
       359        359 6.190476e-01
       360        260 2.380952e-01
       360        258 1.428571e-01
       360        360 6.190476e-01
       361        261 2.380952e-01
       361        259 1.428571e-01
       361        361 6.190476e-01
       362        262 2.380952e-01
       362        260 1.428571e-01
       362        362 6.190476e-01
       363        263 2.380952e-01
       363        261 1.428571e-01
       363        363 6.190476e-01
       364        264 2.380952e-01
       364        262 1.428571e-01
       364        364 6.190476e-01
       365        265 2.380952e-01
       365        263 1.428571e-01
       365        365 6.190476e-01
       366        266 2.380952e-01
       366        264 1.428571e-01
       366        366 6.190476e-01
       367        267 2.380952e-01
       367        265 1.428571e-01
       367        367 6.190476e-01
       368        268 2.380952e-01
       368        266 1.428571e-01
       368        368 6.190476e-01
       369        269 2.380952e-01
       369        267 1.428571e-01
       369        369 6.190476e-01
       370        270 2.380952e-01
       370        268 1.428571e-01
       370        370 6.190476e-01
       371        271 2.380952e-01
       371        269 1.428571e-01
       371        371 6.190476e-01
       372        272 2.380952e-01
       372        270 1.428571e-01
       372        372 6.190476e-01
       373        273 2.380952e-01
       373        271 1.428571e-01
       373        373 6.190476e-01
       374        274 2.380952e-01
       374        272 1.428571e-01
       374        374 6.190476e-01
       375        275 2.380952e-01
       375        273 1.428571e-01
       375        375 6.190476e-01
       376        276 2.380952e-01
       376        274 1.428571e-01
       376        376 6.190476e-01
       377        277 2.380952e-01
       377        275 1.428571e-01
       377        377 6.190476e-01
       378        278 2.380952e-01
       378        276 1.428571e-01
       378        378 6.190476e-01
       379        279 2.380952e-01
       379        277 1.428571e-01
       379        379 6.190476e-01
       380        280 2.380952e-01
       380        278 1.428571e-01
       380        380 6.190476e-01
       381        281 2.380952e-01
       381        279 1.428571e-01
       381        381 6.190476e-01
       382        282 2.380952e-01
       382        280 1.428571e-01
       382        382 6.190476e-01
       383        283 2.380952e-01
       383        281 1.428571e-01
       383        383 6.190476e-01
       384        284 2.380952e-01
       384        282 1.428571e-01
       384        384 6.190476e-01
       385        285 2.380952e-01
       385        283 1.428571e-01
       385        385 6.190476e-01
       386        286 2.380952e-01
       386        284 1.428571e-01
       386        386 6.190476e-01
       387        287 2.380952e-01
       387        285 1.428571e-01
       387        387 6.190476e-01
       388        288 2.380952e-01
       388        286 1.428571e-01
       388        388 6.190476e-01
       389        289 2.380952e-01
       389        287 1.428571e-01
       389        389 6.190476e-01
       390        290 2.380952e-01
       390        288 1.428571e-01
       390        390 6.190476e-01
       391        291 2.380952e-01
       391        289 1.428571e-01
       391        391 6.190476e-01
       392        292 2.380952e-01
       392        290 1.428571e-01
       392        392 6.190476e-01
       393        293 2.380952e-01
       393        291 1.428571e-01
       393        393 6.190476e-01
       394        294 2.380952e-01
       394        292 1.428571e-01
       394        394 6.190476e-01
       395        295 2.380952e-01
       395        293 1.428571e-01
       395        395 6.190476e-01
       396        296 2.380952e-01
       396        294 1.428571e-01
       396        396 6.190476e-01
       397        297 2.380952e-01
       397        295 1.428571e-01
       397        397 6.190476e-01
       398        298 2.380952e-01
       398        296 1.428571e-01
       398        398 6.190476e-01
       399        299 2.380952e-01
       399        297 1.428571e-01
       399        399 6.190476e-01
       400        300 2.380952e-01
       400        298 1.428571e-01
       400        400 6.190476e-01
       401        301 2.380952e-01
       401        299 1.428571e-01
       401        401 6.190476e-01
       402        302 2.380952e-01
       402        300 1.428571e-01
       402        402 6.190476e-01
       403        301 1.428571e-01
       403        403 8.571429e-01
       404        304 2.380952e-01
       404        404 7.619048e-01
       405        305 2.380952e-01
       405        303 4.761905e-02
       405        405 7.142857e-01
       406        306 2.380952e-01
       406        304 9.523810e-02
       406        406 6.666667e-01
       407        307 2.380952e-01
       407        305 1.428571e-01
       407        407 6.190476e-01
       408        308 2.380952e-01
       408        306 1.904762e-01
       408        408 5.714286e-01
       409        309 2.380952e-01
       409        307 1.904762e-01
       409        409 5.714286e-01
       410        310 2.380952e-01
       410        308 1.904762e-01
       410        410 5.714286e-01
       411        311 2.380952e-01
       411        309 1.904762e-01
       411        411 5.714286e-01
       412        312 2.380952e-01
       412        310 1.904762e-01
       412        412 5.714286e-01
       413        313 2.380952e-01
       413        311 1.904762e-01
       413        413 5.714286e-01
       414        314 2.380952e-01
       414        312 1.904762e-01
       414        414 5.714286e-01
       415        315 2.380952e-01
       415        313 1.904762e-01
       415        415 5.714286e-01
       416        316 2.380952e-01
       416        314 1.904762e-01
       416        416 5.714286e-01
       417        317 2.380952e-01
       417        315 1.904762e-01
       417        417 5.714286e-01
       418        318 2.380952e-01
       418        316 1.904762e-01
       418        418 5.714286e-01
       419        319 2.380952e-01
       419        317 1.904762e-01
       419        419 5.714286e-01
       420        320 2.380952e-01
       420        318 1.904762e-01
       420        420 5.714286e-01
       421        321 2.380952e-01
       421        319 1.904762e-01
       421        421 5.714286e-01
       422        322 2.380952e-01
       422        320 1.904762e-01
       422        422 5.714286e-01
       423        323 2.380952e-01
       423        321 1.904762e-01
       423        423 5.714286e-01
       424        324 2.380952e-01
       424        322 1.904762e-01
       424        424 5.714286e-01
       425        325 2.380952e-01
       425        323 1.904762e-01
       425        425 5.714286e-01
       426        326 2.380952e-01
       426        324 1.904762e-01
       426        426 5.714286e-01
       427        327 2.380952e-01
       427        325 1.904762e-01
       427        427 5.714286e-01
       428        328 2.380952e-01
       428        326 1.904762e-01
       428        428 5.714286e-01
       429        329 2.380952e-01
       429        327 1.904762e-01
       429        429 5.714286e-01
       430        330 2.380952e-01
       430        328 1.904762e-01
       430        430 5.714286e-01
       431        331 2.380952e-01
       431        329 1.904762e-01
       431        431 5.714286e-01
       432        332 2.380952e-01
       432        330 1.904762e-01
       432        432 5.714286e-01
       433        333 2.380952e-01
       433        331 1.904762e-01
       433        433 5.714286e-01
       434        334 2.380952e-01
       434        332 1.904762e-01
       434        434 5.714286e-01
       435        335 2.380952e-01
       435        333 1.904762e-01
       435        435 5.714286e-01
       436        336 2.380952e-01
       436        334 1.904762e-01
       436        436 5.714286e-01
       437        337 2.380952e-01
       437        335 1.904762e-01
       437        437 5.714286e-01
       438        338 2.380952e-01
       438        336 1.904762e-01
       438        438 5.714286e-01
       439        339 2.380952e-01
       439        337 1.904762e-01
       439        439 5.714286e-01
       440        340 2.380952e-01
       440        338 1.904762e-01
       440        440 5.714286e-01
       441        341 2.380952e-01
       441        339 1.904762e-01
       441        441 5.714286e-01
       442        342 2.380952e-01
       442        340 1.904762e-01
       442        442 5.714286e-01
       443        343 2.380952e-01
       443        341 1.904762e-01
       443        443 5.714286e-01
       444        344 2.380952e-01
       444        342 1.904762e-01
       444        444 5.714286e-01
       445        345 2.380952e-01
       445        343 1.904762e-01
       445        445 5.714286e-01
       446        346 2.380952e-01
       446        344 1.904762e-01
       446        446 5.714286e-01
       447        347 2.380952e-01
       447        345 1.904762e-01
       447        447 5.714286e-01
       448        348 2.380952e-01
       448        346 1.904762e-01
       448        448 5.714286e-01
       449        349 2.380952e-01
       449        347 1.904762e-01
       449        449 5.714286e-01
       450        350 2.380952e-01
       450        348 1.904762e-01
       450        450 5.714286e-01
       451        351 2.380952e-01
       451        349 1.904762e-01
       451        451 5.714286e-01
       452        352 2.380952e-01
       452        350 1.904762e-01
       452        452 5.714286e-01
       453        353 2.380952e-01
       453        351 1.904762e-01
       453        453 5.714286e-01
       454        354 2.380952e-01
       454        352 1.904762e-01
       454        454 5.714286e-01
       455        355 2.380952e-01
       455        353 1.904762e-01
       455        455 5.714286e-01
       456        356 2.380952e-01
       456        354 1.904762e-01
       456        456 5.714286e-01
       457        357 2.380952e-01
       457        355 1.904762e-01
       457        457 5.714286e-01
       458        358 2.380952e-01
       458        356 1.904762e-01
       458        458 5.714286e-01
       459        359 2.380952e-01
       459        357 1.904762e-01
       459        459 5.714286e-01
       460        360 2.380952e-01
       460        358 1.904762e-01
       460        460 5.714286e-01
       461        361 2.380952e-01
       461        359 1.904762e-01
       461        461 5.714286e-01
       462        362 2.380952e-01
       462        360 1.904762e-01
       462        462 5.714286e-01
       463        363 2.380952e-01
       463        361 1.904762e-01
       463        463 5.714286e-01
       464        364 2.380952e-01
       464        362 1.904762e-01
       464        464 5.714286e-01
       465        365 2.380952e-01
       465        363 1.904762e-01
       465        465 5.714286e-01
       466        366 2.380952e-01
       466        364 1.904762e-01
       466        466 5.714286e-01
       467        367 2.380952e-01
       467        365 1.904762e-01
       467        467 5.714286e-01
       468        368 2.380952e-01
       468        366 1.904762e-01
       468        468 5.714286e-01
       469        369 2.380952e-01
       469        367 1.904762e-01
       469        469 5.714286e-01
       470        370 2.380952e-01
       470        368 1.904762e-01
       470        470 5.714286e-01
       471        371 2.380952e-01
       471        369 1.904762e-01
       471        471 5.714286e-01
       472        372 2.380952e-01
       472        370 1.904762e-01
       472        472 5.714286e-01
       473        373 2.380952e-01
       473        371 1.904762e-01
       473        473 5.714286e-01
       474        374 2.380952e-01
       474        372 1.904762e-01
       474        474 5.714286e-01
       475        375 2.380952e-01
       475        373 1.904762e-01
       475        475 5.714286e-01
       476        376 2.380952e-01
       476        374 1.904762e-01
       476        476 5.714286e-01
       477        377 2.380952e-01
       477        375 1.904762e-01
       477        477 5.714286e-01
       478        378 2.380952e-01
       478        376 1.904762e-01
       478        478 5.714286e-01
       479        379 2.380952e-01
       479        377 1.904762e-01
       479        479 5.714286e-01
       480        380 2.380952e-01
       480        378 1.904762e-01
       480        480 5.714286e-01
       481        381 2.380952e-01
       481        379 1.904762e-01
       481        481 5.714286e-01
       482        382 2.380952e-01
       482        380 1.904762e-01
       482        482 5.714286e-01
       483        383 2.380952e-01
       483        381 1.904762e-01
       483        483 5.714286e-01
       484        384 2.380952e-01
       484        382 1.904762e-01
       484        484 5.714286e-01
       485        385 2.380952e-01
       485        383 1.904762e-01
       485        485 5.714286e-01
       486        386 2.380952e-01
       486        384 1.904762e-01
       486        486 5.714286e-01
       487        387 2.380952e-01
       487        385 1.904762e-01
       487        487 5.714286e-01
       488        388 2.380952e-01
       488        386 1.904762e-01
       488        488 5.714286e-01
       489        389 2.380952e-01
       489        387 1.904762e-01
       489        489 5.714286e-01
       490        390 2.380952e-01
       490        388 1.904762e-01
       490        490 5.714286e-01
       491        391 2.380952e-01
       491        389 1.904762e-01
       491        491 5.714286e-01
       492        392 2.380952e-01
       492        390 1.904762e-01
       492        492 5.714286e-01
       493        393 2.380952e-01
       493        391 1.904762e-01
       493        493 5.714286e-01
       494        394 2.380952e-01
       494        392 1.904762e-01
       494        494 5.714286e-01
       495        395 2.380952e-01
       495        393 1.904762e-01
       495        495 5.714286e-01
       496        396 2.380952e-01
       496        394 1.904762e-01
       496        496 5.714286e-01
       497        397 2.380952e-01
       497        395 1.904762e-01
       497        497 5.714286e-01
       498        398 2.380952e-01
       498        396 1.904762e-01
       498        498 5.714286e-01
       499        399 2.380952e-01
       499        397 1.904762e-01
       499        499 5.714286e-01
       500        400 2.380952e-01
       500        398 1.904762e-01
       500        500 5.714286e-01
       501        401 2.380952e-01
       501        399 1.904762e-01
       501        501 5.714286e-01
       502        402 2.380952e-01
       502        400 1.904762e-01
       502        502 5.714286e-01
       503        403 2.380952e-01
       503        401 1.904762e-01
       503        503 5.714286e-01
       504        402 1.904762e-01
       504        504 8.095238e-01
       505        405 2.380952e-01
       505        505 7.619048e-01
       506        406 2.380952e-01
       506        404 4.761905e-02
       506        506 7.142857e-01
       507        407 2.380952e-01
       507        405 9.523810e-02
       507        507 6.666667e-01
       508        408 2.380952e-01
       508        406 1.428571e-01
       508        508 6.190476e-01
       509        409 2.380952e-01
       509        407 1.904762e-01
       509        509 5.714286e-01
       510        410 2.380952e-01
       510        408 2.380952e-01
       510        510 5.238095e-01
       511        411 2.380952e-01
       511        409 2.380952e-01
       511        511 5.238095e-01
       512        412 2.380952e-01
       512        410 2.380952e-01
       512        512 5.238095e-01
       513        413 2.380952e-01
       513        411 2.380952e-01
       513        513 5.238095e-01
       514        414 2.380952e-01
       514        412 2.380952e-01
       514        514 5.238095e-01
       515        415 2.380952e-01
       515        413 2.380952e-01
       515        515 5.238095e-01
       516        416 2.380952e-01
       516        414 2.380952e-01
       516        516 5.238095e-01
       517        417 2.380952e-01
       517        415 2.380952e-01
       517        517 5.238095e-01
       518        418 2.380952e-01
       518        416 2.380952e-01
       518        518 5.238095e-01
       519        419 2.380952e-01
       519        417 2.380952e-01
       519        519 5.238095e-01
       520        420 2.380952e-01
       520        418 2.380952e-01
       520        520 5.238095e-01
       521        421 2.380952e-01
       521        419 2.380952e-01
       521        521 5.238095e-01
       522        422 2.380952e-01
       522        420 2.380952e-01
       522        522 5.238095e-01
       523        423 2.380952e-01
       523        421 2.380952e-01
       523        523 5.238095e-01
       524        424 2.380952e-01
       524        422 2.380952e-01
       524        524 5.238095e-01
       525        425 2.380952e-01
       525        423 2.380952e-01
       525        525 5.238095e-01
       526        426 2.380952e-01
       526        424 2.380952e-01
       526        526 5.238095e-01
       527        427 2.380952e-01
       527        425 2.380952e-01
       527        527 5.238095e-01
       528        428 2.380952e-01
       528        426 2.380952e-01
       528        528 5.238095e-01
       529        429 2.380952e-01
       529        427 2.380952e-01
       529        529 5.238095e-01
       530        430 2.380952e-01
       530        428 2.380952e-01
       530        530 5.238095e-01
       531        431 2.380952e-01
       531        429 2.380952e-01
       531        531 5.238095e-01
       532        432 2.380952e-01
       532        430 2.380952e-01
       532        532 5.238095e-01
       533        433 2.380952e-01
       533        431 2.380952e-01
       533        533 5.238095e-01
       534        434 2.380952e-01
       534        432 2.380952e-01
       534        534 5.238095e-01
       535        435 2.380952e-01
       535        433 2.380952e-01
       535        535 5.238095e-01
       536        436 2.380952e-01
       536        434 2.380952e-01
       536        536 5.238095e-01
       537        437 2.380952e-01
       537        435 2.380952e-01
       537        537 5.238095e-01
       538        438 2.380952e-01
       538        436 2.380952e-01
       538        538 5.238095e-01
       539        439 2.380952e-01
       539        437 2.380952e-01
       539        539 5.238095e-01
       540        440 2.380952e-01
       540        438 2.380952e-01
       540        540 5.238095e-01
       541        441 2.380952e-01
       541        439 2.380952e-01
       541        541 5.238095e-01
       542        442 2.380952e-01
       542        440 2.380952e-01
       542        542 5.238095e-01
       543        443 2.380952e-01
       543        441 2.380952e-01
       543        543 5.238095e-01
       544        444 2.380952e-01
       544        442 2.380952e-01
       544        544 5.238095e-01
       545        445 2.380952e-01
       545        443 2.380952e-01
       545        545 5.238095e-01
       546        446 2.380952e-01
       546        444 2.380952e-01
       546        546 5.238095e-01
       547        447 2.380952e-01
       547        445 2.380952e-01
       547        547 5.238095e-01
       548        448 2.380952e-01
       548        446 2.380952e-01
       548        548 5.238095e-01
       549        449 2.380952e-01
       549        447 2.380952e-01
       549        549 5.238095e-01
       550        450 2.380952e-01
       550        448 2.380952e-01
       550        550 5.238095e-01
       551        451 2.380952e-01
       551        449 2.380952e-01
       551        551 5.238095e-01
       552        452 2.380952e-01
       552        450 2.380952e-01
       552        552 5.238095e-01
       553        453 2.380952e-01
       553        451 2.380952e-01
       553        553 5.238095e-01
       554        454 2.380952e-01
       554        452 2.380952e-01
       554        554 5.238095e-01
       555        455 2.380952e-01
       555        453 2.380952e-01
       555        555 5.238095e-01
       556        456 2.380952e-01
       556        454 2.380952e-01
       556        556 5.238095e-01
       557        457 2.380952e-01
       557        455 2.380952e-01
       557        557 5.238095e-01
       558        458 2.380952e-01
       558        456 2.380952e-01
       558        558 5.238095e-01
       559        459 2.380952e-01
       559        457 2.380952e-01
       559        559 5.238095e-01
       560        460 2.380952e-01
       560        458 2.380952e-01
       560        560 5.238095e-01
       561        461 2.380952e-01
       561        459 2.380952e-01
       561        561 5.238095e-01
       562        462 2.380952e-01
       562        460 2.380952e-01
       562        562 5.238095e-01
       563        463 2.380952e-01
       563        461 2.380952e-01
       563        563 5.238095e-01
       564        464 2.380952e-01
       564        462 2.380952e-01
       564        564 5.238095e-01
       565        465 2.380952e-01
       565        463 2.380952e-01
       565        565 5.238095e-01
       566        466 2.380952e-01
       566        464 2.380952e-01
       566        566 5.238095e-01
       567        467 2.380952e-01
       567        465 2.380952e-01
       567        567 5.238095e-01
       568        468 2.380952e-01
       568        466 2.380952e-01
       568        568 5.238095e-01
       569        469 2.380952e-01
       569        467 2.380952e-01
       569        569 5.238095e-01
       570        470 2.380952e-01
       570        468 2.380952e-01
       570        570 5.238095e-01
       571        471 2.380952e-01
       571        469 2.380952e-01
       571        571 5.238095e-01
       572        472 2.380952e-01
       572        470 2.380952e-01
       572        572 5.238095e-01
       573        473 2.380952e-01
       573        471 2.380952e-01
       573        573 5.238095e-01
       574        474 2.380952e-01
       574        472 2.380952e-01
       574        574 5.238095e-01
       575        475 2.380952e-01
       575        473 2.380952e-01
       575        575 5.238095e-01
       576        476 2.380952e-01
       576        474 2.380952e-01
       576        576 5.238095e-01
       577        477 2.380952e-01
       577        475 2.380952e-01
       577        577 5.238095e-01
       578        478 2.380952e-01
       578        476 2.380952e-01
       578        578 5.238095e-01
       579        479 2.380952e-01
       579        477 2.380952e-01
       579        579 5.238095e-01
       580        480 2.380952e-01
       580        478 2.380952e-01
       580        580 5.238095e-01
       581        481 2.380952e-01
       581        479 2.380952e-01
       581        581 5.238095e-01
       582        482 2.380952e-01
       582        480 2.380952e-01
       582        582 5.238095e-01
       583        483 2.380952e-01
       583        481 2.380952e-01
       583        583 5.238095e-01
       584        484 2.380952e-01
       584        482 2.380952e-01
       584        584 5.238095e-01
       585        485 2.380952e-01
       585        483 2.380952e-01
       585        585 5.238095e-01
       586        486 2.380952e-01
       586        484 2.380952e-01
       586        586 5.238095e-01
       587        487 2.380952e-01
       587        485 2.380952e-01
       587        587 5.238095e-01
       588        488 2.380952e-01
       588        486 2.380952e-01
       588        588 5.238095e-01
       589        489 2.380952e-01
       589        487 2.380952e-01
       589        589 5.238095e-01
       590        490 2.380952e-01
       590        488 2.380952e-01
       590        590 5.238095e-01
       591        491 2.380952e-01
       591        489 2.380952e-01
       591        591 5.238095e-01
       592        492 2.380952e-01
       592        490 2.380952e-01
       592        592 5.238095e-01
       593        493 2.380952e-01
       593        491 2.380952e-01
       593        593 5.238095e-01
       594        494 2.380952e-01
       594        492 2.380952e-01
       594        594 5.238095e-01
       595        495 2.380952e-01
       595        493 2.380952e-01
       595        595 5.238095e-01
       596        496 2.380952e-01
       596        494 2.380952e-01
       596        596 5.238095e-01
       597        497 2.380952e-01
       597        495 2.380952e-01
       597        597 5.238095e-01
       598        498 2.380952e-01
       598        496 2.380952e-01
       598        598 5.238095e-01
       599        499 2.380952e-01
       599        497 2.380952e-01
       599        599 5.238095e-01
       600        500 2.380952e-01
       600        498 2.380952e-01
       600        600 5.238095e-01
       601        501 2.380952e-01
       601        499 2.380952e-01
       601        601 5.238095e-01
       602        502 2.380952e-01
       602        500 2.380952e-01
       602        602 5.238095e-01
       603        503 2.380952e-01
       603        501 2.380952e-01
       603        603 5.238095e-01
       604        504 2.380952e-01
       604        502 2.380952e-01
       604        604 5.238095e-01
       605        503 2.380952e-01
       605        605 7.619048e-01
       606        506 2.380952e-01
       606        606 7.619048e-01
       607        507 2.380952e-01
       607        505 4.761905e-02
       607        607 7.142857e-01
       608        508 2.380952e-01
       608        506 9.523810e-02
       608        608 6.666667e-01
       609        509 2.380952e-01
       609        507 1.428571e-01
       609        609 6.190476e-01
       610        510 2.380952e-01
       610        508 1.904762e-01
       610        610 5.714286e-01
       611        511 2.380952e-01
       611        509 2.380952e-01
       611        611 5.238095e-01
       612        512 2.380952e-01
       612        510 2.857143e-01
       612        612 4.761905e-01
       613        513 2.380952e-01
       613        511 2.857143e-01
       613        613 4.761905e-01
       614        514 2.380952e-01
       614        512 2.857143e-01
       614        614 4.761905e-01
       615        515 2.380952e-01
       615        513 2.857143e-01
       615        615 4.761905e-01
       616        516 2.380952e-01
       616        514 2.857143e-01
       616        616 4.761905e-01
       617        517 2.380952e-01
       617        515 2.857143e-01
       617        617 4.761905e-01
       618        518 2.380952e-01
       618        516 2.857143e-01
       618        618 4.761905e-01
       619        519 2.380952e-01
       619        517 2.857143e-01
       619        619 4.761905e-01
       620        520 2.380952e-01
       620        518 2.857143e-01
       620        620 4.761905e-01
       621        521 2.380952e-01
       621        519 2.857143e-01
       621        621 4.761905e-01
       622        522 2.380952e-01
       622        520 2.857143e-01
       622        622 4.761905e-01
       623        523 2.380952e-01
       623        521 2.857143e-01
       623        623 4.761905e-01
       624        524 2.380952e-01
       624        522 2.857143e-01
       624        624 4.761905e-01
       625        525 2.380952e-01
       625        523 2.857143e-01
       625        625 4.761905e-01
       626        526 2.380952e-01
       626        524 2.857143e-01
       626        626 4.761905e-01
       627        527 2.380952e-01
       627        525 2.857143e-01
       627        627 4.761905e-01
       628        528 2.380952e-01
       628        526 2.857143e-01
       628        628 4.761905e-01
       629        529 2.380952e-01
       629        527 2.857143e-01
       629        629 4.761905e-01
       630        530 2.380952e-01
       630        528 2.857143e-01
       630        630 4.761905e-01
       631        531 2.380952e-01
       631        529 2.857143e-01
       631        631 4.761905e-01
       632        532 2.380952e-01
       632        530 2.857143e-01
       632        632 4.761905e-01
       633        533 2.380952e-01
       633        531 2.857143e-01
       633        633 4.761905e-01
       634        534 2.380952e-01
       634        532 2.857143e-01
       634        634 4.761905e-01
       635        535 2.380952e-01
       635        533 2.857143e-01
       635        635 4.761905e-01
       636        536 2.380952e-01
       636        534 2.857143e-01
       636        636 4.761905e-01
       637        537 2.380952e-01
       637        535 2.857143e-01
       637        637 4.761905e-01
       638        538 2.380952e-01
       638        536 2.857143e-01
       638        638 4.761905e-01
       639        539 2.380952e-01
       639        537 2.857143e-01
       639        639 4.761905e-01
       640        540 2.380952e-01
       640        538 2.857143e-01
       640        640 4.761905e-01
       641        541 2.380952e-01
       641        539 2.857143e-01
       641        641 4.761905e-01
       642        542 2.380952e-01
       642        540 2.857143e-01
       642        642 4.761905e-01
       643        543 2.380952e-01
       643        541 2.857143e-01
       643        643 4.761905e-01
       644        544 2.380952e-01
       644        542 2.857143e-01
       644        644 4.761905e-01
       645        545 2.380952e-01
       645        543 2.857143e-01
       645        645 4.761905e-01
       646        546 2.380952e-01
       646        544 2.857143e-01
       646        646 4.761905e-01
       647        547 2.380952e-01
       647        545 2.857143e-01
       647        647 4.761905e-01
       648        548 2.380952e-01
       648        546 2.857143e-01
       648        648 4.761905e-01
       649        549 2.380952e-01
       649        547 2.857143e-01
       649        649 4.761905e-01
       650        550 2.380952e-01
       650        548 2.857143e-01
       650        650 4.761905e-01
       651        551 2.380952e-01
       651        549 2.857143e-01
       651        651 4.761905e-01
       652        552 2.380952e-01
       652        550 2.857143e-01
       652        652 4.761905e-01
       653        553 2.380952e-01
       653        551 2.857143e-01
       653        653 4.761905e-01
       654        554 2.380952e-01
       654        552 2.857143e-01
       654        654 4.761905e-01
       655        555 2.380952e-01
       655        553 2.857143e-01
       655        655 4.761905e-01
       656        556 2.380952e-01
       656        554 2.857143e-01
       656        656 4.761905e-01
       657        557 2.380952e-01
       657        555 2.857143e-01
       657        657 4.761905e-01
       658        558 2.380952e-01
       658        556 2.857143e-01
       658        658 4.761905e-01
       659        559 2.380952e-01
       659        557 2.857143e-01
       659        659 4.761905e-01
       660        560 2.380952e-01
       660        558 2.857143e-01
       660        660 4.761905e-01
       661        561 2.380952e-01
       661        559 2.857143e-01
       661        661 4.761905e-01
       662        562 2.380952e-01
       662        560 2.857143e-01
       662        662 4.761905e-01
       663        563 2.380952e-01
       663        561 2.857143e-01
       663        663 4.761905e-01
       664        564 2.380952e-01
       664        562 2.857143e-01
       664        664 4.761905e-01
       665        565 2.380952e-01
       665        563 2.857143e-01
       665        665 4.761905e-01
       666        566 2.380952e-01
       666        564 2.857143e-01
       666        666 4.761905e-01
       667        567 2.380952e-01
       667        565 2.857143e-01
       667        667 4.761905e-01
       668        568 2.380952e-01
       668        566 2.857143e-01
       668        668 4.761905e-01
       669        569 2.380952e-01
       669        567 2.857143e-01
       669        669 4.761905e-01
       670        570 2.380952e-01
       670        568 2.857143e-01
       670        670 4.761905e-01
       671        571 2.380952e-01
       671        569 2.857143e-01
       671        671 4.761905e-01
       672        572 2.380952e-01
       672        570 2.857143e-01
       672        672 4.761905e-01
       673        573 2.380952e-01
       673        571 2.857143e-01
       673        673 4.761905e-01
       674        574 2.380952e-01
       674        572 2.857143e-01
       674        674 4.761905e-01
       675        575 2.380952e-01
       675        573 2.857143e-01
       675        675 4.761905e-01
       676        576 2.380952e-01
       676        574 2.857143e-01
       676        676 4.761905e-01
       677        577 2.380952e-01
       677        575 2.857143e-01
       677        677 4.761905e-01
       678        578 2.380952e-01
       678        576 2.857143e-01
       678        678 4.761905e-01
       679        579 2.380952e-01
       679        577 2.857143e-01
       679        679 4.761905e-01
       680        580 2.380952e-01
       680        578 2.857143e-01
       680        680 4.761905e-01
       681        581 2.380952e-01
       681        579 2.857143e-01
       681        681 4.761905e-01
       682        582 2.380952e-01
       682        580 2.857143e-01
       682        682 4.761905e-01
       683        583 2.380952e-01
       683        581 2.857143e-01
       683        683 4.761905e-01
       684        584 2.380952e-01
       684        582 2.857143e-01
       684        684 4.761905e-01
       685        585 2.380952e-01
       685        583 2.857143e-01
       685        685 4.761905e-01
       686        586 2.380952e-01
       686        584 2.857143e-01
       686        686 4.761905e-01
       687        587 2.380952e-01
       687        585 2.857143e-01
       687        687 4.761905e-01
       688        588 2.380952e-01
       688        586 2.857143e-01
       688        688 4.761905e-01
       689        589 2.380952e-01
       689        587 2.857143e-01
       689        689 4.761905e-01
       690        590 2.380952e-01
       690        588 2.857143e-01
       690        690 4.761905e-01
       691        591 2.380952e-01
       691        589 2.857143e-01
       691        691 4.761905e-01
       692        592 2.380952e-01
       692        590 2.857143e-01
       692        692 4.761905e-01
       693        593 2.380952e-01
       693        591 2.857143e-01
       693        693 4.761905e-01
       694        594 2.380952e-01
       694        592 2.857143e-01
       694        694 4.761905e-01
       695        595 2.380952e-01
       695        593 2.857143e-01
       695        695 4.761905e-01
       696        596 2.380952e-01
       696        594 2.857143e-01
       696        696 4.761905e-01
       697        597 2.380952e-01
       697        595 2.857143e-01
       697        697 4.761905e-01
       698        598 2.380952e-01
       698        596 2.857143e-01
       698        698 4.761905e-01
       699        599 2.380952e-01
       699        597 2.857143e-01
       699        699 4.761905e-01
       700        600 2.380952e-01
       700        598 2.857143e-01
       700        700 4.761905e-01
       701        601 2.380952e-01
       701        599 2.857143e-01
       701        701 4.761905e-01
       702        602 2.380952e-01
       702        600 2.857143e-01
       702        702 4.761905e-01
       703        603 2.380952e-01
       703        601 2.857143e-01
       703        703 4.761905e-01
       704        604 2.380952e-01
       704        602 2.857143e-01
       704        704 4.761905e-01
       705        605 2.380952e-01
       705        603 2.857143e-01
       705        705 4.761905e-01
       706        604 2.857143e-01
       706        706 7.142857e-01
       707        607 2.380952e-01
       707        707 7.619048e-01
       708        608 2.380952e-01
       708        606 4.761905e-02
       708        708 7.142857e-01
       709        609 2.380952e-01
       709        607 9.523810e-02
       709        709 6.666667e-01
       710        610 2.380952e-01
       710        608 1.428571e-01
       710        710 6.190476e-01
       711        611 2.380952e-01
       711        609 1.904762e-01
       711        711 5.714286e-01
       712        612 2.380952e-01
       712        610 2.380952e-01
       712        712 5.238095e-01
       713        613 2.380952e-01
       713        611 2.857143e-01
       713        713 4.761905e-01
       714        614 2.380952e-01
       714        612 3.333333e-01
       714        714 4.285714e-01
       715        615 2.380952e-01
       715        613 3.333333e-01
       715        715 4.285714e-01
       716        616 2.380952e-01
       716        614 3.333333e-01
       716        716 4.285714e-01
       717        617 2.380952e-01
       717        615 3.333333e-01
       717        717 4.285714e-01
       718        618 2.380952e-01
       718        616 3.333333e-01
       718        718 4.285714e-01
       719        619 2.380952e-01
       719        617 3.333333e-01
       719        719 4.285714e-01
       720        620 2.380952e-01
       720        618 3.333333e-01
       720        720 4.285714e-01
       721        621 2.380952e-01
       721        619 3.333333e-01
       721        721 4.285714e-01
       722        622 2.380952e-01
       722        620 3.333333e-01
       722        722 4.285714e-01
       723        623 2.380952e-01
       723        621 3.333333e-01
       723        723 4.285714e-01
       724        624 2.380952e-01
       724        622 3.333333e-01
       724        724 4.285714e-01
       725        625 2.380952e-01
       725        623 3.333333e-01
       725        725 4.285714e-01
       726        626 2.380952e-01
       726        624 3.333333e-01
       726        726 4.285714e-01
       727        627 2.380952e-01
       727        625 3.333333e-01
       727        727 4.285714e-01
       728        628 2.380952e-01
       728        626 3.333333e-01
       728        728 4.285714e-01
       729        629 2.380952e-01
       729        627 3.333333e-01
       729        729 4.285714e-01
       730        630 2.380952e-01
       730        628 3.333333e-01
       730        730 4.285714e-01
       731        631 2.380952e-01
       731        629 3.333333e-01
       731        731 4.285714e-01
       732        632 2.380952e-01
       732        630 3.333333e-01
       732        732 4.285714e-01
       733        633 2.380952e-01
       733        631 3.333333e-01
       733        733 4.285714e-01
       734        634 2.380952e-01
       734        632 3.333333e-01
       734        734 4.285714e-01
       735        635 2.380952e-01
       735        633 3.333333e-01
       735        735 4.285714e-01
       736        636 2.380952e-01
       736        634 3.333333e-01
       736        736 4.285714e-01
       737        637 2.380952e-01
       737        635 3.333333e-01
       737        737 4.285714e-01
       738        638 2.380952e-01
       738        636 3.333333e-01
       738        738 4.285714e-01
       739        639 2.380952e-01
       739        637 3.333333e-01
       739        739 4.285714e-01
       740        640 2.380952e-01
       740        638 3.333333e-01
       740        740 4.285714e-01
       741        641 2.380952e-01
       741        639 3.333333e-01
       741        741 4.285714e-01
       742        642 2.380952e-01
       742        640 3.333333e-01
       742        742 4.285714e-01
       743        643 2.380952e-01
       743        641 3.333333e-01
       743        743 4.285714e-01
       744        644 2.380952e-01
       744        642 3.333333e-01
       744        744 4.285714e-01
       745        645 2.380952e-01
       745        643 3.333333e-01
       745        745 4.285714e-01
       746        646 2.380952e-01
       746        644 3.333333e-01
       746        746 4.285714e-01
       747        647 2.380952e-01
       747        645 3.333333e-01
       747        747 4.285714e-01
       748        648 2.380952e-01
       748        646 3.333333e-01
       748        748 4.285714e-01
       749        649 2.380952e-01
       749        647 3.333333e-01
       749        749 4.285714e-01
       750        650 2.380952e-01
       750        648 3.333333e-01
       750        750 4.285714e-01
       751        651 2.380952e-01
       751        649 3.333333e-01
       751        751 4.285714e-01
       752        652 2.380952e-01
       752        650 3.333333e-01
       752        752 4.285714e-01
       753        653 2.380952e-01
       753        651 3.333333e-01
       753        753 4.285714e-01
       754        654 2.380952e-01
       754        652 3.333333e-01
       754        754 4.285714e-01
       755        655 2.380952e-01
       755        653 3.333333e-01
       755        755 4.285714e-01
       756        656 2.380952e-01
       756        654 3.333333e-01
       756        756 4.285714e-01
       757        657 2.380952e-01
       757        655 3.333333e-01
       757        757 4.285714e-01
       758        658 2.380952e-01
       758        656 3.333333e-01
       758        758 4.285714e-01
       759        659 2.380952e-01
       759        657 3.333333e-01
       759        759 4.285714e-01
       760        660 2.380952e-01
       760        658 3.333333e-01
       760        760 4.285714e-01
       761        661 2.380952e-01
       761        659 3.333333e-01
       761        761 4.285714e-01
       762        662 2.380952e-01
       762        660 3.333333e-01
       762        762 4.285714e-01
       763        663 2.380952e-01
       763        661 3.333333e-01
       763        763 4.285714e-01
       764        664 2.380952e-01
       764        662 3.333333e-01
       764        764 4.285714e-01
       765        665 2.380952e-01
       765        663 3.333333e-01
       765        765 4.285714e-01
       766        666 2.380952e-01
       766        664 3.333333e-01
       766        766 4.285714e-01
       767        667 2.380952e-01
       767        665 3.333333e-01
       767        767 4.285714e-01
       768        668 2.380952e-01
       768        666 3.333333e-01
       768        768 4.285714e-01
       769        669 2.380952e-01
       769        667 3.333333e-01
       769        769 4.285714e-01
       770        670 2.380952e-01
       770        668 3.333333e-01
       770        770 4.285714e-01
       771        671 2.380952e-01
       771        669 3.333333e-01
       771        771 4.285714e-01
       772        672 2.380952e-01
       772        670 3.333333e-01
       772        772 4.285714e-01
       773        673 2.380952e-01
       773        671 3.333333e-01
       773        773 4.285714e-01
       774        674 2.380952e-01
       774        672 3.333333e-01
       774        774 4.285714e-01
       775        675 2.380952e-01
       775        673 3.333333e-01
       775        775 4.285714e-01
       776        676 2.380952e-01
       776        674 3.333333e-01
       776        776 4.285714e-01
       777        677 2.380952e-01
       777        675 3.333333e-01
       777        777 4.285714e-01
       778        678 2.380952e-01
       778        676 3.333333e-01
       778        778 4.285714e-01
       779        679 2.380952e-01
       779        677 3.333333e-01
       779        779 4.285714e-01
       780        680 2.380952e-01
       780        678 3.333333e-01
       780        780 4.285714e-01
       781        681 2.380952e-01
       781        679 3.333333e-01
       781        781 4.285714e-01
       782        682 2.380952e-01
       782        680 3.333333e-01
       782        782 4.285714e-01
       783        683 2.380952e-01
       783        681 3.333333e-01
       783        783 4.285714e-01
       784        684 2.380952e-01
       784        682 3.333333e-01
       784        784 4.285714e-01
       785        685 2.380952e-01
       785        683 3.333333e-01
       785        785 4.285714e-01
       786        686 2.380952e-01
       786        684 3.333333e-01
       786        786 4.285714e-01
       787        687 2.380952e-01
       787        685 3.333333e-01
       787        787 4.285714e-01
       788        688 2.380952e-01
       788        686 3.333333e-01
       788        788 4.285714e-01
       789        689 2.380952e-01
       789        687 3.333333e-01
       789        789 4.285714e-01
       790        690 2.380952e-01
       790        688 3.333333e-01
       790        790 4.285714e-01
       791        691 2.380952e-01
       791        689 3.333333e-01
       791        791 4.285714e-01
       792        692 2.380952e-01
       792        690 3.333333e-01
       792        792 4.285714e-01
       793        693 2.380952e-01
       793        691 3.333333e-01
       793        793 4.285714e-01
       794        694 2.380952e-01
       794        692 3.333333e-01
       794        794 4.285714e-01
       795        695 2.380952e-01
       795        693 3.333333e-01
       795        795 4.285714e-01
       796        696 2.380952e-01
       796        694 3.333333e-01
       796        796 4.285714e-01
       797        697 2.380952e-01
       797        695 3.333333e-01
       797        797 4.285714e-01
       798        698 2.380952e-01
       798        696 3.333333e-01
       798        798 4.285714e-01
       799        699 2.380952e-01
       799        697 3.333333e-01
       799        799 4.285714e-01
       800        700 2.380952e-01
       800        698 3.333333e-01
       800        800 4.285714e-01
       801        701 2.380952e-01
       801        699 3.333333e-01
       801        801 4.285714e-01
       802        702 2.380952e-01
       802        700 3.333333e-01
       802        802 4.285714e-01
       803        703 2.380952e-01
       803        701 3.333333e-01
       803        803 4.285714e-01
       804        704 2.380952e-01
       804        702 3.333333e-01
       804        804 4.285714e-01
       805        705 2.380952e-01
       805        703 3.333333e-01
       805        805 4.285714e-01
       806        706 2.380952e-01
       806        704 3.333333e-01
       806        806 4.285714e-01
       807        705 3.333333e-01
       807        807 6.666667e-01
       808        708 2.380952e-01
       808        808 7.619048e-01
       809        709 2.380952e-01
       809        707 4.761905e-02
       809        809 7.142857e-01
       810        710 2.380952e-01
       810        708 9.523810e-02
       810        810 6.666667e-01
       811        711 2.380952e-01
       811        709 1.428571e-01
       811        811 6.190476e-01
       812        712 2.380952e-01
       812        710 1.904762e-01
       812        812 5.714286e-01
       813        713 2.380952e-01
       813        711 2.380952e-01
       813        813 5.238095e-01
       814        714 2.380952e-01
       814        712 2.857143e-01
       814        814 4.761905e-01
       815        715 2.380952e-01
       815        713 3.333333e-01
       815        815 4.285714e-01
       816        716 2.380952e-01
       816        714 3.809524e-01
       816        816 3.809524e-01
       817        717 2.380952e-01
       817        715 3.809524e-01
       817        817 3.809524e-01
       818        718 2.380952e-01
       818        716 3.809524e-01
       818        818 3.809524e-01
       819        719 2.380952e-01
       819        717 3.809524e-01
       819        819 3.809524e-01
       820        720 2.380952e-01
       820        718 3.809524e-01
       820        820 3.809524e-01
       821        721 2.380952e-01
       821        719 3.809524e-01
       821        821 3.809524e-01
       822        722 2.380952e-01
       822        720 3.809524e-01
       822        822 3.809524e-01
       823        723 2.380952e-01
       823        721 3.809524e-01
       823        823 3.809524e-01
       824        724 2.380952e-01
       824        722 3.809524e-01
       824        824 3.809524e-01
       825        725 2.380952e-01
       825        723 3.809524e-01
       825        825 3.809524e-01
       826        726 2.380952e-01
       826        724 3.809524e-01
       826        826 3.809524e-01
       827        727 2.380952e-01
       827        725 3.809524e-01
       827        827 3.809524e-01
       828        728 2.380952e-01
       828        726 3.809524e-01
       828        828 3.809524e-01
       829        729 2.380952e-01
       829        727 3.809524e-01
       829        829 3.809524e-01
       830        730 2.380952e-01
       830        728 3.809524e-01
       830        830 3.809524e-01
       831        731 2.380952e-01
       831        729 3.809524e-01
       831        831 3.809524e-01
       832        732 2.380952e-01
       832        730 3.809524e-01
       832        832 3.809524e-01
       833        733 2.380952e-01
       833        731 3.809524e-01
       833        833 3.809524e-01
       834        734 2.380952e-01
       834        732 3.809524e-01
       834        834 3.809524e-01
       835        735 2.380952e-01
       835        733 3.809524e-01
       835        835 3.809524e-01
       836        736 2.380952e-01
       836        734 3.809524e-01
       836        836 3.809524e-01
       837        737 2.380952e-01
       837        735 3.809524e-01
       837        837 3.809524e-01
       838        738 2.380952e-01
       838        736 3.809524e-01
       838        838 3.809524e-01
       839        739 2.380952e-01
       839        737 3.809524e-01
       839        839 3.809524e-01
       840        740 2.380952e-01
       840        738 3.809524e-01
       840        840 3.809524e-01
       841        741 2.380952e-01
       841        739 3.809524e-01
       841        841 3.809524e-01
       842        742 2.380952e-01
       842        740 3.809524e-01
       842        842 3.809524e-01
       843        743 2.380952e-01
       843        741 3.809524e-01
       843        843 3.809524e-01
       844        744 2.380952e-01
       844        742 3.809524e-01
       844        844 3.809524e-01
       845        745 2.380952e-01
       845        743 3.809524e-01
       845        845 3.809524e-01
       846        746 2.380952e-01
       846        744 3.809524e-01
       846        846 3.809524e-01
       847        747 2.380952e-01
       847        745 3.809524e-01
       847        847 3.809524e-01
       848        748 2.380952e-01
       848        746 3.809524e-01
       848        848 3.809524e-01
       849        749 2.380952e-01
       849        747 3.809524e-01
       849        849 3.809524e-01
       850        750 2.380952e-01
       850        748 3.809524e-01
       850        850 3.809524e-01
       851        751 2.380952e-01
       851        749 3.809524e-01
       851        851 3.809524e-01
       852        752 2.380952e-01
       852        750 3.809524e-01
       852        852 3.809524e-01
       853        753 2.380952e-01
       853        751 3.809524e-01
       853        853 3.809524e-01
       854        754 2.380952e-01
       854        752 3.809524e-01
       854        854 3.809524e-01
       855        755 2.380952e-01
       855        753 3.809524e-01
       855        855 3.809524e-01
       856        756 2.380952e-01
       856        754 3.809524e-01
       856        856 3.809524e-01
       857        757 2.380952e-01
       857        755 3.809524e-01
       857        857 3.809524e-01
       858        758 2.380952e-01
       858        756 3.809524e-01
       858        858 3.809524e-01
       859        759 2.380952e-01
       859        757 3.809524e-01
       859        859 3.809524e-01
       860        760 2.380952e-01
       860        758 3.809524e-01
       860        860 3.809524e-01
       861        761 2.380952e-01
       861        759 3.809524e-01
       861        861 3.809524e-01
       862        762 2.380952e-01
       862        760 3.809524e-01
       862        862 3.809524e-01
       863        763 2.380952e-01
       863        761 3.809524e-01
       863        863 3.809524e-01
       864        764 2.380952e-01
       864        762 3.809524e-01
       864        864 3.809524e-01
       865        765 2.380952e-01
       865        763 3.809524e-01
       865        865 3.809524e-01
       866        766 2.380952e-01
       866        764 3.809524e-01
       866        866 3.809524e-01
       867        767 2.380952e-01
       867        765 3.809524e-01
       867        867 3.809524e-01
       868        768 2.380952e-01
       868        766 3.809524e-01
       868        868 3.809524e-01
       869        769 2.380952e-01
       869        767 3.809524e-01
       869        869 3.809524e-01
       870        770 2.380952e-01
       870        768 3.809524e-01
       870        870 3.809524e-01
       871        771 2.380952e-01
       871        769 3.809524e-01
       871        871 3.809524e-01
       872        772 2.380952e-01
       872        770 3.809524e-01
       872        872 3.809524e-01
       873        773 2.380952e-01
       873        771 3.809524e-01
       873        873 3.809524e-01
       874        774 2.380952e-01
       874        772 3.809524e-01
       874        874 3.809524e-01
       875        775 2.380952e-01
       875        773 3.809524e-01
       875        875 3.809524e-01
       876        776 2.380952e-01
       876        774 3.809524e-01
       876        876 3.809524e-01
       877        777 2.380952e-01
       877        775 3.809524e-01
       877        877 3.809524e-01
       878        778 2.380952e-01
       878        776 3.809524e-01
       878        878 3.809524e-01
       879        779 2.380952e-01
       879        777 3.809524e-01
       879        879 3.809524e-01
       880        780 2.380952e-01
       880        778 3.809524e-01
       880        880 3.809524e-01
       881        781 2.380952e-01
       881        779 3.809524e-01
       881        881 3.809524e-01
       882        782 2.380952e-01
       882        780 3.809524e-01
       882        882 3.809524e-01
       883        783 2.380952e-01
       883        781 3.809524e-01
       883        883 3.809524e-01
       884        784 2.380952e-01
       884        782 3.809524e-01
       884        884 3.809524e-01
       885        785 2.380952e-01
       885        783 3.809524e-01
       885        885 3.809524e-01
       886        786 2.380952e-01
       886        784 3.809524e-01
       886        886 3.809524e-01
       887        787 2.380952e-01
       887        785 3.809524e-01
       887        887 3.809524e-01
       888        788 2.380952e-01
       888        786 3.809524e-01
       888        888 3.809524e-01
       889        789 2.380952e-01
       889        787 3.809524e-01
       889        889 3.809524e-01
       890        790 2.380952e-01
       890        788 3.809524e-01
       890        890 3.809524e-01
       891        791 2.380952e-01
       891        789 3.809524e-01
       891        891 3.809524e-01
       892        792 2.380952e-01
       892        790 3.809524e-01
       892        892 3.809524e-01
       893        793 2.380952e-01
       893        791 3.809524e-01
       893        893 3.809524e-01
       894        794 2.380952e-01
       894        792 3.809524e-01
       894        894 3.809524e-01
       895        795 2.380952e-01
       895        793 3.809524e-01
       895        895 3.809524e-01
       896        796 2.380952e-01
       896        794 3.809524e-01
       896        896 3.809524e-01
       897        797 2.380952e-01
       897        795 3.809524e-01
       897        897 3.809524e-01
       898        798 2.380952e-01
       898        796 3.809524e-01
       898        898 3.809524e-01
       899        799 2.380952e-01
       899        797 3.809524e-01
       899        899 3.809524e-01
       900        800 2.380952e-01
       900        798 3.809524e-01
       900        900 3.809524e-01
       901        801 2.380952e-01
       901        799 3.809524e-01
       901        901 3.809524e-01
       902        802 2.380952e-01
       902        800 3.809524e-01
       902        902 3.809524e-01
       903        803 2.380952e-01
       903        801 3.809524e-01
       903        903 3.809524e-01
       904        804 2.380952e-01
       904        802 3.809524e-01
       904        904 3.809524e-01
       905        805 2.380952e-01
       905        803 3.809524e-01
       905        905 3.809524e-01
       906        806 2.380952e-01
       906        804 3.809524e-01
       906        906 3.809524e-01
       907        807 2.380952e-01
       907        805 3.809524e-01
       907        907 3.809524e-01
       908        806 3.809524e-01
       908        908 6.190476e-01
       909        809 2.380952e-01
       909        909 7.619048e-01
       910        810 2.380952e-01
       910        808 4.761905e-02
       910        910 7.142857e-01
       911        811 2.380952e-01
       911        809 9.523810e-02
       911        911 6.666667e-01
       912        812 2.380952e-01
       912        810 1.428571e-01
       912        912 6.190476e-01
       913        813 2.380952e-01
       913        811 1.904762e-01
       913        913 5.714286e-01
       914        814 2.380952e-01
       914        812 2.380952e-01
       914        914 5.238095e-01
       915        815 2.380952e-01
       915        813 2.857143e-01
       915        915 4.761905e-01
       916        816 2.380952e-01
       916        814 3.333333e-01
       916        916 4.285714e-01
       917        817 2.380952e-01
       917        815 3.809524e-01
       917        917 3.809524e-01
       918        818 2.380952e-01
       918        816 4.285714e-01
       918        918 3.333333e-01
       919        819 2.380952e-01
       919        817 4.285714e-01
       919        919 3.333333e-01
       920        820 2.380952e-01
       920        818 4.285714e-01
       920        920 3.333333e-01
       921        821 2.380952e-01
       921        819 4.285714e-01
       921        921 3.333333e-01
       922        822 2.380952e-01
       922        820 4.285714e-01
       922        922 3.333333e-01
       923        823 2.380952e-01
       923        821 4.285714e-01
       923        923 3.333333e-01
       924        824 2.380952e-01
       924        822 4.285714e-01
       924        924 3.333333e-01
       925        825 2.380952e-01
       925        823 4.285714e-01
       925        925 3.333333e-01
       926        826 2.380952e-01
       926        824 4.285714e-01
       926        926 3.333333e-01
       927        827 2.380952e-01
       927        825 4.285714e-01
       927        927 3.333333e-01
       928        828 2.380952e-01
       928        826 4.285714e-01
       928        928 3.333333e-01
       929        829 2.380952e-01
       929        827 4.285714e-01
       929        929 3.333333e-01
       930        830 2.380952e-01
       930        828 4.285714e-01
       930        930 3.333333e-01
       931        831 2.380952e-01
       931        829 4.285714e-01
       931        931 3.333333e-01
       932        832 2.380952e-01
       932        830 4.285714e-01
       932        932 3.333333e-01
       933        833 2.380952e-01
       933        831 4.285714e-01
       933        933 3.333333e-01
       934        834 2.380952e-01
       934        832 4.285714e-01
       934        934 3.333333e-01
       935        835 2.380952e-01
       935        833 4.285714e-01
       935        935 3.333333e-01
       936        836 2.380952e-01
       936        834 4.285714e-01
       936        936 3.333333e-01
       937        837 2.380952e-01
       937        835 4.285714e-01
       937        937 3.333333e-01
       938        838 2.380952e-01
       938        836 4.285714e-01
       938        938 3.333333e-01
       939        839 2.380952e-01
       939        837 4.285714e-01
       939        939 3.333333e-01
       940        840 2.380952e-01
       940        838 4.285714e-01
       940        940 3.333333e-01
       941        841 2.380952e-01
       941        839 4.285714e-01
       941        941 3.333333e-01
       942        842 2.380952e-01
       942        840 4.285714e-01
       942        942 3.333333e-01
       943        843 2.380952e-01
       943        841 4.285714e-01
       943        943 3.333333e-01
       944        844 2.380952e-01
       944        842 4.285714e-01
       944        944 3.333333e-01
       945        845 2.380952e-01
       945        843 4.285714e-01
       945        945 3.333333e-01
       946        846 2.380952e-01
       946        844 4.285714e-01
       946        946 3.333333e-01
       947        847 2.380952e-01
       947        845 4.285714e-01
       947        947 3.333333e-01
       948        848 2.380952e-01
       948        846 4.285714e-01
       948        948 3.333333e-01
       949        849 2.380952e-01
       949        847 4.285714e-01
       949        949 3.333333e-01
       950        850 2.380952e-01
       950        848 4.285714e-01
       950        950 3.333333e-01
       951        851 2.380952e-01
       951        849 4.285714e-01
       951        951 3.333333e-01
       952        852 2.380952e-01
       952        850 4.285714e-01
       952        952 3.333333e-01
       953        853 2.380952e-01
       953        851 4.285714e-01
       953        953 3.333333e-01
       954        854 2.380952e-01
       954        852 4.285714e-01
       954        954 3.333333e-01
       955        855 2.380952e-01
       955        853 4.285714e-01
       955        955 3.333333e-01
       956        856 2.380952e-01
       956        854 4.285714e-01
       956        956 3.333333e-01
       957        857 2.380952e-01
       957        855 4.285714e-01
       957        957 3.333333e-01
       958        858 2.380952e-01
       958        856 4.285714e-01
       958        958 3.333333e-01
       959        859 2.380952e-01
       959        857 4.285714e-01
       959        959 3.333333e-01
       960        860 2.380952e-01
       960        858 4.285714e-01
       960        960 3.333333e-01
       961        861 2.380952e-01
       961        859 4.285714e-01
       961        961 3.333333e-01
       962        862 2.380952e-01
       962        860 4.285714e-01
       962        962 3.333333e-01
       963        863 2.380952e-01
       963        861 4.285714e-01
       963        963 3.333333e-01
       964        864 2.380952e-01
       964        862 4.285714e-01
       964        964 3.333333e-01
       965        865 2.380952e-01
       965        863 4.285714e-01
       965        965 3.333333e-01
       966        866 2.380952e-01
       966        864 4.285714e-01
       966        966 3.333333e-01
       967        867 2.380952e-01
       967        865 4.285714e-01
       967        967 3.333333e-01
       968        868 2.380952e-01
       968        866 4.285714e-01
       968        968 3.333333e-01
       969        869 2.380952e-01
       969        867 4.285714e-01
       969        969 3.333333e-01
       970        870 2.380952e-01
       970        868 4.285714e-01
       970        970 3.333333e-01
       971        871 2.380952e-01
       971        869 4.285714e-01
       971        971 3.333333e-01
       972        872 2.380952e-01
       972        870 4.285714e-01
       972        972 3.333333e-01
       973        873 2.380952e-01
       973        871 4.285714e-01
       973        973 3.333333e-01
       974        874 2.380952e-01
       974        872 4.285714e-01
       974        974 3.333333e-01
       975        875 2.380952e-01
       975        873 4.285714e-01
       975        975 3.333333e-01
       976        876 2.380952e-01
       976        874 4.285714e-01
       976        976 3.333333e-01
       977        877 2.380952e-01
       977        875 4.285714e-01
       977        977 3.333333e-01
       978        878 2.380952e-01
       978        876 4.285714e-01
       978        978 3.333333e-01
       979        879 2.380952e-01
       979        877 4.285714e-01
       979        979 3.333333e-01
       980        880 2.380952e-01
       980        878 4.285714e-01
       980        980 3.333333e-01
       981        881 2.380952e-01
       981        879 4.285714e-01
       981        981 3.333333e-01
       982        882 2.380952e-01
       982        880 4.285714e-01
       982        982 3.333333e-01
       983        883 2.380952e-01
       983        881 4.285714e-01
       983        983 3.333333e-01
       984        884 2.380952e-01
       984        882 4.285714e-01
       984        984 3.333333e-01
       985        885 2.380952e-01
       985        883 4.285714e-01
       985        985 3.333333e-01
       986        886 2.380952e-01
       986        884 4.285714e-01
       986        986 3.333333e-01
       987        887 2.380952e-01
       987        885 4.285714e-01
       987        987 3.333333e-01
       988        888 2.380952e-01
       988        886 4.285714e-01
       988        988 3.333333e-01
       989        889 2.380952e-01
       989        887 4.285714e-01
       989        989 3.333333e-01
       990        890 2.380952e-01
       990        888 4.285714e-01
       990        990 3.333333e-01
       991        891 2.380952e-01
       991        889 4.285714e-01
       991        991 3.333333e-01
       992        892 2.380952e-01
       992        890 4.285714e-01
       992        992 3.333333e-01
       993        893 2.380952e-01
       993        891 4.285714e-01
       993        993 3.333333e-01
       994        894 2.380952e-01
       994        892 4.285714e-01
       994        994 3.333333e-01
       995        895 2.380952e-01
       995        893 4.285714e-01
       995        995 3.333333e-01
       996        896 2.380952e-01
       996        894 4.285714e-01
       996        996 3.333333e-01
       997        897 2.380952e-01
       997        895 4.285714e-01
       997        997 3.333333e-01
       998        898 2.380952e-01
       998        896 4.285714e-01
       998        998 3.333333e-01
       999        899 2.380952e-01
       999        897 4.285714e-01
       999        999 3.333333e-01
      1000        900 2.380952e-01
      1000        898 4.285714e-01
      1000       1000 3.333333e-01
      1001        901 2.380952e-01
      1001        899 4.285714e-01
      1001       1001 3.333333e-01
      1002        902 2.380952e-01
      1002        900 4.285714e-01
      1002       1002 3.333333e-01
      1003        903 2.380952e-01
      1003        901 4.285714e-01
      1003       1003 3.333333e-01
      1004        904 2.380952e-01
      1004        902 4.285714e-01
      1004       1004 3.333333e-01
      1005        905 2.380952e-01
      1005        903 4.285714e-01
      1005       1005 3.333333e-01
      1006        906 2.380952e-01
      1006        904 4.285714e-01
      1006       1006 3.333333e-01
      1007        907 2.380952e-01
      1007        905 4.285714e-01
      1007       1007 3.333333e-01
      1008        908 2.380952e-01
      1008        906 4.285714e-01
      1008       1008 3.333333e-01
      1009        907 4.285714e-01
      1009       1009 5.714286e-01
      1010        910 2.380952e-01
      1010       1010 7.619048e-01
      1011        911 2.380952e-01
      1011        909 4.761905e-02
      1011       1011 7.142857e-01
      1012        912 2.380952e-01
      1012        910 9.523810e-02
      1012       1012 6.666667e-01
      1013        913 2.380952e-01
      1013        911 1.428571e-01
      1013       1013 6.190476e-01
      1014        914 2.380952e-01
      1014        912 1.904762e-01
      1014       1014 5.714286e-01
      1015        915 2.380952e-01
      1015        913 2.380952e-01
      1015       1015 5.238095e-01
      1016        916 2.380952e-01
      1016        914 2.857143e-01
      1016       1016 4.761905e-01
      1017        917 2.380952e-01
      1017        915 3.333333e-01
      1017       1017 4.285714e-01
      1018        918 2.380952e-01
      1018        916 3.809524e-01
      1018       1018 3.809524e-01
      1019        919 2.380952e-01
      1019        917 4.285714e-01
      1019       1019 3.333333e-01
      1020        920 2.380952e-01
      1020        918 4.761905e-01
      1020       1020 2.857143e-01
      1021        921 2.380952e-01
      1021        919 4.761905e-01
      1021       1021 2.857143e-01
      1022        922 2.380952e-01
      1022        920 4.761905e-01
      1022       1022 2.857143e-01
      1023        923 2.380952e-01
      1023        921 4.761905e-01
      1023       1023 2.857143e-01
      1024        924 2.380952e-01
      1024        922 4.761905e-01
      1024       1024 2.857143e-01
      1025        925 2.380952e-01
      1025        923 4.761905e-01
      1025       1025 2.857143e-01
      1026        926 2.380952e-01
      1026        924 4.761905e-01
      1026       1026 2.857143e-01
      1027        927 2.380952e-01
      1027        925 4.761905e-01
      1027       1027 2.857143e-01
      1028        928 2.380952e-01
      1028        926 4.761905e-01
      1028       1028 2.857143e-01
      1029        929 2.380952e-01
      1029        927 4.761905e-01
      1029       1029 2.857143e-01
      1030        930 2.380952e-01
      1030        928 4.761905e-01
      1030       1030 2.857143e-01
      1031        931 2.380952e-01
      1031        929 4.761905e-01
      1031       1031 2.857143e-01
      1032        932 2.380952e-01
      1032        930 4.761905e-01
      1032       1032 2.857143e-01
      1033        933 2.380952e-01
      1033        931 4.761905e-01
      1033       1033 2.857143e-01
      1034        934 2.380952e-01
      1034        932 4.761905e-01
      1034       1034 2.857143e-01
      1035        935 2.380952e-01
      1035        933 4.761905e-01
      1035       1035 2.857143e-01
      1036        936 2.380952e-01
      1036        934 4.761905e-01
      1036       1036 2.857143e-01
      1037        937 2.380952e-01
      1037        935 4.761905e-01
      1037       1037 2.857143e-01
      1038        938 2.380952e-01
      1038        936 4.761905e-01
      1038       1038 2.857143e-01
      1039        939 2.380952e-01
      1039        937 4.761905e-01
      1039       1039 2.857143e-01
      1040        940 2.380952e-01
      1040        938 4.761905e-01
      1040       1040 2.857143e-01
      1041        941 2.380952e-01
      1041        939 4.761905e-01
      1041       1041 2.857143e-01
      1042        942 2.380952e-01
      1042        940 4.761905e-01
      1042       1042 2.857143e-01
      1043        943 2.380952e-01
      1043        941 4.761905e-01
      1043       1043 2.857143e-01
      1044        944 2.380952e-01
      1044        942 4.761905e-01
      1044       1044 2.857143e-01
      1045        945 2.380952e-01
      1045        943 4.761905e-01
      1045       1045 2.857143e-01
      1046        946 2.380952e-01
      1046        944 4.761905e-01
      1046       1046 2.857143e-01
      1047        947 2.380952e-01
      1047        945 4.761905e-01
      1047       1047 2.857143e-01
      1048        948 2.380952e-01
      1048        946 4.761905e-01
      1048       1048 2.857143e-01
      1049        949 2.380952e-01
      1049        947 4.761905e-01
      1049       1049 2.857143e-01
      1050        950 2.380952e-01
      1050        948 4.761905e-01
      1050       1050 2.857143e-01
      1051        951 2.380952e-01
      1051        949 4.761905e-01
      1051       1051 2.857143e-01
      1052        952 2.380952e-01
      1052        950 4.761905e-01
      1052       1052 2.857143e-01
      1053        953 2.380952e-01
      1053        951 4.761905e-01
      1053       1053 2.857143e-01
      1054        954 2.380952e-01
      1054        952 4.761905e-01
      1054       1054 2.857143e-01
      1055        955 2.380952e-01
      1055        953 4.761905e-01
      1055       1055 2.857143e-01
      1056        956 2.380952e-01
      1056        954 4.761905e-01
      1056       1056 2.857143e-01
      1057        957 2.380952e-01
      1057        955 4.761905e-01
      1057       1057 2.857143e-01
      1058        958 2.380952e-01
      1058        956 4.761905e-01
      1058       1058 2.857143e-01
      1059        959 2.380952e-01
      1059        957 4.761905e-01
      1059       1059 2.857143e-01
      1060        960 2.380952e-01
      1060        958 4.761905e-01
      1060       1060 2.857143e-01
      1061        961 2.380952e-01
      1061        959 4.761905e-01
      1061       1061 2.857143e-01
      1062        962 2.380952e-01
      1062        960 4.761905e-01
      1062       1062 2.857143e-01
      1063        963 2.380952e-01
      1063        961 4.761905e-01
      1063       1063 2.857143e-01
      1064        964 2.380952e-01
      1064        962 4.761905e-01
      1064       1064 2.857143e-01
      1065        965 2.380952e-01
      1065        963 4.761905e-01
      1065       1065 2.857143e-01
      1066        966 2.380952e-01
      1066        964 4.761905e-01
      1066       1066 2.857143e-01
      1067        967 2.380952e-01
      1067        965 4.761905e-01
      1067       1067 2.857143e-01
      1068        968 2.380952e-01
      1068        966 4.761905e-01
      1068       1068 2.857143e-01
      1069        969 2.380952e-01
      1069        967 4.761905e-01
      1069       1069 2.857143e-01
      1070        970 2.380952e-01
      1070        968 4.761905e-01
      1070       1070 2.857143e-01
      1071        971 2.380952e-01
      1071        969 4.761905e-01
      1071       1071 2.857143e-01
      1072        972 2.380952e-01
      1072        970 4.761905e-01
      1072       1072 2.857143e-01
      1073        973 2.380952e-01
      1073        971 4.761905e-01
      1073       1073 2.857143e-01
      1074        974 2.380952e-01
      1074        972 4.761905e-01
      1074       1074 2.857143e-01
      1075        975 2.380952e-01
      1075        973 4.761905e-01
      1075       1075 2.857143e-01
      1076        976 2.380952e-01
      1076        974 4.761905e-01
      1076       1076 2.857143e-01
      1077        977 2.380952e-01
      1077        975 4.761905e-01
      1077       1077 2.857143e-01
      1078        978 2.380952e-01
      1078        976 4.761905e-01
      1078       1078 2.857143e-01
      1079        979 2.380952e-01
      1079        977 4.761905e-01
      1079       1079 2.857143e-01
      1080        980 2.380952e-01
      1080        978 4.761905e-01
      1080       1080 2.857143e-01
      1081        981 2.380952e-01
      1081        979 4.761905e-01
      1081       1081 2.857143e-01
      1082        982 2.380952e-01
      1082        980 4.761905e-01
      1082       1082 2.857143e-01
      1083        983 2.380952e-01
      1083        981 4.761905e-01
      1083       1083 2.857143e-01
      1084        984 2.380952e-01
      1084        982 4.761905e-01
      1084       1084 2.857143e-01
      1085        985 2.380952e-01
      1085        983 4.761905e-01
      1085       1085 2.857143e-01
      1086        986 2.380952e-01
      1086        984 4.761905e-01
      1086       1086 2.857143e-01
      1087        987 2.380952e-01
      1087        985 4.761905e-01
      1087       1087 2.857143e-01
      1088        988 2.380952e-01
      1088        986 4.761905e-01
      1088       1088 2.857143e-01
      1089        989 2.380952e-01
      1089        987 4.761905e-01
      1089       1089 2.857143e-01
      1090        990 2.380952e-01
      1090        988 4.761905e-01
      1090       1090 2.857143e-01
      1091        991 2.380952e-01
      1091        989 4.761905e-01
      1091       1091 2.857143e-01
      1092        992 2.380952e-01
      1092        990 4.761905e-01
      1092       1092 2.857143e-01
      1093        993 2.380952e-01
      1093        991 4.761905e-01
      1093       1093 2.857143e-01
      1094        994 2.380952e-01
      1094        992 4.761905e-01
      1094       1094 2.857143e-01
      1095        995 2.380952e-01
      1095        993 4.761905e-01
      1095       1095 2.857143e-01
      1096        996 2.380952e-01
      1096        994 4.761905e-01
      1096       1096 2.857143e-01
      1097        997 2.380952e-01
      1097        995 4.761905e-01
      1097       1097 2.857143e-01
      1098        998 2.380952e-01
      1098        996 4.761905e-01
      1098       1098 2.857143e-01
      1099        999 2.380952e-01
      1099        997 4.761905e-01
      1099       1099 2.857143e-01
      1100       1000 2.380952e-01
      1100        998 4.761905e-01
      1100       1100 2.857143e-01
      1101       1001 2.380952e-01
      1101        999 4.761905e-01
      1101       1101 2.857143e-01
      1102       1002 2.380952e-01
      1102       1000 4.761905e-01
      1102       1102 2.857143e-01
      1103       1003 2.380952e-01
      1103       1001 4.761905e-01
      1103       1103 2.857143e-01
      1104       1004 2.380952e-01
      1104       1002 4.761905e-01
      1104       1104 2.857143e-01
      1105       1005 2.380952e-01
      1105       1003 4.761905e-01
      1105       1105 2.857143e-01
      1106       1006 2.380952e-01
      1106       1004 4.761905e-01
      1106       1106 2.857143e-01
      1107       1007 2.380952e-01
      1107       1005 4.761905e-01
      1107       1107 2.857143e-01
      1108       1008 2.380952e-01
      1108       1006 4.761905e-01
      1108       1108 2.857143e-01
      1109       1009 2.380952e-01
      1109       1007 4.761905e-01
      1109       1109 2.857143e-01
      1110       1008 4.761905e-01
      1110       1110 5.238095e-01
      1111       1011 2.380952e-01
      1111       1111 7.619048e-01
      1112       1012 2.380952e-01
      1112       1010 4.761905e-02
      1112       1112 7.142857e-01
      1113       1013 2.380952e-01
      1113       1011 9.523810e-02
      1113       1113 6.666667e-01
      1114       1014 2.380952e-01
      1114       1012 1.428571e-01
      1114       1114 6.190476e-01
      1115       1015 2.380952e-01
      1115       1013 1.904762e-01
      1115       1115 5.714286e-01
      1116       1016 2.380952e-01
      1116       1014 2.380952e-01
      1116       1116 5.238095e-01
      1117       1017 2.380952e-01
      1117       1015 2.857143e-01
      1117       1117 4.761905e-01
      1118       1018 2.380952e-01
      1118       1016 3.333333e-01
      1118       1118 4.285714e-01
      1119       1019 2.380952e-01
      1119       1017 3.809524e-01
      1119       1119 3.809524e-01
      1120       1020 2.380952e-01
      1120       1018 4.285714e-01
      1120       1120 3.333333e-01
      1121       1021 2.380952e-01
      1121       1019 4.761905e-01
      1121       1121 2.857143e-01
      1122       1022 2.380952e-01
      1122       1020 5.238095e-01
      1122       1122 2.380952e-01
      1123       1023 2.380952e-01
      1123       1021 5.238095e-01
      1123       1123 2.380952e-01
      1124       1024 2.380952e-01
      1124       1022 5.238095e-01
      1124       1124 2.380952e-01
      1125       1025 2.380952e-01
      1125       1023 5.238095e-01
      1125       1125 2.380952e-01
      1126       1026 2.380952e-01
      1126       1024 5.238095e-01
      1126       1126 2.380952e-01
      1127       1027 2.380952e-01
      1127       1025 5.238095e-01
      1127       1127 2.380952e-01
      1128       1028 2.380952e-01
      1128       1026 5.238095e-01
      1128       1128 2.380952e-01
      1129       1029 2.380952e-01
      1129       1027 5.238095e-01
      1129       1129 2.380952e-01
      1130       1030 2.380952e-01
      1130       1028 5.238095e-01
      1130       1130 2.380952e-01
      1131       1031 2.380952e-01
      1131       1029 5.238095e-01
      1131       1131 2.380952e-01
      1132       1032 2.380952e-01
      1132       1030 5.238095e-01
      1132       1132 2.380952e-01
      1133       1033 2.380952e-01
      1133       1031 5.238095e-01
      1133       1133 2.380952e-01
      1134       1034 2.380952e-01
      1134       1032 5.238095e-01
      1134       1134 2.380952e-01
      1135       1035 2.380952e-01
      1135       1033 5.238095e-01
      1135       1135 2.380952e-01
      1136       1036 2.380952e-01
      1136       1034 5.238095e-01
      1136       1136 2.380952e-01
      1137       1037 2.380952e-01
      1137       1035 5.238095e-01
      1137       1137 2.380952e-01
      1138       1038 2.380952e-01
      1138       1036 5.238095e-01
      1138       1138 2.380952e-01
      1139       1039 2.380952e-01
      1139       1037 5.238095e-01
      1139       1139 2.380952e-01
      1140       1040 2.380952e-01
      1140       1038 5.238095e-01
      1140       1140 2.380952e-01
      1141       1041 2.380952e-01
      1141       1039 5.238095e-01
      1141       1141 2.380952e-01
      1142       1042 2.380952e-01
      1142       1040 5.238095e-01
      1142       1142 2.380952e-01
      1143       1043 2.380952e-01
      1143       1041 5.238095e-01
      1143       1143 2.380952e-01
      1144       1044 2.380952e-01
      1144       1042 5.238095e-01
      1144       1144 2.380952e-01
      1145       1045 2.380952e-01
      1145       1043 5.238095e-01
      1145       1145 2.380952e-01
      1146       1046 2.380952e-01
      1146       1044 5.238095e-01
      1146       1146 2.380952e-01
      1147       1047 2.380952e-01
      1147       1045 5.238095e-01
      1147       1147 2.380952e-01
      1148       1048 2.380952e-01
      1148       1046 5.238095e-01
      1148       1148 2.380952e-01
      1149       1049 2.380952e-01
      1149       1047 5.238095e-01
      1149       1149 2.380952e-01
      1150       1050 2.380952e-01
      1150       1048 5.238095e-01
      1150       1150 2.380952e-01
      1151       1051 2.380952e-01
      1151       1049 5.238095e-01
      1151       1151 2.380952e-01
      1152       1052 2.380952e-01
      1152       1050 5.238095e-01
      1152       1152 2.380952e-01
      1153       1053 2.380952e-01
      1153       1051 5.238095e-01
      1153       1153 2.380952e-01
      1154       1054 2.380952e-01
      1154       1052 5.238095e-01
      1154       1154 2.380952e-01
      1155       1055 2.380952e-01
      1155       1053 5.238095e-01
      1155       1155 2.380952e-01
      1156       1056 2.380952e-01
      1156       1054 5.238095e-01
      1156       1156 2.380952e-01
      1157       1057 2.380952e-01
      1157       1055 5.238095e-01
      1157       1157 2.380952e-01
      1158       1058 2.380952e-01
      1158       1056 5.238095e-01
      1158       1158 2.380952e-01
      1159       1059 2.380952e-01
      1159       1057 5.238095e-01
      1159       1159 2.380952e-01
      1160       1060 2.380952e-01
      1160       1058 5.238095e-01
      1160       1160 2.380952e-01
      1161       1061 2.380952e-01
      1161       1059 5.238095e-01
      1161       1161 2.380952e-01
      1162       1062 2.380952e-01
      1162       1060 5.238095e-01
      1162       1162 2.380952e-01
      1163       1063 2.380952e-01
      1163       1061 5.238095e-01
      1163       1163 2.380952e-01
      1164       1064 2.380952e-01
      1164       1062 5.238095e-01
      1164       1164 2.380952e-01
      1165       1065 2.380952e-01
      1165       1063 5.238095e-01
      1165       1165 2.380952e-01
      1166       1066 2.380952e-01
      1166       1064 5.238095e-01
      1166       1166 2.380952e-01
      1167       1067 2.380952e-01
      1167       1065 5.238095e-01
      1167       1167 2.380952e-01
      1168       1068 2.380952e-01
      1168       1066 5.238095e-01
      1168       1168 2.380952e-01
      1169       1069 2.380952e-01
      1169       1067 5.238095e-01
      1169       1169 2.380952e-01
      1170       1070 2.380952e-01
      1170       1068 5.238095e-01
      1170       1170 2.380952e-01
      1171       1071 2.380952e-01
      1171       1069 5.238095e-01
      1171       1171 2.380952e-01
      1172       1072 2.380952e-01
      1172       1070 5.238095e-01
      1172       1172 2.380952e-01
      1173       1073 2.380952e-01
      1173       1071 5.238095e-01
      1173       1173 2.380952e-01
      1174       1074 2.380952e-01
      1174       1072 5.238095e-01
      1174       1174 2.380952e-01
      1175       1075 2.380952e-01
      1175       1073 5.238095e-01
      1175       1175 2.380952e-01
      1176       1076 2.380952e-01
      1176       1074 5.238095e-01
      1176       1176 2.380952e-01
      1177       1077 2.380952e-01
      1177       1075 5.238095e-01
      1177       1177 2.380952e-01
      1178       1078 2.380952e-01
      1178       1076 5.238095e-01
      1178       1178 2.380952e-01
      1179       1079 2.380952e-01
      1179       1077 5.238095e-01
      1179       1179 2.380952e-01
      1180       1080 2.380952e-01
      1180       1078 5.238095e-01
      1180       1180 2.380952e-01
      1181       1081 2.380952e-01
      1181       1079 5.238095e-01
      1181       1181 2.380952e-01
      1182       1082 2.380952e-01
      1182       1080 5.238095e-01
      1182       1182 2.380952e-01
      1183       1083 2.380952e-01
      1183       1081 5.238095e-01
      1183       1183 2.380952e-01
      1184       1084 2.380952e-01
      1184       1082 5.238095e-01
      1184       1184 2.380952e-01
      1185       1085 2.380952e-01
      1185       1083 5.238095e-01
      1185       1185 2.380952e-01
      1186       1086 2.380952e-01
      1186       1084 5.238095e-01
      1186       1186 2.380952e-01
      1187       1087 2.380952e-01
      1187       1085 5.238095e-01
      1187       1187 2.380952e-01
      1188       1088 2.380952e-01
      1188       1086 5.238095e-01
      1188       1188 2.380952e-01
      1189       1089 2.380952e-01
      1189       1087 5.238095e-01
      1189       1189 2.380952e-01
      1190       1090 2.380952e-01
      1190       1088 5.238095e-01
      1190       1190 2.380952e-01
      1191       1091 2.380952e-01
      1191       1089 5.238095e-01
      1191       1191 2.380952e-01
      1192       1092 2.380952e-01
      1192       1090 5.238095e-01
      1192       1192 2.380952e-01
      1193       1093 2.380952e-01
      1193       1091 5.238095e-01
      1193       1193 2.380952e-01
      1194       1094 2.380952e-01
      1194       1092 5.238095e-01
      1194       1194 2.380952e-01
      1195       1095 2.380952e-01
      1195       1093 5.238095e-01
      1195       1195 2.380952e-01
      1196       1096 2.380952e-01
      1196       1094 5.238095e-01
      1196       1196 2.380952e-01
      1197       1097 2.380952e-01
      1197       1095 5.238095e-01
      1197       1197 2.380952e-01
      1198       1098 2.380952e-01
      1198       1096 5.238095e-01
      1198       1198 2.380952e-01
      1199       1099 2.380952e-01
      1199       1097 5.238095e-01
      1199       1199 2.380952e-01
      1200       1100 2.380952e-01
      1200       1098 5.238095e-01
      1200       1200 2.380952e-01
      1201       1101 2.380952e-01
      1201       1099 5.238095e-01
      1201       1201 2.380952e-01
      1202       1102 2.380952e-01
      1202       1100 5.238095e-01
      1202       1202 2.380952e-01
      1203       1103 2.380952e-01
      1203       1101 5.238095e-01
      1203       1203 2.380952e-01
      1204       1104 2.380952e-01
      1204       1102 5.238095e-01
      1204       1204 2.380952e-01
      1205       1105 2.380952e-01
      1205       1103 5.238095e-01
      1205       1205 2.380952e-01
      1206       1106 2.380952e-01
      1206       1104 5.238095e-01
      1206       1206 2.380952e-01
      1207       1107 2.380952e-01
      1207       1105 5.238095e-01
      1207       1207 2.380952e-01
      1208       1108 2.380952e-01
      1208       1106 5.238095e-01
      1208       1208 2.380952e-01
      1209       1109 2.380952e-01
      1209       1107 5.238095e-01
      1209       1209 2.380952e-01
      1210       1110 2.380952e-01
      1210       1108 5.238095e-01
      1210       1210 2.380952e-01
      1211       1109 5.238095e-01
      1211       1211 4.761905e-01
      1212       1112 2.380952e-01
      1212       1212 7.619048e-01
      1213       1113 2.380952e-01
      1213       1111 4.761905e-02
      1213       1213 7.142857e-01
      1214       1114 2.380952e-01
      1214       1112 9.523810e-02
      1214       1214 6.666667e-01
      1215       1115 2.380952e-01
      1215       1113 1.428571e-01
      1215       1215 6.190476e-01
      1216       1116 2.380952e-01
      1216       1114 1.904762e-01
      1216       1216 5.714286e-01
      1217       1117 2.380952e-01
      1217       1115 2.380952e-01
      1217       1217 5.238095e-01
      1218       1118 2.380952e-01
      1218       1116 2.857143e-01
      1218       1218 4.761905e-01
      1219       1119 2.380952e-01
      1219       1117 3.333333e-01
      1219       1219 4.285714e-01
      1220       1120 2.380952e-01
      1220       1118 3.809524e-01
      1220       1220 3.809524e-01
      1221       1121 2.380952e-01
      1221       1119 4.285714e-01
      1221       1221 3.333333e-01
      1222       1122 2.380952e-01
      1222       1120 4.761905e-01
      1222       1222 2.857143e-01
      1223       1123 2.380952e-01
      1223       1121 5.238095e-01
      1223       1223 2.380952e-01
      1224       1124 2.380952e-01
      1224       1122 5.714286e-01
      1224       1224 1.904762e-01
      1225       1125 2.380952e-01
      1225       1123 5.714286e-01
      1225       1225 1.904762e-01
      1226       1126 2.380952e-01
      1226       1124 5.714286e-01
      1226       1226 1.904762e-01
      1227       1127 2.380952e-01
      1227       1125 5.714286e-01
      1227       1227 1.904762e-01
      1228       1128 2.380952e-01
      1228       1126 5.714286e-01
      1228       1228 1.904762e-01
      1229       1129 2.380952e-01
      1229       1127 5.714286e-01
      1229       1229 1.904762e-01
      1230       1130 2.380952e-01
      1230       1128 5.714286e-01
      1230       1230 1.904762e-01
      1231       1131 2.380952e-01
      1231       1129 5.714286e-01
      1231       1231 1.904762e-01
      1232       1132 2.380952e-01
      1232       1130 5.714286e-01
      1232       1232 1.904762e-01
      1233       1133 2.380952e-01
      1233       1131 5.714286e-01
      1233       1233 1.904762e-01
      1234       1134 2.380952e-01
      1234       1132 5.714286e-01
      1234       1234 1.904762e-01
      1235       1135 2.380952e-01
      1235       1133 5.714286e-01
      1235       1235 1.904762e-01
      1236       1136 2.380952e-01
      1236       1134 5.714286e-01
      1236       1236 1.904762e-01
      1237       1137 2.380952e-01
      1237       1135 5.714286e-01
      1237       1237 1.904762e-01
      1238       1138 2.380952e-01
      1238       1136 5.714286e-01
      1238       1238 1.904762e-01
      1239       1139 2.380952e-01
      1239       1137 5.714286e-01
      1239       1239 1.904762e-01
      1240       1140 2.380952e-01
      1240       1138 5.714286e-01
      1240       1240 1.904762e-01
      1241       1141 2.380952e-01
      1241       1139 5.714286e-01
      1241       1241 1.904762e-01
      1242       1142 2.380952e-01
      1242       1140 5.714286e-01
      1242       1242 1.904762e-01
      1243       1143 2.380952e-01
      1243       1141 5.714286e-01
      1243       1243 1.904762e-01
      1244       1144 2.380952e-01
      1244       1142 5.714286e-01
      1244       1244 1.904762e-01
      1245       1145 2.380952e-01
      1245       1143 5.714286e-01
      1245       1245 1.904762e-01
      1246       1146 2.380952e-01
      1246       1144 5.714286e-01
      1246       1246 1.904762e-01
      1247       1147 2.380952e-01
      1247       1145 5.714286e-01
      1247       1247 1.904762e-01
      1248       1148 2.380952e-01
      1248       1146 5.714286e-01
      1248       1248 1.904762e-01
      1249       1149 2.380952e-01
      1249       1147 5.714286e-01
      1249       1249 1.904762e-01
      1250       1150 2.380952e-01
      1250       1148 5.714286e-01
      1250       1250 1.904762e-01
      1251       1151 2.380952e-01
      1251       1149 5.714286e-01
      1251       1251 1.904762e-01
      1252       1152 2.380952e-01
      1252       1150 5.714286e-01
      1252       1252 1.904762e-01
      1253       1153 2.380952e-01
      1253       1151 5.714286e-01
      1253       1253 1.904762e-01
      1254       1154 2.380952e-01
      1254       1152 5.714286e-01
      1254       1254 1.904762e-01
      1255       1155 2.380952e-01
      1255       1153 5.714286e-01
      1255       1255 1.904762e-01
      1256       1156 2.380952e-01
      1256       1154 5.714286e-01
      1256       1256 1.904762e-01
      1257       1157 2.380952e-01
      1257       1155 5.714286e-01
      1257       1257 1.904762e-01
      1258       1158 2.380952e-01
      1258       1156 5.714286e-01
      1258       1258 1.904762e-01
      1259       1159 2.380952e-01
      1259       1157 5.714286e-01
      1259       1259 1.904762e-01
      1260       1160 2.380952e-01
      1260       1158 5.714286e-01
      1260       1260 1.904762e-01
      1261       1161 2.380952e-01
      1261       1159 5.714286e-01
      1261       1261 1.904762e-01
      1262       1162 2.380952e-01
      1262       1160 5.714286e-01
      1262       1262 1.904762e-01
      1263       1163 2.380952e-01
      1263       1161 5.714286e-01
      1263       1263 1.904762e-01
      1264       1164 2.380952e-01
      1264       1162 5.714286e-01
      1264       1264 1.904762e-01
      1265       1165 2.380952e-01
      1265       1163 5.714286e-01
      1265       1265 1.904762e-01
      1266       1166 2.380952e-01
      1266       1164 5.714286e-01
      1266       1266 1.904762e-01
      1267       1167 2.380952e-01
      1267       1165 5.714286e-01
      1267       1267 1.904762e-01
      1268       1168 2.380952e-01
      1268       1166 5.714286e-01
      1268       1268 1.904762e-01
      1269       1169 2.380952e-01
      1269       1167 5.714286e-01
      1269       1269 1.904762e-01
      1270       1170 2.380952e-01
      1270       1168 5.714286e-01
      1270       1270 1.904762e-01
      1271       1171 2.380952e-01
      1271       1169 5.714286e-01
      1271       1271 1.904762e-01
      1272       1172 2.380952e-01
      1272       1170 5.714286e-01
      1272       1272 1.904762e-01
      1273       1173 2.380952e-01
      1273       1171 5.714286e-01
      1273       1273 1.904762e-01
      1274       1174 2.380952e-01
      1274       1172 5.714286e-01
      1274       1274 1.904762e-01
      1275       1175 2.380952e-01
      1275       1173 5.714286e-01
      1275       1275 1.904762e-01
      1276       1176 2.380952e-01
      1276       1174 5.714286e-01
      1276       1276 1.904762e-01
      1277       1177 2.380952e-01
      1277       1175 5.714286e-01
      1277       1277 1.904762e-01
      1278       1178 2.380952e-01
      1278       1176 5.714286e-01
      1278       1278 1.904762e-01
      1279       1179 2.380952e-01
      1279       1177 5.714286e-01
      1279       1279 1.904762e-01
      1280       1180 2.380952e-01
      1280       1178 5.714286e-01
      1280       1280 1.904762e-01
      1281       1181 2.380952e-01
      1281       1179 5.714286e-01
      1281       1281 1.904762e-01
      1282       1182 2.380952e-01
      1282       1180 5.714286e-01
      1282       1282 1.904762e-01
      1283       1183 2.380952e-01
      1283       1181 5.714286e-01
      1283       1283 1.904762e-01
      1284       1184 2.380952e-01
      1284       1182 5.714286e-01
      1284       1284 1.904762e-01
      1285       1185 2.380952e-01
      1285       1183 5.714286e-01
      1285       1285 1.904762e-01
      1286       1186 2.380952e-01
      1286       1184 5.714286e-01
      1286       1286 1.904762e-01
      1287       1187 2.380952e-01
      1287       1185 5.714286e-01
      1287       1287 1.904762e-01
      1288       1188 2.380952e-01
      1288       1186 5.714286e-01
      1288       1288 1.904762e-01
      1289       1189 2.380952e-01
      1289       1187 5.714286e-01
      1289       1289 1.904762e-01
      1290       1190 2.380952e-01
      1290       1188 5.714286e-01
      1290       1290 1.904762e-01
      1291       1191 2.380952e-01
      1291       1189 5.714286e-01
      1291       1291 1.904762e-01
      1292       1192 2.380952e-01
      1292       1190 5.714286e-01
      1292       1292 1.904762e-01
      1293       1193 2.380952e-01
      1293       1191 5.714286e-01
      1293       1293 1.904762e-01
      1294       1194 2.380952e-01
      1294       1192 5.714286e-01
      1294       1294 1.904762e-01
      1295       1195 2.380952e-01
      1295       1193 5.714286e-01
      1295       1295 1.904762e-01
      1296       1196 2.380952e-01
      1296       1194 5.714286e-01
      1296       1296 1.904762e-01
      1297       1197 2.380952e-01
      1297       1195 5.714286e-01
      1297       1297 1.904762e-01
      1298       1198 2.380952e-01
      1298       1196 5.714286e-01
      1298       1298 1.904762e-01
      1299       1199 2.380952e-01
      1299       1197 5.714286e-01
      1299       1299 1.904762e-01
      1300       1200 2.380952e-01
      1300       1198 5.714286e-01
      1300       1300 1.904762e-01
      1301       1201 2.380952e-01
      1301       1199 5.714286e-01
      1301       1301 1.904762e-01
      1302       1202 2.380952e-01
      1302       1200 5.714286e-01
      1302       1302 1.904762e-01
      1303       1203 2.380952e-01
      1303       1201 5.714286e-01
      1303       1303 1.904762e-01
      1304       1204 2.380952e-01
      1304       1202 5.714286e-01
      1304       1304 1.904762e-01
      1305       1205 2.380952e-01
      1305       1203 5.714286e-01
      1305       1305 1.904762e-01
      1306       1206 2.380952e-01
      1306       1204 5.714286e-01
      1306       1306 1.904762e-01
      1307       1207 2.380952e-01
      1307       1205 5.714286e-01
      1307       1307 1.904762e-01
      1308       1208 2.380952e-01
      1308       1206 5.714286e-01
      1308       1308 1.904762e-01
      1309       1209 2.380952e-01
      1309       1207 5.714286e-01
      1309       1309 1.904762e-01
      1310       1210 2.380952e-01
      1310       1208 5.714286e-01
      1310       1310 1.904762e-01
      1311       1211 2.380952e-01
      1311       1209 5.714286e-01
      1311       1311 1.904762e-01
      1312       1210 5.714286e-01
      1312       1312 4.285714e-01
      1313       1213 2.380952e-01
      1313       1313 7.619048e-01
      1314       1214 2.380952e-01
      1314       1212 4.761905e-02
      1314       1314 7.142857e-01
      1315       1215 2.380952e-01
      1315       1213 9.523810e-02
      1315       1315 6.666667e-01
      1316       1216 2.380952e-01
      1316       1214 1.428571e-01
      1316       1316 6.190476e-01
      1317       1217 2.380952e-01
      1317       1215 1.904762e-01
      1317       1317 5.714286e-01
      1318       1218 2.380952e-01
      1318       1216 2.380952e-01
      1318       1318 5.238095e-01
      1319       1219 2.380952e-01
      1319       1217 2.857143e-01
      1319       1319 4.761905e-01
      1320       1220 2.380952e-01
      1320       1218 3.333333e-01
      1320       1320 4.285714e-01
      1321       1221 2.380952e-01
      1321       1219 3.809524e-01
      1321       1321 3.809524e-01
      1322       1222 2.380952e-01
      1322       1220 4.285714e-01
      1322       1322 3.333333e-01
      1323       1223 2.380952e-01
      1323       1221 4.761905e-01
      1323       1323 2.857143e-01
      1324       1224 2.380952e-01
      1324       1222 5.238095e-01
      1324       1324 2.380952e-01
      1325       1225 2.380952e-01
      1325       1223 5.714286e-01
      1325       1325 1.904762e-01
      1326       1226 2.380952e-01
      1326       1224 6.190476e-01
      1326       1326 1.428571e-01
      1327       1227 2.380952e-01
      1327       1225 6.190476e-01
      1327       1327 1.428571e-01
      1328       1228 2.380952e-01
      1328       1226 6.190476e-01
      1328       1328 1.428571e-01
      1329       1229 2.380952e-01
      1329       1227 6.190476e-01
      1329       1329 1.428571e-01
      1330       1230 2.380952e-01
      1330       1228 6.190476e-01
      1330       1330 1.428571e-01
      1331       1231 2.380952e-01
      1331       1229 6.190476e-01
      1331       1331 1.428571e-01
      1332       1232 2.380952e-01
      1332       1230 6.190476e-01
      1332       1332 1.428571e-01
      1333       1233 2.380952e-01
      1333       1231 6.190476e-01
      1333       1333 1.428571e-01
      1334       1234 2.380952e-01
      1334       1232 6.190476e-01
      1334       1334 1.428571e-01
      1335       1235 2.380952e-01
      1335       1233 6.190476e-01
      1335       1335 1.428571e-01
      1336       1236 2.380952e-01
      1336       1234 6.190476e-01
      1336       1336 1.428571e-01
      1337       1237 2.380952e-01
      1337       1235 6.190476e-01
      1337       1337 1.428571e-01
      1338       1238 2.380952e-01
      1338       1236 6.190476e-01
      1338       1338 1.428571e-01
      1339       1239 2.380952e-01
      1339       1237 6.190476e-01
      1339       1339 1.428571e-01
      1340       1240 2.380952e-01
      1340       1238 6.190476e-01
      1340       1340 1.428571e-01
      1341       1241 2.380952e-01
      1341       1239 6.190476e-01
      1341       1341 1.428571e-01
      1342       1242 2.380952e-01
      1342       1240 6.190476e-01
      1342       1342 1.428571e-01
      1343       1243 2.380952e-01
      1343       1241 6.190476e-01
      1343       1343 1.428571e-01
      1344       1244 2.380952e-01
      1344       1242 6.190476e-01
      1344       1344 1.428571e-01
      1345       1245 2.380952e-01
      1345       1243 6.190476e-01
      1345       1345 1.428571e-01
      1346       1246 2.380952e-01
      1346       1244 6.190476e-01
      1346       1346 1.428571e-01
      1347       1247 2.380952e-01
      1347       1245 6.190476e-01
      1347       1347 1.428571e-01
      1348       1248 2.380952e-01
      1348       1246 6.190476e-01
      1348       1348 1.428571e-01
      1349       1249 2.380952e-01
      1349       1247 6.190476e-01
      1349       1349 1.428571e-01
      1350       1250 2.380952e-01
      1350       1248 6.190476e-01
      1350       1350 1.428571e-01
      1351       1251 2.380952e-01
      1351       1249 6.190476e-01
      1351       1351 1.428571e-01
      1352       1252 2.380952e-01
      1352       1250 6.190476e-01
      1352       1352 1.428571e-01
      1353       1253 2.380952e-01
      1353       1251 6.190476e-01
      1353       1353 1.428571e-01
      1354       1254 2.380952e-01
      1354       1252 6.190476e-01
      1354       1354 1.428571e-01
      1355       1255 2.380952e-01
      1355       1253 6.190476e-01
      1355       1355 1.428571e-01
      1356       1256 2.380952e-01
      1356       1254 6.190476e-01
      1356       1356 1.428571e-01
      1357       1257 2.380952e-01
      1357       1255 6.190476e-01
      1357       1357 1.428571e-01
      1358       1258 2.380952e-01
      1358       1256 6.190476e-01
      1358       1358 1.428571e-01
      1359       1259 2.380952e-01
      1359       1257 6.190476e-01
      1359       1359 1.428571e-01
      1360       1260 2.380952e-01
      1360       1258 6.190476e-01
      1360       1360 1.428571e-01
      1361       1261 2.380952e-01
      1361       1259 6.190476e-01
      1361       1361 1.428571e-01
      1362       1262 2.380952e-01
      1362       1260 6.190476e-01
      1362       1362 1.428571e-01
      1363       1263 2.380952e-01
      1363       1261 6.190476e-01
      1363       1363 1.428571e-01
      1364       1264 2.380952e-01
      1364       1262 6.190476e-01
      1364       1364 1.428571e-01
      1365       1265 2.380952e-01
      1365       1263 6.190476e-01
      1365       1365 1.428571e-01
      1366       1266 2.380952e-01
      1366       1264 6.190476e-01
      1366       1366 1.428571e-01
      1367       1267 2.380952e-01
      1367       1265 6.190476e-01
      1367       1367 1.428571e-01
      1368       1268 2.380952e-01
      1368       1266 6.190476e-01
      1368       1368 1.428571e-01
      1369       1269 2.380952e-01
      1369       1267 6.190476e-01
      1369       1369 1.428571e-01
      1370       1270 2.380952e-01
      1370       1268 6.190476e-01
      1370       1370 1.428571e-01
      1371       1271 2.380952e-01
      1371       1269 6.190476e-01
      1371       1371 1.428571e-01
      1372       1272 2.380952e-01
      1372       1270 6.190476e-01
      1372       1372 1.428571e-01
      1373       1273 2.380952e-01
      1373       1271 6.190476e-01
      1373       1373 1.428571e-01
      1374       1274 2.380952e-01
      1374       1272 6.190476e-01
      1374       1374 1.428571e-01
      1375       1275 2.380952e-01
      1375       1273 6.190476e-01
      1375       1375 1.428571e-01
      1376       1276 2.380952e-01
      1376       1274 6.190476e-01
      1376       1376 1.428571e-01
      1377       1277 2.380952e-01
      1377       1275 6.190476e-01
      1377       1377 1.428571e-01
      1378       1278 2.380952e-01
      1378       1276 6.190476e-01
      1378       1378 1.428571e-01
      1379       1279 2.380952e-01
      1379       1277 6.190476e-01
      1379       1379 1.428571e-01
      1380       1280 2.380952e-01
      1380       1278 6.190476e-01
      1380       1380 1.428571e-01
      1381       1281 2.380952e-01
      1381       1279 6.190476e-01
      1381       1381 1.428571e-01
      1382       1282 2.380952e-01
      1382       1280 6.190476e-01
      1382       1382 1.428571e-01
      1383       1283 2.380952e-01
      1383       1281 6.190476e-01
      1383       1383 1.428571e-01
      1384       1284 2.380952e-01
      1384       1282 6.190476e-01
      1384       1384 1.428571e-01
      1385       1285 2.380952e-01
      1385       1283 6.190476e-01
      1385       1385 1.428571e-01
      1386       1286 2.380952e-01
      1386       1284 6.190476e-01
      1386       1386 1.428571e-01
      1387       1287 2.380952e-01
      1387       1285 6.190476e-01
      1387       1387 1.428571e-01
      1388       1288 2.380952e-01
      1388       1286 6.190476e-01
      1388       1388 1.428571e-01
      1389       1289 2.380952e-01
      1389       1287 6.190476e-01
      1389       1389 1.428571e-01
      1390       1290 2.380952e-01
      1390       1288 6.190476e-01
      1390       1390 1.428571e-01
      1391       1291 2.380952e-01
      1391       1289 6.190476e-01
      1391       1391 1.428571e-01
      1392       1292 2.380952e-01
      1392       1290 6.190476e-01
      1392       1392 1.428571e-01
      1393       1293 2.380952e-01
      1393       1291 6.190476e-01
      1393       1393 1.428571e-01
      1394       1294 2.380952e-01
      1394       1292 6.190476e-01
      1394       1394 1.428571e-01
      1395       1295 2.380952e-01
      1395       1293 6.190476e-01
      1395       1395 1.428571e-01
      1396       1296 2.380952e-01
      1396       1294 6.190476e-01
      1396       1396 1.428571e-01
      1397       1297 2.380952e-01
      1397       1295 6.190476e-01
      1397       1397 1.428571e-01
      1398       1298 2.380952e-01
      1398       1296 6.190476e-01
      1398       1398 1.428571e-01
      1399       1299 2.380952e-01
      1399       1297 6.190476e-01
      1399       1399 1.428571e-01
      1400       1300 2.380952e-01
      1400       1298 6.190476e-01
      1400       1400 1.428571e-01
      1401       1301 2.380952e-01
      1401       1299 6.190476e-01
      1401       1401 1.428571e-01
      1402       1302 2.380952e-01
      1402       1300 6.190476e-01
      1402       1402 1.428571e-01
      1403       1303 2.380952e-01
      1403       1301 6.190476e-01
      1403       1403 1.428571e-01
      1404       1304 2.380952e-01
      1404       1302 6.190476e-01
      1404       1404 1.428571e-01
      1405       1305 2.380952e-01
      1405       1303 6.190476e-01
      1405       1405 1.428571e-01
      1406       1306 2.380952e-01
      1406       1304 6.190476e-01
      1406       1406 1.428571e-01
      1407       1307 2.380952e-01
      1407       1305 6.190476e-01
      1407       1407 1.428571e-01
      1408       1308 2.380952e-01
      1408       1306 6.190476e-01
      1408       1408 1.428571e-01
      1409       1309 2.380952e-01
      1409       1307 6.190476e-01
      1409       1409 1.428571e-01
      1410       1310 2.380952e-01
      1410       1308 6.190476e-01
      1410       1410 1.428571e-01
      1411       1311 2.380952e-01
      1411       1309 6.190476e-01
      1411       1411 1.428571e-01
      1412       1312 2.380952e-01
      1412       1310 6.190476e-01
      1412       1412 1.428571e-01
      1413       1311 6.190476e-01
      1413       1413 3.809524e-01
      1414       1314 2.380952e-01
      1414       1414 7.619048e-01
      1415       1315 2.380952e-01
      1415       1313 4.761905e-02
      1415       1415 7.142857e-01
      1416       1316 2.380952e-01
      1416       1314 9.523810e-02
      1416       1416 6.666667e-01
      1417       1317 2.380952e-01
      1417       1315 1.428571e-01
      1417       1417 6.190476e-01
      1418       1318 2.380952e-01
      1418       1316 1.904762e-01
      1418       1418 5.714286e-01
      1419       1319 2.380952e-01
      1419       1317 2.380952e-01
      1419       1419 5.238095e-01
      1420       1320 2.380952e-01
      1420       1318 2.857143e-01
      1420       1420 4.761905e-01
      1421       1321 2.380952e-01
      1421       1319 3.333333e-01
      1421       1421 4.285714e-01
      1422       1322 2.380952e-01
      1422       1320 3.809524e-01
      1422       1422 3.809524e-01
      1423       1323 2.380952e-01
      1423       1321 4.285714e-01
      1423       1423 3.333333e-01
      1424       1324 2.380952e-01
      1424       1322 4.761905e-01
      1424       1424 2.857143e-01
      1425       1325 2.380952e-01
      1425       1323 5.238095e-01
      1425       1425 2.380952e-01
      1426       1326 2.380952e-01
      1426       1324 5.714286e-01
      1426       1426 1.904762e-01
      1427       1327 2.380952e-01
      1427       1325 6.190476e-01
      1427       1427 1.428571e-01
      1428       1328 2.380952e-01
      1428       1326 6.666667e-01
      1428       1428 9.523810e-02
      1429       1329 2.380952e-01
      1429       1327 6.666667e-01
      1429       1429 9.523810e-02
      1430       1330 2.380952e-01
      1430       1328 6.666667e-01
      1430       1430 9.523810e-02
      1431       1331 2.380952e-01
      1431       1329 6.666667e-01
      1431       1431 9.523810e-02
      1432       1332 2.380952e-01
      1432       1330 6.666667e-01
      1432       1432 9.523810e-02
      1433       1333 2.380952e-01
      1433       1331 6.666667e-01
      1433       1433 9.523810e-02
      1434       1334 2.380952e-01
      1434       1332 6.666667e-01
      1434       1434 9.523810e-02
      1435       1335 2.380952e-01
      1435       1333 6.666667e-01
      1435       1435 9.523810e-02
      1436       1336 2.380952e-01
      1436       1334 6.666667e-01
      1436       1436 9.523810e-02
      1437       1337 2.380952e-01
      1437       1335 6.666667e-01
      1437       1437 9.523810e-02
      1438       1338 2.380952e-01
      1438       1336 6.666667e-01
      1438       1438 9.523810e-02
      1439       1339 2.380952e-01
      1439       1337 6.666667e-01
      1439       1439 9.523810e-02
      1440       1340 2.380952e-01
      1440       1338 6.666667e-01
      1440       1440 9.523810e-02
      1441       1341 2.380952e-01
      1441       1339 6.666667e-01
      1441       1441 9.523810e-02
      1442       1342 2.380952e-01
      1442       1340 6.666667e-01
      1442       1442 9.523810e-02
      1443       1343 2.380952e-01
      1443       1341 6.666667e-01
      1443       1443 9.523810e-02
      1444       1344 2.380952e-01
      1444       1342 6.666667e-01
      1444       1444 9.523810e-02
      1445       1345 2.380952e-01
      1445       1343 6.666667e-01
      1445       1445 9.523810e-02
      1446       1346 2.380952e-01
      1446       1344 6.666667e-01
      1446       1446 9.523810e-02
      1447       1347 2.380952e-01
      1447       1345 6.666667e-01
      1447       1447 9.523810e-02
      1448       1348 2.380952e-01
      1448       1346 6.666667e-01
      1448       1448 9.523810e-02
      1449       1349 2.380952e-01
      1449       1347 6.666667e-01
      1449       1449 9.523810e-02
      1450       1350 2.380952e-01
      1450       1348 6.666667e-01
      1450       1450 9.523810e-02
      1451       1351 2.380952e-01
      1451       1349 6.666667e-01
      1451       1451 9.523810e-02
      1452       1352 2.380952e-01
      1452       1350 6.666667e-01
      1452       1452 9.523810e-02
      1453       1353 2.380952e-01
      1453       1351 6.666667e-01
      1453       1453 9.523810e-02
      1454       1354 2.380952e-01
      1454       1352 6.666667e-01
      1454       1454 9.523810e-02
      1455       1355 2.380952e-01
      1455       1353 6.666667e-01
      1455       1455 9.523810e-02
      1456       1356 2.380952e-01
      1456       1354 6.666667e-01
      1456       1456 9.523810e-02
      1457       1357 2.380952e-01
      1457       1355 6.666667e-01
      1457       1457 9.523810e-02
      1458       1358 2.380952e-01
      1458       1356 6.666667e-01
      1458       1458 9.523810e-02
      1459       1359 2.380952e-01
      1459       1357 6.666667e-01
      1459       1459 9.523810e-02
      1460       1360 2.380952e-01
      1460       1358 6.666667e-01
      1460       1460 9.523810e-02
      1461       1361 2.380952e-01
      1461       1359 6.666667e-01
      1461       1461 9.523810e-02
      1462       1362 2.380952e-01
      1462       1360 6.666667e-01
      1462       1462 9.523810e-02
      1463       1363 2.380952e-01
      1463       1361 6.666667e-01
      1463       1463 9.523810e-02
      1464       1364 2.380952e-01
      1464       1362 6.666667e-01
      1464       1464 9.523810e-02
      1465       1365 2.380952e-01
      1465       1363 6.666667e-01
      1465       1465 9.523810e-02
      1466       1366 2.380952e-01
      1466       1364 6.666667e-01
      1466       1466 9.523810e-02
      1467       1367 2.380952e-01
      1467       1365 6.666667e-01
      1467       1467 9.523810e-02
      1468       1368 2.380952e-01
      1468       1366 6.666667e-01
      1468       1468 9.523810e-02
      1469       1369 2.380952e-01
      1469       1367 6.666667e-01
      1469       1469 9.523810e-02
      1470       1370 2.380952e-01
      1470       1368 6.666667e-01
      1470       1470 9.523810e-02
      1471       1371 2.380952e-01
      1471       1369 6.666667e-01
      1471       1471 9.523810e-02
      1472       1372 2.380952e-01
      1472       1370 6.666667e-01
      1472       1472 9.523810e-02
      1473       1373 2.380952e-01
      1473       1371 6.666667e-01
      1473       1473 9.523810e-02
      1474       1374 2.380952e-01
      1474       1372 6.666667e-01
      1474       1474 9.523810e-02
      1475       1375 2.380952e-01
      1475       1373 6.666667e-01
      1475       1475 9.523810e-02
      1476       1376 2.380952e-01
      1476       1374 6.666667e-01
      1476       1476 9.523810e-02
      1477       1377 2.380952e-01
      1477       1375 6.666667e-01
      1477       1477 9.523810e-02
      1478       1378 2.380952e-01
      1478       1376 6.666667e-01
      1478       1478 9.523810e-02
      1479       1379 2.380952e-01
      1479       1377 6.666667e-01
      1479       1479 9.523810e-02
      1480       1380 2.380952e-01
      1480       1378 6.666667e-01
      1480       1480 9.523810e-02
      1481       1381 2.380952e-01
      1481       1379 6.666667e-01
      1481       1481 9.523810e-02
      1482       1382 2.380952e-01
      1482       1380 6.666667e-01
      1482       1482 9.523810e-02
      1483       1383 2.380952e-01
      1483       1381 6.666667e-01
      1483       1483 9.523810e-02
      1484       1384 2.380952e-01
      1484       1382 6.666667e-01
      1484       1484 9.523810e-02
      1485       1385 2.380952e-01
      1485       1383 6.666667e-01
      1485       1485 9.523810e-02
      1486       1386 2.380952e-01
      1486       1384 6.666667e-01
      1486       1486 9.523810e-02
      1487       1387 2.380952e-01
      1487       1385 6.666667e-01
      1487       1487 9.523810e-02
      1488       1388 2.380952e-01
      1488       1386 6.666667e-01
      1488       1488 9.523810e-02
      1489       1389 2.380952e-01
      1489       1387 6.666667e-01
      1489       1489 9.523810e-02
      1490       1390 2.380952e-01
      1490       1388 6.666667e-01
      1490       1490 9.523810e-02
      1491       1391 2.380952e-01
      1491       1389 6.666667e-01
      1491       1491 9.523810e-02
      1492       1392 2.380952e-01
      1492       1390 6.666667e-01
      1492       1492 9.523810e-02
      1493       1393 2.380952e-01
      1493       1391 6.666667e-01
      1493       1493 9.523810e-02
      1494       1394 2.380952e-01
      1494       1392 6.666667e-01
      1494       1494 9.523810e-02
      1495       1395 2.380952e-01
      1495       1393 6.666667e-01
      1495       1495 9.523810e-02
      1496       1396 2.380952e-01
      1496       1394 6.666667e-01
      1496       1496 9.523810e-02
      1497       1397 2.380952e-01
      1497       1395 6.666667e-01
      1497       1497 9.523810e-02
      1498       1398 2.380952e-01
      1498       1396 6.666667e-01
      1498       1498 9.523810e-02
      1499       1399 2.380952e-01
      1499       1397 6.666667e-01
      1499       1499 9.523810e-02
      1500       1400 2.380952e-01
      1500       1398 6.666667e-01
      1500       1500 9.523810e-02
      1501       1401 2.380952e-01
      1501       1399 6.666667e-01
      1501       1501 9.523810e-02
      1502       1402 2.380952e-01
      1502       1400 6.666667e-01
      1502       1502 9.523810e-02
      1503       1403 2.380952e-01
      1503       1401 6.666667e-01
      1503       1503 9.523810e-02
      1504       1404 2.380952e-01
      1504       1402 6.666667e-01
      1504       1504 9.523810e-02
      1505       1405 2.380952e-01
      1505       1403 6.666667e-01
      1505       1505 9.523810e-02
      1506       1406 2.380952e-01
      1506       1404 6.666667e-01
      1506       1506 9.523810e-02
      1507       1407 2.380952e-01
      1507       1405 6.666667e-01
      1507       1507 9.523810e-02
      1508       1408 2.380952e-01
      1508       1406 6.666667e-01
      1508       1508 9.523810e-02
      1509       1409 2.380952e-01
      1509       1407 6.666667e-01
      1509       1509 9.523810e-02
      1510       1410 2.380952e-01
      1510       1408 6.666667e-01
      1510       1510 9.523810e-02
      1511       1411 2.380952e-01
      1511       1409 6.666667e-01
      1511       1511 9.523810e-02
      1512       1412 2.380952e-01
      1512       1410 6.666667e-01
      1512       1512 9.523810e-02
      1513       1413 2.380952e-01
      1513       1411 6.666667e-01
      1513       1513 9.523810e-02
      1514       1412 6.666667e-01
      1514       1514 3.333333e-01
      1515       1415 2.380952e-01
      1515       1515 7.619048e-01
      1516       1416 2.380952e-01
      1516       1414 4.761905e-02
      1516       1516 7.142857e-01
      1517       1417 2.380952e-01
      1517       1415 9.523810e-02
      1517       1517 6.666667e-01
      1518       1418 2.380952e-01
      1518       1416 1.428571e-01
      1518       1518 6.190476e-01
      1519       1419 2.380952e-01
      1519       1417 1.904762e-01
      1519       1519 5.714286e-01
      1520       1420 2.380952e-01
      1520       1418 2.380952e-01
      1520       1520 5.238095e-01
      1521       1421 2.380952e-01
      1521       1419 2.857143e-01
      1521       1521 4.761905e-01
      1522       1422 2.380952e-01
      1522       1420 3.333333e-01
      1522       1522 4.285714e-01
      1523       1423 2.380952e-01
      1523       1421 3.809524e-01
      1523       1523 3.809524e-01
      1524       1424 2.380952e-01
      1524       1422 4.285714e-01
      1524       1524 3.333333e-01
      1525       1425 2.380952e-01
      1525       1423 4.761905e-01
      1525       1525 2.857143e-01
      1526       1426 2.380952e-01
      1526       1424 5.238095e-01
      1526       1526 2.380952e-01
      1527       1427 2.380952e-01
      1527       1425 5.714286e-01
      1527       1527 1.904762e-01
      1528       1428 2.380952e-01
      1528       1426 6.190476e-01
      1528       1528 1.428571e-01
      1529       1429 2.380952e-01
      1529       1427 6.666667e-01
      1529       1529 9.523810e-02
      1530       1430 2.380952e-01
      1530       1428 7.142857e-01
      1530       1530 4.761905e-02
      1531       1431 2.380952e-01
      1531       1429 7.142857e-01
      1531       1531 4.761905e-02
      1532       1432 2.380952e-01
      1532       1430 7.142857e-01
      1532       1532 4.761905e-02
      1533       1433 2.380952e-01
      1533       1431 7.142857e-01
      1533       1533 4.761905e-02
      1534       1434 2.380952e-01
      1534       1432 7.142857e-01
      1534       1534 4.761905e-02
      1535       1435 2.380952e-01
      1535       1433 7.142857e-01
      1535       1535 4.761905e-02
      1536       1436 2.380952e-01
      1536       1434 7.142857e-01
      1536       1536 4.761905e-02
      1537       1437 2.380952e-01
      1537       1435 7.142857e-01
      1537       1537 4.761905e-02
      1538       1438 2.380952e-01
      1538       1436 7.142857e-01
      1538       1538 4.761905e-02
      1539       1439 2.380952e-01
      1539       1437 7.142857e-01
      1539       1539 4.761905e-02
      1540       1440 2.380952e-01
      1540       1438 7.142857e-01
      1540       1540 4.761905e-02
      1541       1441 2.380952e-01
      1541       1439 7.142857e-01
      1541       1541 4.761905e-02
      1542       1442 2.380952e-01
      1542       1440 7.142857e-01
      1542       1542 4.761905e-02
      1543       1443 2.380952e-01
      1543       1441 7.142857e-01
      1543       1543 4.761905e-02
      1544       1444 2.380952e-01
      1544       1442 7.142857e-01
      1544       1544 4.761905e-02
      1545       1445 2.380952e-01
      1545       1443 7.142857e-01
      1545       1545 4.761905e-02
      1546       1446 2.380952e-01
      1546       1444 7.142857e-01
      1546       1546 4.761905e-02
      1547       1447 2.380952e-01
      1547       1445 7.142857e-01
      1547       1547 4.761905e-02
      1548       1448 2.380952e-01
      1548       1446 7.142857e-01
      1548       1548 4.761905e-02
      1549       1449 2.380952e-01
      1549       1447 7.142857e-01
      1549       1549 4.761905e-02
      1550       1450 2.380952e-01
      1550       1448 7.142857e-01
      1550       1550 4.761905e-02
      1551       1451 2.380952e-01
      1551       1449 7.142857e-01
      1551       1551 4.761905e-02
      1552       1452 2.380952e-01
      1552       1450 7.142857e-01
      1552       1552 4.761905e-02
      1553       1453 2.380952e-01
      1553       1451 7.142857e-01
      1553       1553 4.761905e-02
      1554       1454 2.380952e-01
      1554       1452 7.142857e-01
      1554       1554 4.761905e-02
      1555       1455 2.380952e-01
      1555       1453 7.142857e-01
      1555       1555 4.761905e-02
      1556       1456 2.380952e-01
      1556       1454 7.142857e-01
      1556       1556 4.761905e-02
      1557       1457 2.380952e-01
      1557       1455 7.142857e-01
      1557       1557 4.761905e-02
      1558       1458 2.380952e-01
      1558       1456 7.142857e-01
      1558       1558 4.761905e-02
      1559       1459 2.380952e-01
      1559       1457 7.142857e-01
      1559       1559 4.761905e-02
      1560       1460 2.380952e-01
      1560       1458 7.142857e-01
      1560       1560 4.761905e-02
      1561       1461 2.380952e-01
      1561       1459 7.142857e-01
      1561       1561 4.761905e-02
      1562       1462 2.380952e-01
      1562       1460 7.142857e-01
      1562       1562 4.761905e-02
      1563       1463 2.380952e-01
      1563       1461 7.142857e-01
      1563       1563 4.761905e-02
      1564       1464 2.380952e-01
      1564       1462 7.142857e-01
      1564       1564 4.761905e-02
      1565       1465 2.380952e-01
      1565       1463 7.142857e-01
      1565       1565 4.761905e-02
      1566       1466 2.380952e-01
      1566       1464 7.142857e-01
      1566       1566 4.761905e-02
      1567       1467 2.380952e-01
      1567       1465 7.142857e-01
      1567       1567 4.761905e-02
      1568       1468 2.380952e-01
      1568       1466 7.142857e-01
      1568       1568 4.761905e-02
      1569       1469 2.380952e-01
      1569       1467 7.142857e-01
      1569       1569 4.761905e-02
      1570       1470 2.380952e-01
      1570       1468 7.142857e-01
      1570       1570 4.761905e-02
      1571       1471 2.380952e-01
      1571       1469 7.142857e-01
      1571       1571 4.761905e-02
      1572       1472 2.380952e-01
      1572       1470 7.142857e-01
      1572       1572 4.761905e-02
      1573       1473 2.380952e-01
      1573       1471 7.142857e-01
      1573       1573 4.761905e-02
      1574       1474 2.380952e-01
      1574       1472 7.142857e-01
      1574       1574 4.761905e-02
      1575       1475 2.380952e-01
      1575       1473 7.142857e-01
      1575       1575 4.761905e-02
      1576       1476 2.380952e-01
      1576       1474 7.142857e-01
      1576       1576 4.761905e-02
      1577       1477 2.380952e-01
      1577       1475 7.142857e-01
      1577       1577 4.761905e-02
      1578       1478 2.380952e-01
      1578       1476 7.142857e-01
      1578       1578 4.761905e-02
      1579       1479 2.380952e-01
      1579       1477 7.142857e-01
      1579       1579 4.761905e-02
      1580       1480 2.380952e-01
      1580       1478 7.142857e-01
      1580       1580 4.761905e-02
      1581       1481 2.380952e-01
      1581       1479 7.142857e-01
      1581       1581 4.761905e-02
      1582       1482 2.380952e-01
      1582       1480 7.142857e-01
      1582       1582 4.761905e-02
      1583       1483 2.380952e-01
      1583       1481 7.142857e-01
      1583       1583 4.761905e-02
      1584       1484 2.380952e-01
      1584       1482 7.142857e-01
      1584       1584 4.761905e-02
      1585       1485 2.380952e-01
      1585       1483 7.142857e-01
      1585       1585 4.761905e-02
      1586       1486 2.380952e-01
      1586       1484 7.142857e-01
      1586       1586 4.761905e-02
      1587       1487 2.380952e-01
      1587       1485 7.142857e-01
      1587       1587 4.761905e-02
      1588       1488 2.380952e-01
      1588       1486 7.142857e-01
      1588       1588 4.761905e-02
      1589       1489 2.380952e-01
      1589       1487 7.142857e-01
      1589       1589 4.761905e-02
      1590       1490 2.380952e-01
      1590       1488 7.142857e-01
      1590       1590 4.761905e-02
      1591       1491 2.380952e-01
      1591       1489 7.142857e-01
      1591       1591 4.761905e-02
      1592       1492 2.380952e-01
      1592       1490 7.142857e-01
      1592       1592 4.761905e-02
      1593       1493 2.380952e-01
      1593       1491 7.142857e-01
      1593       1593 4.761905e-02
      1594       1494 2.380952e-01
      1594       1492 7.142857e-01
      1594       1594 4.761905e-02
      1595       1495 2.380952e-01
      1595       1493 7.142857e-01
      1595       1595 4.761905e-02
      1596       1496 2.380952e-01
      1596       1494 7.142857e-01
      1596       1596 4.761905e-02
      1597       1497 2.380952e-01
      1597       1495 7.142857e-01
      1597       1597 4.761905e-02
      1598       1498 2.380952e-01
      1598       1496 7.142857e-01
      1598       1598 4.761905e-02
      1599       1499 2.380952e-01
      1599       1497 7.142857e-01
      1599       1599 4.761905e-02
      1600       1500 2.380952e-01
      1600       1498 7.142857e-01
      1600       1600 4.761905e-02
      1601       1501 2.380952e-01
      1601       1499 7.142857e-01
      1601       1601 4.761905e-02
      1602       1502 2.380952e-01
      1602       1500 7.142857e-01
      1602       1602 4.761905e-02
      1603       1503 2.380952e-01
      1603       1501 7.142857e-01
      1603       1603 4.761905e-02
      1604       1504 2.380952e-01
      1604       1502 7.142857e-01
      1604       1604 4.761905e-02
      1605       1505 2.380952e-01
      1605       1503 7.142857e-01
      1605       1605 4.761905e-02
      1606       1506 2.380952e-01
      1606       1504 7.142857e-01
      1606       1606 4.761905e-02
      1607       1507 2.380952e-01
      1607       1505 7.142857e-01
      1607       1607 4.761905e-02
      1608       1508 2.380952e-01
      1608       1506 7.142857e-01
      1608       1608 4.761905e-02
      1609       1509 2.380952e-01
      1609       1507 7.142857e-01
      1609       1609 4.761905e-02
      1610       1510 2.380952e-01
      1610       1508 7.142857e-01
      1610       1610 4.761905e-02
      1611       1511 2.380952e-01
      1611       1509 7.142857e-01
      1611       1611 4.761905e-02
      1612       1512 2.380952e-01
      1612       1510 7.142857e-01
      1612       1612 4.761905e-02
      1613       1513 2.380952e-01
      1613       1511 7.142857e-01
      1613       1613 4.761905e-02
      1614       1514 2.380952e-01
      1614       1512 7.142857e-01
      1614       1614 4.761905e-02
      1615       1513 7.142857e-01
      1615       1615 2.857143e-01

action: 1
         0          1 2.380952e-01
         0          0 7.619048e-01
         1          2 2.380952e-01
         1          0 4.761905e-02
         1          1 7.142857e-01
         2          3 2.380952e-01
         2          1 4.761905e-02
         2          2 7.142857e-01
         3          4 2.380952e-01
         3          2 4.761905e-02
         3          3 7.142857e-01
         4          5 2.380952e-01
         4          3 4.761905e-02
         4          4 7.142857e-01
         5          6 2.380952e-01
         5          4 4.761905e-02
         5          5 7.142857e-01
         6          7 2.380952e-01
         6          5 4.761905e-02
         6          6 7.142857e-01
         7          8 2.380952e-01
         7          6 4.761905e-02
         7          7 7.142857e-01
         8          9 2.380952e-01
         8          7 4.761905e-02
         8          8 7.142857e-01
         9         10 2.380952e-01
         9          8 4.761905e-02
         9          9 7.142857e-01
        10         11 2.380952e-01
        10          9 4.761905e-02
        10         10 7.142857e-01
        11         12 2.380952e-01
        11         10 4.761905e-02
        11         11 7.142857e-01
        12         13 2.380952e-01
        12         11 4.761905e-02
        12         12 7.142857e-01
        13         14 2.380952e-01
        13         12 4.761905e-02
        13         13 7.142857e-01
        14         15 2.380952e-01
        14         13 4.761905e-02
        14         14 7.142857e-01
        15         16 2.380952e-01
        15         14 4.761905e-02
        15         15 7.142857e-01
        16         17 2.380952e-01
        16         15 4.761905e-02
        16         16 7.142857e-01
        17         18 2.380952e-01
        17         16 4.761905e-02
        17         17 7.142857e-01
        18         19 2.380952e-01
        18         17 4.761905e-02
        18         18 7.142857e-01
        19         20 2.380952e-01
        19         18 4.761905e-02
        19         19 7.142857e-01
        20         21 2.380952e-01
        20         19 4.761905e-02
        20         20 7.142857e-01
        21         22 2.380952e-01
        21         20 4.761905e-02
        21         21 7.142857e-01
        22         23 2.380952e-01
        22         21 4.761905e-02
        22         22 7.142857e-01
        23         24 2.380952e-01
        23         22 4.761905e-02
        23         23 7.142857e-01
        24         25 2.380952e-01
        24         23 4.761905e-02
        24         24 7.142857e-01
        25         26 2.380952e-01
        25         24 4.761905e-02
        25         25 7.142857e-01
        26         27 2.380952e-01
        26         25 4.761905e-02
        26         26 7.142857e-01
        27         28 2.380952e-01
        27         26 4.761905e-02
        27         27 7.142857e-01
        28         29 2.380952e-01
        28         27 4.761905e-02
        28         28 7.142857e-01
        29         30 2.380952e-01
        29         28 4.761905e-02
        29         29 7.142857e-01
        30         31 2.380952e-01
        30         29 4.761905e-02
        30         30 7.142857e-01
        31         32 2.380952e-01
        31         30 4.761905e-02
        31         31 7.142857e-01
        32         33 2.380952e-01
        32         31 4.761905e-02
        32         32 7.142857e-01
        33         34 2.380952e-01
        33         32 4.761905e-02
        33         33 7.142857e-01
        34         35 2.380952e-01
        34         33 4.761905e-02
        34         34 7.142857e-01
        35         36 2.380952e-01
        35         34 4.761905e-02
        35         35 7.142857e-01
        36         37 2.380952e-01
        36         35 4.761905e-02
        36         36 7.142857e-01
        37         38 2.380952e-01
        37         36 4.761905e-02
        37         37 7.142857e-01
        38         39 2.380952e-01
        38         37 4.761905e-02
        38         38 7.142857e-01
        39         40 2.380952e-01
        39         38 4.761905e-02
        39         39 7.142857e-01
        40         41 2.380952e-01
        40         39 4.761905e-02
        40         40 7.142857e-01
        41         42 2.380952e-01
        41         40 4.761905e-02
        41         41 7.142857e-01
        42         43 2.380952e-01
        42         41 4.761905e-02
        42         42 7.142857e-01
        43         44 2.380952e-01
        43         42 4.761905e-02
        43         43 7.142857e-01
        44         45 2.380952e-01
        44         43 4.761905e-02
        44         44 7.142857e-01
        45         46 2.380952e-01
        45         44 4.761905e-02
        45         45 7.142857e-01
        46         47 2.380952e-01
        46         45 4.761905e-02
        46         46 7.142857e-01
        47         48 2.380952e-01
        47         46 4.761905e-02
        47         47 7.142857e-01
        48         49 2.380952e-01
        48         47 4.761905e-02
        48         48 7.142857e-01
        49         50 2.380952e-01
        49         48 4.761905e-02
        49         49 7.142857e-01
        50         51 2.380952e-01
        50         49 4.761905e-02
        50         50 7.142857e-01
        51         52 2.380952e-01
        51         50 4.761905e-02
        51         51 7.142857e-01
        52         53 2.380952e-01
        52         51 4.761905e-02
        52         52 7.142857e-01
        53         54 2.380952e-01
        53         52 4.761905e-02
        53         53 7.142857e-01
        54         55 2.380952e-01
        54         53 4.761905e-02
        54         54 7.142857e-01
        55         56 2.380952e-01
        55         54 4.761905e-02
        55         55 7.142857e-01
        56         57 2.380952e-01
        56         55 4.761905e-02
        56         56 7.142857e-01
        57         58 2.380952e-01
        57         56 4.761905e-02
        57         57 7.142857e-01
        58         59 2.380952e-01
        58         57 4.761905e-02
        58         58 7.142857e-01
        59         60 2.380952e-01
        59         58 4.761905e-02
        59         59 7.142857e-01
        60         61 2.380952e-01
        60         59 4.761905e-02
        60         60 7.142857e-01
        61         62 2.380952e-01
        61         60 4.761905e-02
        61         61 7.142857e-01
        62         63 2.380952e-01
        62         61 4.761905e-02
        62         62 7.142857e-01
        63         64 2.380952e-01
        63         62 4.761905e-02
        63         63 7.142857e-01
        64         65 2.380952e-01
        64         63 4.761905e-02
        64         64 7.142857e-01
        65         66 2.380952e-01
        65         64 4.761905e-02
        65         65 7.142857e-01
        66         67 2.380952e-01
        66         65 4.761905e-02
        66         66 7.142857e-01
        67         68 2.380952e-01
        67         66 4.761905e-02
        67         67 7.142857e-01
        68         69 2.380952e-01
        68         67 4.761905e-02
        68         68 7.142857e-01
        69         70 2.380952e-01
        69         68 4.761905e-02
        69         69 7.142857e-01
        70         71 2.380952e-01
        70         69 4.761905e-02
        70         70 7.142857e-01
        71         72 2.380952e-01
        71         70 4.761905e-02
        71         71 7.142857e-01
        72         73 2.380952e-01
        72         71 4.761905e-02
        72         72 7.142857e-01
        73         74 2.380952e-01
        73         72 4.761905e-02
        73         73 7.142857e-01
        74         75 2.380952e-01
        74         73 4.761905e-02
        74         74 7.142857e-01
        75         76 2.380952e-01
        75         74 4.761905e-02
        75         75 7.142857e-01
        76         77 2.380952e-01
        76         75 4.761905e-02
        76         76 7.142857e-01
        77         78 2.380952e-01
        77         76 4.761905e-02
        77         77 7.142857e-01
        78         79 2.380952e-01
        78         77 4.761905e-02
        78         78 7.142857e-01
        79         80 2.380952e-01
        79         78 4.761905e-02
        79         79 7.142857e-01
        80         81 2.380952e-01
        80         79 4.761905e-02
        80         80 7.142857e-01
        81         82 2.380952e-01
        81         80 4.761905e-02
        81         81 7.142857e-01
        82         83 2.380952e-01
        82         81 4.761905e-02
        82         82 7.142857e-01
        83         84 2.380952e-01
        83         82 4.761905e-02
        83         83 7.142857e-01
        84         85 2.380952e-01
        84         83 4.761905e-02
        84         84 7.142857e-01
        85         86 2.380952e-01
        85         84 4.761905e-02
        85         85 7.142857e-01
        86         87 2.380952e-01
        86         85 4.761905e-02
        86         86 7.142857e-01
        87         88 2.380952e-01
        87         86 4.761905e-02
        87         87 7.142857e-01
        88         89 2.380952e-01
        88         87 4.761905e-02
        88         88 7.142857e-01
        89         90 2.380952e-01
        89         88 4.761905e-02
        89         89 7.142857e-01
        90         91 2.380952e-01
        90         89 4.761905e-02
        90         90 7.142857e-01
        91         92 2.380952e-01
        91         90 4.761905e-02
        91         91 7.142857e-01
        92         93 2.380952e-01
        92         91 4.761905e-02
        92         92 7.142857e-01
        93         94 2.380952e-01
        93         92 4.761905e-02
        93         93 7.142857e-01
        94         95 2.380952e-01
        94         93 4.761905e-02
        94         94 7.142857e-01
        95         96 2.380952e-01
        95         94 4.761905e-02
        95         95 7.142857e-01
        96         97 2.380952e-01
        96         95 4.761905e-02
        96         96 7.142857e-01
        97         98 2.380952e-01
        97         96 4.761905e-02
        97         97 7.142857e-01
        98         99 2.380952e-01
        98         97 4.761905e-02
        98         98 7.142857e-01
        99        100 2.380952e-01
        99         98 4.761905e-02
        99         99 7.142857e-01
       100         99 4.761905e-02
       100        100 9.523810e-01
       101        102 2.380952e-01
       101        101 7.619048e-01
       102        103 2.380952e-01
       102        101 4.761905e-02
       102        102 7.142857e-01
       103        104 2.380952e-01
       103        102 9.523810e-02
       103        103 6.666667e-01
       104        105 2.380952e-01
       104        103 9.523810e-02
       104        104 6.666667e-01
       105        106 2.380952e-01
       105        104 9.523810e-02
       105        105 6.666667e-01
       106        107 2.380952e-01
       106        105 9.523810e-02
       106        106 6.666667e-01
       107        108 2.380952e-01
       107        106 9.523810e-02
       107        107 6.666667e-01
       108        109 2.380952e-01
       108        107 9.523810e-02
       108        108 6.666667e-01
       109        110 2.380952e-01
       109        108 9.523810e-02
       109        109 6.666667e-01
       110        111 2.380952e-01
       110        109 9.523810e-02
       110        110 6.666667e-01
       111        112 2.380952e-01
       111        110 9.523810e-02
       111        111 6.666667e-01
       112        113 2.380952e-01
       112        111 9.523810e-02
       112        112 6.666667e-01
       113        114 2.380952e-01
       113        112 9.523810e-02
       113        113 6.666667e-01
       114        115 2.380952e-01
       114        113 9.523810e-02
       114        114 6.666667e-01
       115        116 2.380952e-01
       115        114 9.523810e-02
       115        115 6.666667e-01
       116        117 2.380952e-01
       116        115 9.523810e-02
       116        116 6.666667e-01
       117        118 2.380952e-01
       117        116 9.523810e-02
       117        117 6.666667e-01
       118        119 2.380952e-01
       118        117 9.523810e-02
       118        118 6.666667e-01
       119        120 2.380952e-01
       119        118 9.523810e-02
       119        119 6.666667e-01
       120        121 2.380952e-01
       120        119 9.523810e-02
       120        120 6.666667e-01
       121        122 2.380952e-01
       121        120 9.523810e-02
       121        121 6.666667e-01
       122        123 2.380952e-01
       122        121 9.523810e-02
       122        122 6.666667e-01
       123        124 2.380952e-01
       123        122 9.523810e-02
       123        123 6.666667e-01
       124        125 2.380952e-01
       124        123 9.523810e-02
       124        124 6.666667e-01
       125        126 2.380952e-01
       125        124 9.523810e-02
       125        125 6.666667e-01
       126        127 2.380952e-01
       126        125 9.523810e-02
       126        126 6.666667e-01
       127        128 2.380952e-01
       127        126 9.523810e-02
       127        127 6.666667e-01
       128        129 2.380952e-01
       128        127 9.523810e-02
       128        128 6.666667e-01
       129        130 2.380952e-01
       129        128 9.523810e-02
       129        129 6.666667e-01
       130        131 2.380952e-01
       130        129 9.523810e-02
       130        130 6.666667e-01
       131        132 2.380952e-01
       131        130 9.523810e-02
       131        131 6.666667e-01
       132        133 2.380952e-01
       132        131 9.523810e-02
       132        132 6.666667e-01
       133        134 2.380952e-01
       133        132 9.523810e-02
       133        133 6.666667e-01
       134        135 2.380952e-01
       134        133 9.523810e-02
       134        134 6.666667e-01
       135        136 2.380952e-01
       135        134 9.523810e-02
       135        135 6.666667e-01
       136        137 2.380952e-01
       136        135 9.523810e-02
       136        136 6.666667e-01
       137        138 2.380952e-01
       137        136 9.523810e-02
       137        137 6.666667e-01
       138        139 2.380952e-01
       138        137 9.523810e-02
       138        138 6.666667e-01
       139        140 2.380952e-01
       139        138 9.523810e-02
       139        139 6.666667e-01
       140        141 2.380952e-01
       140        139 9.523810e-02
       140        140 6.666667e-01
       141        142 2.380952e-01
       141        140 9.523810e-02
       141        141 6.666667e-01
       142        143 2.380952e-01
       142        141 9.523810e-02
       142        142 6.666667e-01
       143        144 2.380952e-01
       143        142 9.523810e-02
       143        143 6.666667e-01
       144        145 2.380952e-01
       144        143 9.523810e-02
       144        144 6.666667e-01
       145        146 2.380952e-01
       145        144 9.523810e-02
       145        145 6.666667e-01
       146        147 2.380952e-01
       146        145 9.523810e-02
       146        146 6.666667e-01
       147        148 2.380952e-01
       147        146 9.523810e-02
       147        147 6.666667e-01
       148        149 2.380952e-01
       148        147 9.523810e-02
       148        148 6.666667e-01
       149        150 2.380952e-01
       149        148 9.523810e-02
       149        149 6.666667e-01
       150        151 2.380952e-01
       150        149 9.523810e-02
       150        150 6.666667e-01
       151        152 2.380952e-01
       151        150 9.523810e-02
       151        151 6.666667e-01
       152        153 2.380952e-01
       152        151 9.523810e-02
       152        152 6.666667e-01
       153        154 2.380952e-01
       153        152 9.523810e-02
       153        153 6.666667e-01
       154        155 2.380952e-01
       154        153 9.523810e-02
       154        154 6.666667e-01
       155        156 2.380952e-01
       155        154 9.523810e-02
       155        155 6.666667e-01
       156        157 2.380952e-01
       156        155 9.523810e-02
       156        156 6.666667e-01
       157        158 2.380952e-01
       157        156 9.523810e-02
       157        157 6.666667e-01
       158        159 2.380952e-01
       158        157 9.523810e-02
       158        158 6.666667e-01
       159        160 2.380952e-01
       159        158 9.523810e-02
       159        159 6.666667e-01
       160        161 2.380952e-01
       160        159 9.523810e-02
       160        160 6.666667e-01
       161        162 2.380952e-01
       161        160 9.523810e-02
       161        161 6.666667e-01
       162        163 2.380952e-01
       162        161 9.523810e-02
       162        162 6.666667e-01
       163        164 2.380952e-01
       163        162 9.523810e-02
       163        163 6.666667e-01
       164        165 2.380952e-01
       164        163 9.523810e-02
       164        164 6.666667e-01
       165        166 2.380952e-01
       165        164 9.523810e-02
       165        165 6.666667e-01
       166        167 2.380952e-01
       166        165 9.523810e-02
       166        166 6.666667e-01
       167        168 2.380952e-01
       167        166 9.523810e-02
       167        167 6.666667e-01
       168        169 2.380952e-01
       168        167 9.523810e-02
       168        168 6.666667e-01
       169        170 2.380952e-01
       169        168 9.523810e-02
       169        169 6.666667e-01
       170        171 2.380952e-01
       170        169 9.523810e-02
       170        170 6.666667e-01
       171        172 2.380952e-01
       171        170 9.523810e-02
       171        171 6.666667e-01
       172        173 2.380952e-01
       172        171 9.523810e-02
       172        172 6.666667e-01
       173        174 2.380952e-01
       173        172 9.523810e-02
       173        173 6.666667e-01
       174        175 2.380952e-01
       174        173 9.523810e-02
       174        174 6.666667e-01
       175        176 2.380952e-01
       175        174 9.523810e-02
       175        175 6.666667e-01
       176        177 2.380952e-01
       176        175 9.523810e-02
       176        176 6.666667e-01
       177        178 2.380952e-01
       177        176 9.523810e-02
       177        177 6.666667e-01
       178        179 2.380952e-01
       178        177 9.523810e-02
       178        178 6.666667e-01
       179        180 2.380952e-01
       179        178 9.523810e-02
       179        179 6.666667e-01
       180        181 2.380952e-01
       180        179 9.523810e-02
       180        180 6.666667e-01
       181        182 2.380952e-01
       181        180 9.523810e-02
       181        181 6.666667e-01
       182        183 2.380952e-01
       182        181 9.523810e-02
       182        182 6.666667e-01
       183        184 2.380952e-01
       183        182 9.523810e-02
       183        183 6.666667e-01
       184        185 2.380952e-01
       184        183 9.523810e-02
       184        184 6.666667e-01
       185        186 2.380952e-01
       185        184 9.523810e-02
       185        185 6.666667e-01
       186        187 2.380952e-01
       186        185 9.523810e-02
       186        186 6.666667e-01
       187        188 2.380952e-01
       187        186 9.523810e-02
       187        187 6.666667e-01
       188        189 2.380952e-01
       188        187 9.523810e-02
       188        188 6.666667e-01
       189        190 2.380952e-01
       189        188 9.523810e-02
       189        189 6.666667e-01
       190        191 2.380952e-01
       190        189 9.523810e-02
       190        190 6.666667e-01
       191        192 2.380952e-01
       191        190 9.523810e-02
       191        191 6.666667e-01
       192        193 2.380952e-01
       192        191 9.523810e-02
       192        192 6.666667e-01
       193        194 2.380952e-01
       193        192 9.523810e-02
       193        193 6.666667e-01
       194        195 2.380952e-01
       194        193 9.523810e-02
       194        194 6.666667e-01
       195        196 2.380952e-01
       195        194 9.523810e-02
       195        195 6.666667e-01
       196        197 2.380952e-01
       196        195 9.523810e-02
       196        196 6.666667e-01
       197        198 2.380952e-01
       197        196 9.523810e-02
       197        197 6.666667e-01
       198        199 2.380952e-01
       198        197 9.523810e-02
       198        198 6.666667e-01
       199        200 2.380952e-01
       199        198 9.523810e-02
       199        199 6.666667e-01
       200        201 2.380952e-01
       200        199 9.523810e-02
       200        200 6.666667e-01
       201        200 9.523810e-02
       201        201 9.047619e-01
       202        203 2.380952e-01
       202        202 7.619048e-01
       203        204 2.380952e-01
       203        202 4.761905e-02
       203        203 7.142857e-01
       204        205 2.380952e-01
       204        203 9.523810e-02
       204        204 6.666667e-01
       205        206 2.380952e-01
       205        204 1.428571e-01
       205        205 6.190476e-01
       206        207 2.380952e-01
       206        205 1.428571e-01
       206        206 6.190476e-01
       207        208 2.380952e-01
       207        206 1.428571e-01
       207        207 6.190476e-01
       208        209 2.380952e-01
       208        207 1.428571e-01
       208        208 6.190476e-01
       209        210 2.380952e-01
       209        208 1.428571e-01
       209        209 6.190476e-01
       210        211 2.380952e-01
       210        209 1.428571e-01
       210        210 6.190476e-01
       211        212 2.380952e-01
       211        210 1.428571e-01
       211        211 6.190476e-01
       212        213 2.380952e-01
       212        211 1.428571e-01
       212        212 6.190476e-01
       213        214 2.380952e-01
       213        212 1.428571e-01
       213        213 6.190476e-01
       214        215 2.380952e-01
       214        213 1.428571e-01
       214        214 6.190476e-01
       215        216 2.380952e-01
       215        214 1.428571e-01
       215        215 6.190476e-01
       216        217 2.380952e-01
       216        215 1.428571e-01
       216        216 6.190476e-01
       217        218 2.380952e-01
       217        216 1.428571e-01
       217        217 6.190476e-01
       218        219 2.380952e-01
       218        217 1.428571e-01
       218        218 6.190476e-01
       219        220 2.380952e-01
       219        218 1.428571e-01
       219        219 6.190476e-01
       220        221 2.380952e-01
       220        219 1.428571e-01
       220        220 6.190476e-01
       221        222 2.380952e-01
       221        220 1.428571e-01
       221        221 6.190476e-01
       222        223 2.380952e-01
       222        221 1.428571e-01
       222        222 6.190476e-01
       223        224 2.380952e-01
       223        222 1.428571e-01
       223        223 6.190476e-01
       224        225 2.380952e-01
       224        223 1.428571e-01
       224        224 6.190476e-01
       225        226 2.380952e-01
       225        224 1.428571e-01
       225        225 6.190476e-01
       226        227 2.380952e-01
       226        225 1.428571e-01
       226        226 6.190476e-01
       227        228 2.380952e-01
       227        226 1.428571e-01
       227        227 6.190476e-01
       228        229 2.380952e-01
       228        227 1.428571e-01
       228        228 6.190476e-01
       229        230 2.380952e-01
       229        228 1.428571e-01
       229        229 6.190476e-01
       230        231 2.380952e-01
       230        229 1.428571e-01
       230        230 6.190476e-01
       231        232 2.380952e-01
       231        230 1.428571e-01
       231        231 6.190476e-01
       232        233 2.380952e-01
       232        231 1.428571e-01
       232        232 6.190476e-01
       233        234 2.380952e-01
       233        232 1.428571e-01
       233        233 6.190476e-01
       234        235 2.380952e-01
       234        233 1.428571e-01
       234        234 6.190476e-01
       235        236 2.380952e-01
       235        234 1.428571e-01
       235        235 6.190476e-01
       236        237 2.380952e-01
       236        235 1.428571e-01
       236        236 6.190476e-01
       237        238 2.380952e-01
       237        236 1.428571e-01
       237        237 6.190476e-01
       238        239 2.380952e-01
       238        237 1.428571e-01
       238        238 6.190476e-01
       239        240 2.380952e-01
       239        238 1.428571e-01
       239        239 6.190476e-01
       240        241 2.380952e-01
       240        239 1.428571e-01
       240        240 6.190476e-01
       241        242 2.380952e-01
       241        240 1.428571e-01
       241        241 6.190476e-01
       242        243 2.380952e-01
       242        241 1.428571e-01
       242        242 6.190476e-01
       243        244 2.380952e-01
       243        242 1.428571e-01
       243        243 6.190476e-01
       244        245 2.380952e-01
       244        243 1.428571e-01
       244        244 6.190476e-01
       245        246 2.380952e-01
       245        244 1.428571e-01
       245        245 6.190476e-01
       246        247 2.380952e-01
       246        245 1.428571e-01
       246        246 6.190476e-01
       247        248 2.380952e-01
       247        246 1.428571e-01
       247        247 6.190476e-01
       248        249 2.380952e-01
       248        247 1.428571e-01
       248        248 6.190476e-01
       249        250 2.380952e-01
       249        248 1.428571e-01
       249        249 6.190476e-01
       250        251 2.380952e-01
       250        249 1.428571e-01
       250        250 6.190476e-01
       251        252 2.380952e-01
       251        250 1.428571e-01
       251        251 6.190476e-01
       252        253 2.380952e-01
       252        251 1.428571e-01
       252        252 6.190476e-01
       253        254 2.380952e-01
       253        252 1.428571e-01
       253        253 6.190476e-01
       254        255 2.380952e-01
       254        253 1.428571e-01
       254        254 6.190476e-01
       255        256 2.380952e-01
       255        254 1.428571e-01
       255        255 6.190476e-01
       256        257 2.380952e-01
       256        255 1.428571e-01
       256        256 6.190476e-01
       257        258 2.380952e-01
       257        256 1.428571e-01
       257        257 6.190476e-01
       258        259 2.380952e-01
       258        257 1.428571e-01
       258        258 6.190476e-01
       259        260 2.380952e-01
       259        258 1.428571e-01
       259        259 6.190476e-01
       260        261 2.380952e-01
       260        259 1.428571e-01
       260        260 6.190476e-01
       261        262 2.380952e-01
       261        260 1.428571e-01
       261        261 6.190476e-01
       262        263 2.380952e-01
       262        261 1.428571e-01
       262        262 6.190476e-01
       263        264 2.380952e-01
       263        262 1.428571e-01
       263        263 6.190476e-01
       264        265 2.380952e-01
       264        263 1.428571e-01
       264        264 6.190476e-01
       265        266 2.380952e-01
       265        264 1.428571e-01
       265        265 6.190476e-01
       266        267 2.380952e-01
       266        265 1.428571e-01
       266        266 6.190476e-01
       267        268 2.380952e-01
       267        266 1.428571e-01
       267        267 6.190476e-01
       268        269 2.380952e-01
       268        267 1.428571e-01
       268        268 6.190476e-01
       269        270 2.380952e-01
       269        268 1.428571e-01
       269        269 6.190476e-01
       270        271 2.380952e-01
       270        269 1.428571e-01
       270        270 6.190476e-01
       271        272 2.380952e-01
       271        270 1.428571e-01
       271        271 6.190476e-01
       272        273 2.380952e-01
       272        271 1.428571e-01
       272        272 6.190476e-01
       273        274 2.380952e-01
       273        272 1.428571e-01
       273        273 6.190476e-01
       274        275 2.380952e-01
       274        273 1.428571e-01
       274        274 6.190476e-01
       275        276 2.380952e-01
       275        274 1.428571e-01
       275        275 6.190476e-01
       276        277 2.380952e-01
       276        275 1.428571e-01
       276        276 6.190476e-01
       277        278 2.380952e-01
       277        276 1.428571e-01
       277        277 6.190476e-01
       278        279 2.380952e-01
       278        277 1.428571e-01
       278        278 6.190476e-01
       279        280 2.380952e-01
       279        278 1.428571e-01
       279        279 6.190476e-01
       280        281 2.380952e-01
       280        279 1.428571e-01
       280        280 6.190476e-01
       281        282 2.380952e-01
       281        280 1.428571e-01
       281        281 6.190476e-01
       282        283 2.380952e-01
       282        281 1.428571e-01
       282        282 6.190476e-01
       283        284 2.380952e-01
       283        282 1.428571e-01
       283        283 6.190476e-01
       284        285 2.380952e-01
       284        283 1.428571e-01
       284        284 6.190476e-01
       285        286 2.380952e-01
       285        284 1.428571e-01
       285        285 6.190476e-01
       286        287 2.380952e-01
       286        285 1.428571e-01
       286        286 6.190476e-01
       287        288 2.380952e-01
       287        286 1.428571e-01
       287        287 6.190476e-01
       288        289 2.380952e-01
       288        287 1.428571e-01
       288        288 6.190476e-01
       289        290 2.380952e-01
       289        288 1.428571e-01
       289        289 6.190476e-01
       290        291 2.380952e-01
       290        289 1.428571e-01
       290        290 6.190476e-01
       291        292 2.380952e-01
       291        290 1.428571e-01
       291        291 6.190476e-01
       292        293 2.380952e-01
       292        291 1.428571e-01
       292        292 6.190476e-01
       293        294 2.380952e-01
       293        292 1.428571e-01
       293        293 6.190476e-01
       294        295 2.380952e-01
       294        293 1.428571e-01
       294        294 6.190476e-01
       295        296 2.380952e-01
       295        294 1.428571e-01
       295        295 6.190476e-01
       296        297 2.380952e-01
       296        295 1.428571e-01
       296        296 6.190476e-01
       297        298 2.380952e-01
       297        296 1.428571e-01
       297        297 6.190476e-01
       298        299 2.380952e-01
       298        297 1.428571e-01
       298        298 6.190476e-01
       299        300 2.380952e-01
       299        298 1.428571e-01
       299        299 6.190476e-01
       300        301 2.380952e-01
       300        299 1.428571e-01
       300        300 6.190476e-01
       301        302 2.380952e-01
       301        300 1.428571e-01
       301        301 6.190476e-01
       302        301 1.428571e-01
       302        302 8.571429e-01
       303        304 2.380952e-01
       303        303 7.619048e-01
       304        305 2.380952e-01
       304        303 4.761905e-02
       304        304 7.142857e-01
       305        306 2.380952e-01
       305        304 9.523810e-02
       305        305 6.666667e-01
       306        307 2.380952e-01
       306        305 1.428571e-01
       306        306 6.190476e-01
       307        308 2.380952e-01
       307        306 1.904762e-01
       307        307 5.714286e-01
       308        309 2.380952e-01
       308        307 1.904762e-01
       308        308 5.714286e-01
       309        310 2.380952e-01
       309        308 1.904762e-01
       309        309 5.714286e-01
       310        311 2.380952e-01
       310        309 1.904762e-01
       310        310 5.714286e-01
       311        312 2.380952e-01
       311        310 1.904762e-01
       311        311 5.714286e-01
       312        313 2.380952e-01
       312        311 1.904762e-01
       312        312 5.714286e-01
       313        314 2.380952e-01
       313        312 1.904762e-01
       313        313 5.714286e-01
       314        315 2.380952e-01
       314        313 1.904762e-01
       314        314 5.714286e-01
       315        316 2.380952e-01
       315        314 1.904762e-01
       315        315 5.714286e-01
       316        317 2.380952e-01
       316        315 1.904762e-01
       316        316 5.714286e-01
       317        318 2.380952e-01
       317        316 1.904762e-01
       317        317 5.714286e-01
       318        319 2.380952e-01
       318        317 1.904762e-01
       318        318 5.714286e-01
       319        320 2.380952e-01
       319        318 1.904762e-01
       319        319 5.714286e-01
       320        321 2.380952e-01
       320        319 1.904762e-01
       320        320 5.714286e-01
       321        322 2.380952e-01
       321        320 1.904762e-01
       321        321 5.714286e-01
       322        323 2.380952e-01
       322        321 1.904762e-01
       322        322 5.714286e-01
       323        324 2.380952e-01
       323        322 1.904762e-01
       323        323 5.714286e-01
       324        325 2.380952e-01
       324        323 1.904762e-01
       324        324 5.714286e-01
       325        326 2.380952e-01
       325        324 1.904762e-01
       325        325 5.714286e-01
       326        327 2.380952e-01
       326        325 1.904762e-01
       326        326 5.714286e-01
       327        328 2.380952e-01
       327        326 1.904762e-01
       327        327 5.714286e-01
       328        329 2.380952e-01
       328        327 1.904762e-01
       328        328 5.714286e-01
       329        330 2.380952e-01
       329        328 1.904762e-01
       329        329 5.714286e-01
       330        331 2.380952e-01
       330        329 1.904762e-01
       330        330 5.714286e-01
       331        332 2.380952e-01
       331        330 1.904762e-01
       331        331 5.714286e-01
       332        333 2.380952e-01
       332        331 1.904762e-01
       332        332 5.714286e-01
       333        334 2.380952e-01
       333        332 1.904762e-01
       333        333 5.714286e-01
       334        335 2.380952e-01
       334        333 1.904762e-01
       334        334 5.714286e-01
       335        336 2.380952e-01
       335        334 1.904762e-01
       335        335 5.714286e-01
       336        337 2.380952e-01
       336        335 1.904762e-01
       336        336 5.714286e-01
       337        338 2.380952e-01
       337        336 1.904762e-01
       337        337 5.714286e-01
       338        339 2.380952e-01
       338        337 1.904762e-01
       338        338 5.714286e-01
       339        340 2.380952e-01
       339        338 1.904762e-01
       339        339 5.714286e-01
       340        341 2.380952e-01
       340        339 1.904762e-01
       340        340 5.714286e-01
       341        342 2.380952e-01
       341        340 1.904762e-01
       341        341 5.714286e-01
       342        343 2.380952e-01
       342        341 1.904762e-01
       342        342 5.714286e-01
       343        344 2.380952e-01
       343        342 1.904762e-01
       343        343 5.714286e-01
       344        345 2.380952e-01
       344        343 1.904762e-01
       344        344 5.714286e-01
       345        346 2.380952e-01
       345        344 1.904762e-01
       345        345 5.714286e-01
       346        347 2.380952e-01
       346        345 1.904762e-01
       346        346 5.714286e-01
       347        348 2.380952e-01
       347        346 1.904762e-01
       347        347 5.714286e-01
       348        349 2.380952e-01
       348        347 1.904762e-01
       348        348 5.714286e-01
       349        350 2.380952e-01
       349        348 1.904762e-01
       349        349 5.714286e-01
       350        351 2.380952e-01
       350        349 1.904762e-01
       350        350 5.714286e-01
       351        352 2.380952e-01
       351        350 1.904762e-01
       351        351 5.714286e-01
       352        353 2.380952e-01
       352        351 1.904762e-01
       352        352 5.714286e-01
       353        354 2.380952e-01
       353        352 1.904762e-01
       353        353 5.714286e-01
       354        355 2.380952e-01
       354        353 1.904762e-01
       354        354 5.714286e-01
       355        356 2.380952e-01
       355        354 1.904762e-01
       355        355 5.714286e-01
       356        357 2.380952e-01
       356        355 1.904762e-01
       356        356 5.714286e-01
       357        358 2.380952e-01
       357        356 1.904762e-01
       357        357 5.714286e-01
       358        359 2.380952e-01
       358        357 1.904762e-01
       358        358 5.714286e-01
       359        360 2.380952e-01
       359        358 1.904762e-01
       359        359 5.714286e-01
       360        361 2.380952e-01
       360        359 1.904762e-01
       360        360 5.714286e-01
       361        362 2.380952e-01
       361        360 1.904762e-01
       361        361 5.714286e-01
       362        363 2.380952e-01
       362        361 1.904762e-01
       362        362 5.714286e-01
       363        364 2.380952e-01
       363        362 1.904762e-01
       363        363 5.714286e-01
       364        365 2.380952e-01
       364        363 1.904762e-01
       364        364 5.714286e-01
       365        366 2.380952e-01
       365        364 1.904762e-01
       365        365 5.714286e-01
       366        367 2.380952e-01
       366        365 1.904762e-01
       366        366 5.714286e-01
       367        368 2.380952e-01
       367        366 1.904762e-01
       367        367 5.714286e-01
       368        369 2.380952e-01
       368        367 1.904762e-01
       368        368 5.714286e-01
       369        370 2.380952e-01
       369        368 1.904762e-01
       369        369 5.714286e-01
       370        371 2.380952e-01
       370        369 1.904762e-01
       370        370 5.714286e-01
       371        372 2.380952e-01
       371        370 1.904762e-01
       371        371 5.714286e-01
       372        373 2.380952e-01
       372        371 1.904762e-01
       372        372 5.714286e-01
       373        374 2.380952e-01
       373        372 1.904762e-01
       373        373 5.714286e-01
       374        375 2.380952e-01
       374        373 1.904762e-01
       374        374 5.714286e-01
       375        376 2.380952e-01
       375        374 1.904762e-01
       375        375 5.714286e-01
       376        377 2.380952e-01
       376        375 1.904762e-01
       376        376 5.714286e-01
       377        378 2.380952e-01
       377        376 1.904762e-01
       377        377 5.714286e-01
       378        379 2.380952e-01
       378        377 1.904762e-01
       378        378 5.714286e-01
       379        380 2.380952e-01
       379        378 1.904762e-01
       379        379 5.714286e-01
       380        381 2.380952e-01
       380        379 1.904762e-01
       380        380 5.714286e-01
       381        382 2.380952e-01
       381        380 1.904762e-01
       381        381 5.714286e-01
       382        383 2.380952e-01
       382        381 1.904762e-01
       382        382 5.714286e-01
       383        384 2.380952e-01
       383        382 1.904762e-01
       383        383 5.714286e-01
       384        385 2.380952e-01
       384        383 1.904762e-01
       384        384 5.714286e-01
       385        386 2.380952e-01
       385        384 1.904762e-01
       385        385 5.714286e-01
       386        387 2.380952e-01
       386        385 1.904762e-01
       386        386 5.714286e-01
       387        388 2.380952e-01
       387        386 1.904762e-01
       387        387 5.714286e-01
       388        389 2.380952e-01
       388        387 1.904762e-01
       388        388 5.714286e-01
       389        390 2.380952e-01
       389        388 1.904762e-01
       389        389 5.714286e-01
       390        391 2.380952e-01
       390        389 1.904762e-01
       390        390 5.714286e-01
       391        392 2.380952e-01
       391        390 1.904762e-01
       391        391 5.714286e-01
       392        393 2.380952e-01
       392        391 1.904762e-01
       392        392 5.714286e-01
       393        394 2.380952e-01
       393        392 1.904762e-01
       393        393 5.714286e-01
       394        395 2.380952e-01
       394        393 1.904762e-01
       394        394 5.714286e-01
       395        396 2.380952e-01
       395        394 1.904762e-01
       395        395 5.714286e-01
       396        397 2.380952e-01
       396        395 1.904762e-01
       396        396 5.714286e-01
       397        398 2.380952e-01
       397        396 1.904762e-01
       397        397 5.714286e-01
       398        399 2.380952e-01
       398        397 1.904762e-01
       398        398 5.714286e-01
       399        400 2.380952e-01
       399        398 1.904762e-01
       399        399 5.714286e-01
       400        401 2.380952e-01
       400        399 1.904762e-01
       400        400 5.714286e-01
       401        402 2.380952e-01
       401        400 1.904762e-01
       401        401 5.714286e-01
       402        403 2.380952e-01
       402        401 1.904762e-01
       402        402 5.714286e-01
       403        402 1.904762e-01
       403        403 8.095238e-01
       404        405 2.380952e-01
       404        404 7.619048e-01
       405        406 2.380952e-01
       405        404 4.761905e-02
       405        405 7.142857e-01
       406        407 2.380952e-01
       406        405 9.523810e-02
       406        406 6.666667e-01
       407        408 2.380952e-01
       407        406 1.428571e-01
       407        407 6.190476e-01
       408        409 2.380952e-01
       408        407 1.904762e-01
       408        408 5.714286e-01
       409        410 2.380952e-01
       409        408 2.380952e-01
       409        409 5.238095e-01
       410        411 2.380952e-01
       410        409 2.380952e-01
       410        410 5.238095e-01
       411        412 2.380952e-01
       411        410 2.380952e-01
       411        411 5.238095e-01
       412        413 2.380952e-01
       412        411 2.380952e-01
       412        412 5.238095e-01
       413        414 2.380952e-01
       413        412 2.380952e-01
       413        413 5.238095e-01
       414        415 2.380952e-01
       414        413 2.380952e-01
       414        414 5.238095e-01
       415        416 2.380952e-01
       415        414 2.380952e-01
       415        415 5.238095e-01
       416        417 2.380952e-01
       416        415 2.380952e-01
       416        416 5.238095e-01
       417        418 2.380952e-01
       417        416 2.380952e-01
       417        417 5.238095e-01
       418        419 2.380952e-01
       418        417 2.380952e-01
       418        418 5.238095e-01
       419        420 2.380952e-01
       419        418 2.380952e-01
       419        419 5.238095e-01
       420        421 2.380952e-01
       420        419 2.380952e-01
       420        420 5.238095e-01
       421        422 2.380952e-01
       421        420 2.380952e-01
       421        421 5.238095e-01
       422        423 2.380952e-01
       422        421 2.380952e-01
       422        422 5.238095e-01
       423        424 2.380952e-01
       423        422 2.380952e-01
       423        423 5.238095e-01
       424        425 2.380952e-01
       424        423 2.380952e-01
       424        424 5.238095e-01
       425        426 2.380952e-01
       425        424 2.380952e-01
       425        425 5.238095e-01
       426        427 2.380952e-01
       426        425 2.380952e-01
       426        426 5.238095e-01
       427        428 2.380952e-01
       427        426 2.380952e-01
       427        427 5.238095e-01
       428        429 2.380952e-01
       428        427 2.380952e-01
       428        428 5.238095e-01
       429        430 2.380952e-01
       429        428 2.380952e-01
       429        429 5.238095e-01
       430        431 2.380952e-01
       430        429 2.380952e-01
       430        430 5.238095e-01
       431        432 2.380952e-01
       431        430 2.380952e-01
       431        431 5.238095e-01
       432        433 2.380952e-01
       432        431 2.380952e-01
       432        432 5.238095e-01
       433        434 2.380952e-01
       433        432 2.380952e-01
       433        433 5.238095e-01
       434        435 2.380952e-01
       434        433 2.380952e-01
       434        434 5.238095e-01
       435        436 2.380952e-01
       435        434 2.380952e-01
       435        435 5.238095e-01
       436        437 2.380952e-01
       436        435 2.380952e-01
       436        436 5.238095e-01
       437        438 2.380952e-01
       437        436 2.380952e-01
       437        437 5.238095e-01
       438        439 2.380952e-01
       438        437 2.380952e-01
       438        438 5.238095e-01
       439        440 2.380952e-01
       439        438 2.380952e-01
       439        439 5.238095e-01
       440        441 2.380952e-01
       440        439 2.380952e-01
       440        440 5.238095e-01
       441        442 2.380952e-01
       441        440 2.380952e-01
       441        441 5.238095e-01
       442        443 2.380952e-01
       442        441 2.380952e-01
       442        442 5.238095e-01
       443        444 2.380952e-01
       443        442 2.380952e-01
       443        443 5.238095e-01
       444        445 2.380952e-01
       444        443 2.380952e-01
       444        444 5.238095e-01
       445        446 2.380952e-01
       445        444 2.380952e-01
       445        445 5.238095e-01
       446        447 2.380952e-01
       446        445 2.380952e-01
       446        446 5.238095e-01
       447        448 2.380952e-01
       447        446 2.380952e-01
       447        447 5.238095e-01
       448        449 2.380952e-01
       448        447 2.380952e-01
       448        448 5.238095e-01
       449        450 2.380952e-01
       449        448 2.380952e-01
       449        449 5.238095e-01
       450        451 2.380952e-01
       450        449 2.380952e-01
       450        450 5.238095e-01
       451        452 2.380952e-01
       451        450 2.380952e-01
       451        451 5.238095e-01
       452        453 2.380952e-01
       452        451 2.380952e-01
       452        452 5.238095e-01
       453        454 2.380952e-01
       453        452 2.380952e-01
       453        453 5.238095e-01
       454        455 2.380952e-01
       454        453 2.380952e-01
       454        454 5.238095e-01
       455        456 2.380952e-01
       455        454 2.380952e-01
       455        455 5.238095e-01
       456        457 2.380952e-01
       456        455 2.380952e-01
       456        456 5.238095e-01
       457        458 2.380952e-01
       457        456 2.380952e-01
       457        457 5.238095e-01
       458        459 2.380952e-01
       458        457 2.380952e-01
       458        458 5.238095e-01
       459        460 2.380952e-01
       459        458 2.380952e-01
       459        459 5.238095e-01
       460        461 2.380952e-01
       460        459 2.380952e-01
       460        460 5.238095e-01
       461        462 2.380952e-01
       461        460 2.380952e-01
       461        461 5.238095e-01
       462        463 2.380952e-01
       462        461 2.380952e-01
       462        462 5.238095e-01
       463        464 2.380952e-01
       463        462 2.380952e-01
       463        463 5.238095e-01
       464        465 2.380952e-01
       464        463 2.380952e-01
       464        464 5.238095e-01
       465        466 2.380952e-01
       465        464 2.380952e-01
       465        465 5.238095e-01
       466        467 2.380952e-01
       466        465 2.380952e-01
       466        466 5.238095e-01
       467        468 2.380952e-01
       467        466 2.380952e-01
       467        467 5.238095e-01
       468        469 2.380952e-01
       468        467 2.380952e-01
       468        468 5.238095e-01
       469        470 2.380952e-01
       469        468 2.380952e-01
       469        469 5.238095e-01
       470        471 2.380952e-01
       470        469 2.380952e-01
       470        470 5.238095e-01
       471        472 2.380952e-01
       471        470 2.380952e-01
       471        471 5.238095e-01
       472        473 2.380952e-01
       472        471 2.380952e-01
       472        472 5.238095e-01
       473        474 2.380952e-01
       473        472 2.380952e-01
       473        473 5.238095e-01
       474        475 2.380952e-01
       474        473 2.380952e-01
       474        474 5.238095e-01
       475        476 2.380952e-01
       475        474 2.380952e-01
       475        475 5.238095e-01
       476        477 2.380952e-01
       476        475 2.380952e-01
       476        476 5.238095e-01
       477        478 2.380952e-01
       477        476 2.380952e-01
       477        477 5.238095e-01
       478        479 2.380952e-01
       478        477 2.380952e-01
       478        478 5.238095e-01
       479        480 2.380952e-01
       479        478 2.380952e-01
       479        479 5.238095e-01
       480        481 2.380952e-01
       480        479 2.380952e-01
       480        480 5.238095e-01
       481        482 2.380952e-01
       481        480 2.380952e-01
       481        481 5.238095e-01
       482        483 2.380952e-01
       482        481 2.380952e-01
       482        482 5.238095e-01
       483        484 2.380952e-01
       483        482 2.380952e-01
       483        483 5.238095e-01
       484        485 2.380952e-01
       484        483 2.380952e-01
       484        484 5.238095e-01
       485        486 2.380952e-01
       485        484 2.380952e-01
       485        485 5.238095e-01
       486        487 2.380952e-01
       486        485 2.380952e-01
       486        486 5.238095e-01
       487        488 2.380952e-01
       487        486 2.380952e-01
       487        487 5.238095e-01
       488        489 2.380952e-01
       488        487 2.380952e-01
       488        488 5.238095e-01
       489        490 2.380952e-01
       489        488 2.380952e-01
       489        489 5.238095e-01
       490        491 2.380952e-01
       490        489 2.380952e-01
       490        490 5.238095e-01
       491        492 2.380952e-01
       491        490 2.380952e-01
       491        491 5.238095e-01
       492        493 2.380952e-01
       492        491 2.380952e-01
       492        492 5.238095e-01
       493        494 2.380952e-01
       493        492 2.380952e-01
       493        493 5.238095e-01
       494        495 2.380952e-01
       494        493 2.380952e-01
       494        494 5.238095e-01
       495        496 2.380952e-01
       495        494 2.380952e-01
       495        495 5.238095e-01
       496        497 2.380952e-01
       496        495 2.380952e-01
       496        496 5.238095e-01
       497        498 2.380952e-01
       497        496 2.380952e-01
       497        497 5.238095e-01
       498        499 2.380952e-01
       498        497 2.380952e-01
       498        498 5.238095e-01
       499        500 2.380952e-01
       499        498 2.380952e-01
       499        499 5.238095e-01
       500        501 2.380952e-01
       500        499 2.380952e-01
       500        500 5.238095e-01
       501        502 2.380952e-01
       501        500 2.380952e-01
       501        501 5.238095e-01
       502        503 2.380952e-01
       502        501 2.380952e-01
       502        502 5.238095e-01
       503        504 2.380952e-01
       503        502 2.380952e-01
       503        503 5.238095e-01
       504        503 2.380952e-01
       504        504 7.619048e-01
       505        506 2.380952e-01
       505        505 7.619048e-01
       506        507 2.380952e-01
       506        505 4.761905e-02
       506        506 7.142857e-01
       507        508 2.380952e-01
       507        506 9.523810e-02
       507        507 6.666667e-01
       508        509 2.380952e-01
       508        507 1.428571e-01
       508        508 6.190476e-01
       509        510 2.380952e-01
       509        508 1.904762e-01
       509        509 5.714286e-01
       510        511 2.380952e-01
       510        509 2.380952e-01
       510        510 5.238095e-01
       511        512 2.380952e-01
       511        510 2.857143e-01
       511        511 4.761905e-01
       512        513 2.380952e-01
       512        511 2.857143e-01
       512        512 4.761905e-01
       513        514 2.380952e-01
       513        512 2.857143e-01
       513        513 4.761905e-01
       514        515 2.380952e-01
       514        513 2.857143e-01
       514        514 4.761905e-01
       515        516 2.380952e-01
       515        514 2.857143e-01
       515        515 4.761905e-01
       516        517 2.380952e-01
       516        515 2.857143e-01
       516        516 4.761905e-01
       517        518 2.380952e-01
       517        516 2.857143e-01
       517        517 4.761905e-01
       518        519 2.380952e-01
       518        517 2.857143e-01
       518        518 4.761905e-01
       519        520 2.380952e-01
       519        518 2.857143e-01
       519        519 4.761905e-01
       520        521 2.380952e-01
       520        519 2.857143e-01
       520        520 4.761905e-01
       521        522 2.380952e-01
       521        520 2.857143e-01
       521        521 4.761905e-01
       522        523 2.380952e-01
       522        521 2.857143e-01
       522        522 4.761905e-01
       523        524 2.380952e-01
       523        522 2.857143e-01
       523        523 4.761905e-01
       524        525 2.380952e-01
       524        523 2.857143e-01
       524        524 4.761905e-01
       525        526 2.380952e-01
       525        524 2.857143e-01
       525        525 4.761905e-01
       526        527 2.380952e-01
       526        525 2.857143e-01
       526        526 4.761905e-01
       527        528 2.380952e-01
       527        526 2.857143e-01
       527        527 4.761905e-01
       528        529 2.380952e-01
       528        527 2.857143e-01
       528        528 4.761905e-01
       529        530 2.380952e-01
       529        528 2.857143e-01
       529        529 4.761905e-01
       530        531 2.380952e-01
       530        529 2.857143e-01
       530        530 4.761905e-01
       531        532 2.380952e-01
       531        530 2.857143e-01
       531        531 4.761905e-01
       532        533 2.380952e-01
       532        531 2.857143e-01
       532        532 4.761905e-01
       533        534 2.380952e-01
       533        532 2.857143e-01
       533        533 4.761905e-01
       534        535 2.380952e-01
       534        533 2.857143e-01
       534        534 4.761905e-01
       535        536 2.380952e-01
       535        534 2.857143e-01
       535        535 4.761905e-01
       536        537 2.380952e-01
       536        535 2.857143e-01
       536        536 4.761905e-01
       537        538 2.380952e-01
       537        536 2.857143e-01
       537        537 4.761905e-01
       538        539 2.380952e-01
       538        537 2.857143e-01
       538        538 4.761905e-01
       539        540 2.380952e-01
       539        538 2.857143e-01
       539        539 4.761905e-01
       540        541 2.380952e-01
       540        539 2.857143e-01
       540        540 4.761905e-01
       541        542 2.380952e-01
       541        540 2.857143e-01
       541        541 4.761905e-01
       542        543 2.380952e-01
       542        541 2.857143e-01
       542        542 4.761905e-01
       543        544 2.380952e-01
       543        542 2.857143e-01
       543        543 4.761905e-01
       544        545 2.380952e-01
       544        543 2.857143e-01
       544        544 4.761905e-01
       545        546 2.380952e-01
       545        544 2.857143e-01
       545        545 4.761905e-01
       546        547 2.380952e-01
       546        545 2.857143e-01
       546        546 4.761905e-01
       547        548 2.380952e-01
       547        546 2.857143e-01
       547        547 4.761905e-01
       548        549 2.380952e-01
       548        547 2.857143e-01
       548        548 4.761905e-01
       549        550 2.380952e-01
       549        548 2.857143e-01
       549        549 4.761905e-01
       550        551 2.380952e-01
       550        549 2.857143e-01
       550        550 4.761905e-01
       551        552 2.380952e-01
       551        550 2.857143e-01
       551        551 4.761905e-01
       552        553 2.380952e-01
       552        551 2.857143e-01
       552        552 4.761905e-01
       553        554 2.380952e-01
       553        552 2.857143e-01
       553        553 4.761905e-01
       554        555 2.380952e-01
       554        553 2.857143e-01
       554        554 4.761905e-01
       555        556 2.380952e-01
       555        554 2.857143e-01
       555        555 4.761905e-01
       556        557 2.380952e-01
       556        555 2.857143e-01
       556        556 4.761905e-01
       557        558 2.380952e-01
       557        556 2.857143e-01
       557        557 4.761905e-01
       558        559 2.380952e-01
       558        557 2.857143e-01
       558        558 4.761905e-01
       559        560 2.380952e-01
       559        558 2.857143e-01
       559        559 4.761905e-01
       560        561 2.380952e-01
       560        559 2.857143e-01
       560        560 4.761905e-01
       561        562 2.380952e-01
       561        560 2.857143e-01
       561        561 4.761905e-01
       562        563 2.380952e-01
       562        561 2.857143e-01
       562        562 4.761905e-01
       563        564 2.380952e-01
       563        562 2.857143e-01
       563        563 4.761905e-01
       564        565 2.380952e-01
       564        563 2.857143e-01
       564        564 4.761905e-01
       565        566 2.380952e-01
       565        564 2.857143e-01
       565        565 4.761905e-01
       566        567 2.380952e-01
       566        565 2.857143e-01
       566        566 4.761905e-01
       567        568 2.380952e-01
       567        566 2.857143e-01
       567        567 4.761905e-01
       568        569 2.380952e-01
       568        567 2.857143e-01
       568        568 4.761905e-01
       569        570 2.380952e-01
       569        568 2.857143e-01
       569        569 4.761905e-01
       570        571 2.380952e-01
       570        569 2.857143e-01
       570        570 4.761905e-01
       571        572 2.380952e-01
       571        570 2.857143e-01
       571        571 4.761905e-01
       572        573 2.380952e-01
       572        571 2.857143e-01
       572        572 4.761905e-01
       573        574 2.380952e-01
       573        572 2.857143e-01
       573        573 4.761905e-01
       574        575 2.380952e-01
       574        573 2.857143e-01
       574        574 4.761905e-01
       575        576 2.380952e-01
       575        574 2.857143e-01
       575        575 4.761905e-01
       576        577 2.380952e-01
       576        575 2.857143e-01
       576        576 4.761905e-01
       577        578 2.380952e-01
       577        576 2.857143e-01
       577        577 4.761905e-01
       578        579 2.380952e-01
       578        577 2.857143e-01
       578        578 4.761905e-01
       579        580 2.380952e-01
       579        578 2.857143e-01
       579        579 4.761905e-01
       580        581 2.380952e-01
       580        579 2.857143e-01
       580        580 4.761905e-01
       581        582 2.380952e-01
       581        580 2.857143e-01
       581        581 4.761905e-01
       582        583 2.380952e-01
       582        581 2.857143e-01
       582        582 4.761905e-01
       583        584 2.380952e-01
       583        582 2.857143e-01
       583        583 4.761905e-01
       584        585 2.380952e-01
       584        583 2.857143e-01
       584        584 4.761905e-01
       585        586 2.380952e-01
       585        584 2.857143e-01
       585        585 4.761905e-01
       586        587 2.380952e-01
       586        585 2.857143e-01
       586        586 4.761905e-01
       587        588 2.380952e-01
       587        586 2.857143e-01
       587        587 4.761905e-01
       588        589 2.380952e-01
       588        587 2.857143e-01
       588        588 4.761905e-01
       589        590 2.380952e-01
       589        588 2.857143e-01
       589        589 4.761905e-01
       590        591 2.380952e-01
       590        589 2.857143e-01
       590        590 4.761905e-01
       591        592 2.380952e-01
       591        590 2.857143e-01
       591        591 4.761905e-01
       592        593 2.380952e-01
       592        591 2.857143e-01
       592        592 4.761905e-01
       593        594 2.380952e-01
       593        592 2.857143e-01
       593        593 4.761905e-01
       594        595 2.380952e-01
       594        593 2.857143e-01
       594        594 4.761905e-01
       595        596 2.380952e-01
       595        594 2.857143e-01
       595        595 4.761905e-01
       596        597 2.380952e-01
       596        595 2.857143e-01
       596        596 4.761905e-01
       597        598 2.380952e-01
       597        596 2.857143e-01
       597        597 4.761905e-01
       598        599 2.380952e-01
       598        597 2.857143e-01
       598        598 4.761905e-01
       599        600 2.380952e-01
       599        598 2.857143e-01
       599        599 4.761905e-01
       600        601 2.380952e-01
       600        599 2.857143e-01
       600        600 4.761905e-01
       601        602 2.380952e-01
       601        600 2.857143e-01
       601        601 4.761905e-01
       602        603 2.380952e-01
       602        601 2.857143e-01
       602        602 4.761905e-01
       603        604 2.380952e-01
       603        602 2.857143e-01
       603        603 4.761905e-01
       604        605 2.380952e-01
       604        603 2.857143e-01
       604        604 4.761905e-01
       605        604 2.857143e-01
       605        605 7.142857e-01
       606        607 2.380952e-01
       606        606 7.619048e-01
       607        608 2.380952e-01
       607        606 4.761905e-02
       607        607 7.142857e-01
       608        609 2.380952e-01
       608        607 9.523810e-02
       608        608 6.666667e-01
       609        610 2.380952e-01
       609        608 1.428571e-01
       609        609 6.190476e-01
       610        611 2.380952e-01
       610        609 1.904762e-01
       610        610 5.714286e-01
       611        612 2.380952e-01
       611        610 2.380952e-01
       611        611 5.238095e-01
       612        613 2.380952e-01
       612        611 2.857143e-01
       612        612 4.761905e-01
       613        614 2.380952e-01
       613        612 3.333333e-01
       613        613 4.285714e-01
       614        615 2.380952e-01
       614        613 3.333333e-01
       614        614 4.285714e-01
       615        616 2.380952e-01
       615        614 3.333333e-01
       615        615 4.285714e-01
       616        617 2.380952e-01
       616        615 3.333333e-01
       616        616 4.285714e-01
       617        618 2.380952e-01
       617        616 3.333333e-01
       617        617 4.285714e-01
       618        619 2.380952e-01
       618        617 3.333333e-01
       618        618 4.285714e-01
       619        620 2.380952e-01
       619        618 3.333333e-01
       619        619 4.285714e-01
       620        621 2.380952e-01
       620        619 3.333333e-01
       620        620 4.285714e-01
       621        622 2.380952e-01
       621        620 3.333333e-01
       621        621 4.285714e-01
       622        623 2.380952e-01
       622        621 3.333333e-01
       622        622 4.285714e-01
       623        624 2.380952e-01
       623        622 3.333333e-01
       623        623 4.285714e-01
       624        625 2.380952e-01
       624        623 3.333333e-01
       624        624 4.285714e-01
       625        626 2.380952e-01
       625        624 3.333333e-01
       625        625 4.285714e-01
       626        627 2.380952e-01
       626        625 3.333333e-01
       626        626 4.285714e-01
       627        628 2.380952e-01
       627        626 3.333333e-01
       627        627 4.285714e-01
       628        629 2.380952e-01
       628        627 3.333333e-01
       628        628 4.285714e-01
       629        630 2.380952e-01
       629        628 3.333333e-01
       629        629 4.285714e-01
       630        631 2.380952e-01
       630        629 3.333333e-01
       630        630 4.285714e-01
       631        632 2.380952e-01
       631        630 3.333333e-01
       631        631 4.285714e-01
       632        633 2.380952e-01
       632        631 3.333333e-01
       632        632 4.285714e-01
       633        634 2.380952e-01
       633        632 3.333333e-01
       633        633 4.285714e-01
       634        635 2.380952e-01
       634        633 3.333333e-01
       634        634 4.285714e-01
       635        636 2.380952e-01
       635        634 3.333333e-01
       635        635 4.285714e-01
       636        637 2.380952e-01
       636        635 3.333333e-01
       636        636 4.285714e-01
       637        638 2.380952e-01
       637        636 3.333333e-01
       637        637 4.285714e-01
       638        639 2.380952e-01
       638        637 3.333333e-01
       638        638 4.285714e-01
       639        640 2.380952e-01
       639        638 3.333333e-01
       639        639 4.285714e-01
       640        641 2.380952e-01
       640        639 3.333333e-01
       640        640 4.285714e-01
       641        642 2.380952e-01
       641        640 3.333333e-01
       641        641 4.285714e-01
       642        643 2.380952e-01
       642        641 3.333333e-01
       642        642 4.285714e-01
       643        644 2.380952e-01
       643        642 3.333333e-01
       643        643 4.285714e-01
       644        645 2.380952e-01
       644        643 3.333333e-01
       644        644 4.285714e-01
       645        646 2.380952e-01
       645        644 3.333333e-01
       645        645 4.285714e-01
       646        647 2.380952e-01
       646        645 3.333333e-01
       646        646 4.285714e-01
       647        648 2.380952e-01
       647        646 3.333333e-01
       647        647 4.285714e-01
       648        649 2.380952e-01
       648        647 3.333333e-01
       648        648 4.285714e-01
       649        650 2.380952e-01
       649        648 3.333333e-01
       649        649 4.285714e-01
       650        651 2.380952e-01
       650        649 3.333333e-01
       650        650 4.285714e-01
       651        652 2.380952e-01
       651        650 3.333333e-01
       651        651 4.285714e-01
       652        653 2.380952e-01
       652        651 3.333333e-01
       652        652 4.285714e-01
       653        654 2.380952e-01
       653        652 3.333333e-01
       653        653 4.285714e-01
       654        655 2.380952e-01
       654        653 3.333333e-01
       654        654 4.285714e-01
       655        656 2.380952e-01
       655        654 3.333333e-01
       655        655 4.285714e-01
       656        657 2.380952e-01
       656        655 3.333333e-01
       656        656 4.285714e-01
       657        658 2.380952e-01
       657        656 3.333333e-01
       657        657 4.285714e-01
       658        659 2.380952e-01
       658        657 3.333333e-01
       658        658 4.285714e-01
       659        660 2.380952e-01
       659        658 3.333333e-01
       659        659 4.285714e-01
       660        661 2.380952e-01
       660        659 3.333333e-01
       660        660 4.285714e-01
       661        662 2.380952e-01
       661        660 3.333333e-01
       661        661 4.285714e-01
       662        663 2.380952e-01
       662        661 3.333333e-01
       662        662 4.285714e-01
       663        664 2.380952e-01
       663        662 3.333333e-01
       663        663 4.285714e-01
       664        665 2.380952e-01
       664        663 3.333333e-01
       664        664 4.285714e-01
       665        666 2.380952e-01
       665        664 3.333333e-01
       665        665 4.285714e-01
       666        667 2.380952e-01
       666        665 3.333333e-01
       666        666 4.285714e-01
       667        668 2.380952e-01
       667        666 3.333333e-01
       667        667 4.285714e-01
       668        669 2.380952e-01
       668        667 3.333333e-01
       668        668 4.285714e-01
       669        670 2.380952e-01
       669        668 3.333333e-01
       669        669 4.285714e-01
       670        671 2.380952e-01
       670        669 3.333333e-01
       670        670 4.285714e-01
       671        672 2.380952e-01
       671        670 3.333333e-01
       671        671 4.285714e-01
       672        673 2.380952e-01
       672        671 3.333333e-01
       672        672 4.285714e-01
       673        674 2.380952e-01
       673        672 3.333333e-01
       673        673 4.285714e-01
       674        675 2.380952e-01
       674        673 3.333333e-01
       674        674 4.285714e-01
       675        676 2.380952e-01
       675        674 3.333333e-01
       675        675 4.285714e-01
       676        677 2.380952e-01
       676        675 3.333333e-01
       676        676 4.285714e-01
       677        678 2.380952e-01
       677        676 3.333333e-01
       677        677 4.285714e-01
       678        679 2.380952e-01
       678        677 3.333333e-01
       678        678 4.285714e-01
       679        680 2.380952e-01
       679        678 3.333333e-01
       679        679 4.285714e-01
       680        681 2.380952e-01
       680        679 3.333333e-01
       680        680 4.285714e-01
       681        682 2.380952e-01
       681        680 3.333333e-01
       681        681 4.285714e-01
       682        683 2.380952e-01
       682        681 3.333333e-01
       682        682 4.285714e-01
       683        684 2.380952e-01
       683        682 3.333333e-01
       683        683 4.285714e-01
       684        685 2.380952e-01
       684        683 3.333333e-01
       684        684 4.285714e-01
       685        686 2.380952e-01
       685        684 3.333333e-01
       685        685 4.285714e-01
       686        687 2.380952e-01
       686        685 3.333333e-01
       686        686 4.285714e-01
       687        688 2.380952e-01
       687        686 3.333333e-01
       687        687 4.285714e-01
       688        689 2.380952e-01
       688        687 3.333333e-01
       688        688 4.285714e-01
       689        690 2.380952e-01
       689        688 3.333333e-01
       689        689 4.285714e-01
       690        691 2.380952e-01
       690        689 3.333333e-01
       690        690 4.285714e-01
       691        692 2.380952e-01
       691        690 3.333333e-01
       691        691 4.285714e-01
       692        693 2.380952e-01
       692        691 3.333333e-01
       692        692 4.285714e-01
       693        694 2.380952e-01
       693        692 3.333333e-01
       693        693 4.285714e-01
       694        695 2.380952e-01
       694        693 3.333333e-01
       694        694 4.285714e-01
       695        696 2.380952e-01
       695        694 3.333333e-01
       695        695 4.285714e-01
       696        697 2.380952e-01
       696        695 3.333333e-01
       696        696 4.285714e-01
       697        698 2.380952e-01
       697        696 3.333333e-01
       697        697 4.285714e-01
       698        699 2.380952e-01
       698        697 3.333333e-01
       698        698 4.285714e-01
       699        700 2.380952e-01
       699        698 3.333333e-01
       699        699 4.285714e-01
       700        701 2.380952e-01
       700        699 3.333333e-01
       700        700 4.285714e-01
       701        702 2.380952e-01
       701        700 3.333333e-01
       701        701 4.285714e-01
       702        703 2.380952e-01
       702        701 3.333333e-01
       702        702 4.285714e-01
       703        704 2.380952e-01
       703        702 3.333333e-01
       703        703 4.285714e-01
       704        705 2.380952e-01
       704        703 3.333333e-01
       704        704 4.285714e-01
       705        706 2.380952e-01
       705        704 3.333333e-01
       705        705 4.285714e-01
       706        705 3.333333e-01
       706        706 6.666667e-01
       707        708 2.380952e-01
       707        707 7.619048e-01
       708        709 2.380952e-01
       708        707 4.761905e-02
       708        708 7.142857e-01
       709        710 2.380952e-01
       709        708 9.523810e-02
       709        709 6.666667e-01
       710        711 2.380952e-01
       710        709 1.428571e-01
       710        710 6.190476e-01
       711        712 2.380952e-01
       711        710 1.904762e-01
       711        711 5.714286e-01
       712        713 2.380952e-01
       712        711 2.380952e-01
       712        712 5.238095e-01
       713        714 2.380952e-01
       713        712 2.857143e-01
       713        713 4.761905e-01
       714        715 2.380952e-01
       714        713 3.333333e-01
       714        714 4.285714e-01
       715        716 2.380952e-01
       715        714 3.809524e-01
       715        715 3.809524e-01
       716        717 2.380952e-01
       716        715 3.809524e-01
       716        716 3.809524e-01
       717        718 2.380952e-01
       717        716 3.809524e-01
       717        717 3.809524e-01
       718        719 2.380952e-01
       718        717 3.809524e-01
       718        718 3.809524e-01
       719        720 2.380952e-01
       719        718 3.809524e-01
       719        719 3.809524e-01
       720        721 2.380952e-01
       720        719 3.809524e-01
       720        720 3.809524e-01
       721        722 2.380952e-01
       721        720 3.809524e-01
       721        721 3.809524e-01
       722        723 2.380952e-01
       722        721 3.809524e-01
       722        722 3.809524e-01
       723        724 2.380952e-01
       723        722 3.809524e-01
       723        723 3.809524e-01
       724        725 2.380952e-01
       724        723 3.809524e-01
       724        724 3.809524e-01
       725        726 2.380952e-01
       725        724 3.809524e-01
       725        725 3.809524e-01
       726        727 2.380952e-01
       726        725 3.809524e-01
       726        726 3.809524e-01
       727        728 2.380952e-01
       727        726 3.809524e-01
       727        727 3.809524e-01
       728        729 2.380952e-01
       728        727 3.809524e-01
       728        728 3.809524e-01
       729        730 2.380952e-01
       729        728 3.809524e-01
       729        729 3.809524e-01
       730        731 2.380952e-01
       730        729 3.809524e-01
       730        730 3.809524e-01
       731        732 2.380952e-01
       731        730 3.809524e-01
       731        731 3.809524e-01
       732        733 2.380952e-01
       732        731 3.809524e-01
       732        732 3.809524e-01
       733        734 2.380952e-01
       733        732 3.809524e-01
       733        733 3.809524e-01
       734        735 2.380952e-01
       734        733 3.809524e-01
       734        734 3.809524e-01
       735        736 2.380952e-01
       735        734 3.809524e-01
       735        735 3.809524e-01
       736        737 2.380952e-01
       736        735 3.809524e-01
       736        736 3.809524e-01
       737        738 2.380952e-01
       737        736 3.809524e-01
       737        737 3.809524e-01
       738        739 2.380952e-01
       738        737 3.809524e-01
       738        738 3.809524e-01
       739        740 2.380952e-01
       739        738 3.809524e-01
       739        739 3.809524e-01
       740        741 2.380952e-01
       740        739 3.809524e-01
       740        740 3.809524e-01
       741        742 2.380952e-01
       741        740 3.809524e-01
       741        741 3.809524e-01
       742        743 2.380952e-01
       742        741 3.809524e-01
       742        742 3.809524e-01
       743        744 2.380952e-01
       743        742 3.809524e-01
       743        743 3.809524e-01
       744        745 2.380952e-01
       744        743 3.809524e-01
       744        744 3.809524e-01
       745        746 2.380952e-01
       745        744 3.809524e-01
       745        745 3.809524e-01
       746        747 2.380952e-01
       746        745 3.809524e-01
       746        746 3.809524e-01
       747        748 2.380952e-01
       747        746 3.809524e-01
       747        747 3.809524e-01
       748        749 2.380952e-01
       748        747 3.809524e-01
       748        748 3.809524e-01
       749        750 2.380952e-01
       749        748 3.809524e-01
       749        749 3.809524e-01
       750        751 2.380952e-01
       750        749 3.809524e-01
       750        750 3.809524e-01
       751        752 2.380952e-01
       751        750 3.809524e-01
       751        751 3.809524e-01
       752        753 2.380952e-01
       752        751 3.809524e-01
       752        752 3.809524e-01
       753        754 2.380952e-01
       753        752 3.809524e-01
       753        753 3.809524e-01
       754        755 2.380952e-01
       754        753 3.809524e-01
       754        754 3.809524e-01
       755        756 2.380952e-01
       755        754 3.809524e-01
       755        755 3.809524e-01
       756        757 2.380952e-01
       756        755 3.809524e-01
       756        756 3.809524e-01
       757        758 2.380952e-01
       757        756 3.809524e-01
       757        757 3.809524e-01
       758        759 2.380952e-01
       758        757 3.809524e-01
       758        758 3.809524e-01
       759        760 2.380952e-01
       759        758 3.809524e-01
       759        759 3.809524e-01
       760        761 2.380952e-01
       760        759 3.809524e-01
       760        760 3.809524e-01
       761        762 2.380952e-01
       761        760 3.809524e-01
       761        761 3.809524e-01
       762        763 2.380952e-01
       762        761 3.809524e-01
       762        762 3.809524e-01
       763        764 2.380952e-01
       763        762 3.809524e-01
       763        763 3.809524e-01
       764        765 2.380952e-01
       764        763 3.809524e-01
       764        764 3.809524e-01
       765        766 2.380952e-01
       765        764 3.809524e-01
       765        765 3.809524e-01
       766        767 2.380952e-01
       766        765 3.809524e-01
       766        766 3.809524e-01
       767        768 2.380952e-01
       767        766 3.809524e-01
       767        767 3.809524e-01
       768        769 2.380952e-01
       768        767 3.809524e-01
       768        768 3.809524e-01
       769        770 2.380952e-01
       769        768 3.809524e-01
       769        769 3.809524e-01
       770        771 2.380952e-01
       770        769 3.809524e-01
       770        770 3.809524e-01
       771        772 2.380952e-01
       771        770 3.809524e-01
       771        771 3.809524e-01
       772        773 2.380952e-01
       772        771 3.809524e-01
       772        772 3.809524e-01
       773        774 2.380952e-01
       773        772 3.809524e-01
       773        773 3.809524e-01
       774        775 2.380952e-01
       774        773 3.809524e-01
       774        774 3.809524e-01
       775        776 2.380952e-01
       775        774 3.809524e-01
       775        775 3.809524e-01
       776        777 2.380952e-01
       776        775 3.809524e-01
       776        776 3.809524e-01
       777        778 2.380952e-01
       777        776 3.809524e-01
       777        777 3.809524e-01
       778        779 2.380952e-01
       778        777 3.809524e-01
       778        778 3.809524e-01
       779        780 2.380952e-01
       779        778 3.809524e-01
       779        779 3.809524e-01
       780        781 2.380952e-01
       780        779 3.809524e-01
       780        780 3.809524e-01
       781        782 2.380952e-01
       781        780 3.809524e-01
       781        781 3.809524e-01
       782        783 2.380952e-01
       782        781 3.809524e-01
       782        782 3.809524e-01
       783        784 2.380952e-01
       783        782 3.809524e-01
       783        783 3.809524e-01
       784        785 2.380952e-01
       784        783 3.809524e-01
       784        784 3.809524e-01
       785        786 2.380952e-01
       785        784 3.809524e-01
       785        785 3.809524e-01
       786        787 2.380952e-01
       786        785 3.809524e-01
       786        786 3.809524e-01
       787        788 2.380952e-01
       787        786 3.809524e-01
       787        787 3.809524e-01
       788        789 2.380952e-01
       788        787 3.809524e-01
       788        788 3.809524e-01
       789        790 2.380952e-01
       789        788 3.809524e-01
       789        789 3.809524e-01
       790        791 2.380952e-01
       790        789 3.809524e-01
       790        790 3.809524e-01
       791        792 2.380952e-01
       791        790 3.809524e-01
       791        791 3.809524e-01
       792        793 2.380952e-01
       792        791 3.809524e-01
       792        792 3.809524e-01
       793        794 2.380952e-01
       793        792 3.809524e-01
       793        793 3.809524e-01
       794        795 2.380952e-01
       794        793 3.809524e-01
       794        794 3.809524e-01
       795        796 2.380952e-01
       795        794 3.809524e-01
       795        795 3.809524e-01
       796        797 2.380952e-01
       796        795 3.809524e-01
       796        796 3.809524e-01
       797        798 2.380952e-01
       797        796 3.809524e-01
       797        797 3.809524e-01
       798        799 2.380952e-01
       798        797 3.809524e-01
       798        798 3.809524e-01
       799        800 2.380952e-01
       799        798 3.809524e-01
       799        799 3.809524e-01
       800        801 2.380952e-01
       800        799 3.809524e-01
       800        800 3.809524e-01
       801        802 2.380952e-01
       801        800 3.809524e-01
       801        801 3.809524e-01
       802        803 2.380952e-01
       802        801 3.809524e-01
       802        802 3.809524e-01
       803        804 2.380952e-01
       803        802 3.809524e-01
       803        803 3.809524e-01
       804        805 2.380952e-01
       804        803 3.809524e-01
       804        804 3.809524e-01
       805        806 2.380952e-01
       805        804 3.809524e-01
       805        805 3.809524e-01
       806        807 2.380952e-01
       806        805 3.809524e-01
       806        806 3.809524e-01
       807        806 3.809524e-01
       807        807 6.190476e-01
       808        809 2.380952e-01
       808        808 7.619048e-01
       809        810 2.380952e-01
       809        808 4.761905e-02
       809        809 7.142857e-01
       810        811 2.380952e-01
       810        809 9.523810e-02
       810        810 6.666667e-01
       811        812 2.380952e-01
       811        810 1.428571e-01
       811        811 6.190476e-01
       812        813 2.380952e-01
       812        811 1.904762e-01
       812        812 5.714286e-01
       813        814 2.380952e-01
       813        812 2.380952e-01
       813        813 5.238095e-01
       814        815 2.380952e-01
       814        813 2.857143e-01
       814        814 4.761905e-01
       815        816 2.380952e-01
       815        814 3.333333e-01
       815        815 4.285714e-01
       816        817 2.380952e-01
       816        815 3.809524e-01
       816        816 3.809524e-01
       817        818 2.380952e-01
       817        816 4.285714e-01
       817        817 3.333333e-01
       818        819 2.380952e-01
       818        817 4.285714e-01
       818        818 3.333333e-01
       819        820 2.380952e-01
       819        818 4.285714e-01
       819        819 3.333333e-01
       820        821 2.380952e-01
       820        819 4.285714e-01
       820        820 3.333333e-01
       821        822 2.380952e-01
       821        820 4.285714e-01
       821        821 3.333333e-01
       822        823 2.380952e-01
       822        821 4.285714e-01
       822        822 3.333333e-01
       823        824 2.380952e-01
       823        822 4.285714e-01
       823        823 3.333333e-01
       824        825 2.380952e-01
       824        823 4.285714e-01
       824        824 3.333333e-01
       825        826 2.380952e-01
       825        824 4.285714e-01
       825        825 3.333333e-01
       826        827 2.380952e-01
       826        825 4.285714e-01
       826        826 3.333333e-01
       827        828 2.380952e-01
       827        826 4.285714e-01
       827        827 3.333333e-01
       828        829 2.380952e-01
       828        827 4.285714e-01
       828        828 3.333333e-01
       829        830 2.380952e-01
       829        828 4.285714e-01
       829        829 3.333333e-01
       830        831 2.380952e-01
       830        829 4.285714e-01
       830        830 3.333333e-01
       831        832 2.380952e-01
       831        830 4.285714e-01
       831        831 3.333333e-01
       832        833 2.380952e-01
       832        831 4.285714e-01
       832        832 3.333333e-01
       833        834 2.380952e-01
       833        832 4.285714e-01
       833        833 3.333333e-01
       834        835 2.380952e-01
       834        833 4.285714e-01
       834        834 3.333333e-01
       835        836 2.380952e-01
       835        834 4.285714e-01
       835        835 3.333333e-01
       836        837 2.380952e-01
       836        835 4.285714e-01
       836        836 3.333333e-01
       837        838 2.380952e-01
       837        836 4.285714e-01
       837        837 3.333333e-01
       838        839 2.380952e-01
       838        837 4.285714e-01
       838        838 3.333333e-01
       839        840 2.380952e-01
       839        838 4.285714e-01
       839        839 3.333333e-01
       840        841 2.380952e-01
       840        839 4.285714e-01
       840        840 3.333333e-01
       841        842 2.380952e-01
       841        840 4.285714e-01
       841        841 3.333333e-01
       842        843 2.380952e-01
       842        841 4.285714e-01
       842        842 3.333333e-01
       843        844 2.380952e-01
       843        842 4.285714e-01
       843        843 3.333333e-01
       844        845 2.380952e-01
       844        843 4.285714e-01
       844        844 3.333333e-01
       845        846 2.380952e-01
       845        844 4.285714e-01
       845        845 3.333333e-01
       846        847 2.380952e-01
       846        845 4.285714e-01
       846        846 3.333333e-01
       847        848 2.380952e-01
       847        846 4.285714e-01
       847        847 3.333333e-01
       848        849 2.380952e-01
       848        847 4.285714e-01
       848        848 3.333333e-01
       849        850 2.380952e-01
       849        848 4.285714e-01
       849        849 3.333333e-01
       850        851 2.380952e-01
       850        849 4.285714e-01
       850        850 3.333333e-01
       851        852 2.380952e-01
       851        850 4.285714e-01
       851        851 3.333333e-01
       852        853 2.380952e-01
       852        851 4.285714e-01
       852        852 3.333333e-01
       853        854 2.380952e-01
       853        852 4.285714e-01
       853        853 3.333333e-01
       854        855 2.380952e-01
       854        853 4.285714e-01
       854        854 3.333333e-01
       855        856 2.380952e-01
       855        854 4.285714e-01
       855        855 3.333333e-01
       856        857 2.380952e-01
       856        855 4.285714e-01
       856        856 3.333333e-01
       857        858 2.380952e-01
       857        856 4.285714e-01
       857        857 3.333333e-01
       858        859 2.380952e-01
       858        857 4.285714e-01
       858        858 3.333333e-01
       859        860 2.380952e-01
       859        858 4.285714e-01
       859        859 3.333333e-01
       860        861 2.380952e-01
       860        859 4.285714e-01
       860        860 3.333333e-01
       861        862 2.380952e-01
       861        860 4.285714e-01
       861        861 3.333333e-01
       862        863 2.380952e-01
       862        861 4.285714e-01
       862        862 3.333333e-01
       863        864 2.380952e-01
       863        862 4.285714e-01
       863        863 3.333333e-01
       864        865 2.380952e-01
       864        863 4.285714e-01
       864        864 3.333333e-01
       865        866 2.380952e-01
       865        864 4.285714e-01
       865        865 3.333333e-01
       866        867 2.380952e-01
       866        865 4.285714e-01
       866        866 3.333333e-01
       867        868 2.380952e-01
       867        866 4.285714e-01
       867        867 3.333333e-01
       868        869 2.380952e-01
       868        867 4.285714e-01
       868        868 3.333333e-01
       869        870 2.380952e-01
       869        868 4.285714e-01
       869        869 3.333333e-01
       870        871 2.380952e-01
       870        869 4.285714e-01
       870        870 3.333333e-01
       871        872 2.380952e-01
       871        870 4.285714e-01
       871        871 3.333333e-01
       872        873 2.380952e-01
       872        871 4.285714e-01
       872        872 3.333333e-01
       873        874 2.380952e-01
       873        872 4.285714e-01
       873        873 3.333333e-01
       874        875 2.380952e-01
       874        873 4.285714e-01
       874        874 3.333333e-01
       875        876 2.380952e-01
       875        874 4.285714e-01
       875        875 3.333333e-01
       876        877 2.380952e-01
       876        875 4.285714e-01
       876        876 3.333333e-01
       877        878 2.380952e-01
       877        876 4.285714e-01
       877        877 3.333333e-01
       878        879 2.380952e-01
       878        877 4.285714e-01
       878        878 3.333333e-01
       879        880 2.380952e-01
       879        878 4.285714e-01
       879        879 3.333333e-01
       880        881 2.380952e-01
       880        879 4.285714e-01
       880        880 3.333333e-01
       881        882 2.380952e-01
       881        880 4.285714e-01
       881        881 3.333333e-01
       882        883 2.380952e-01
       882        881 4.285714e-01
       882        882 3.333333e-01
       883        884 2.380952e-01
       883        882 4.285714e-01
       883        883 3.333333e-01
       884        885 2.380952e-01
       884        883 4.285714e-01
       884        884 3.333333e-01
       885        886 2.380952e-01
       885        884 4.285714e-01
       885        885 3.333333e-01
       886        887 2.380952e-01
       886        885 4.285714e-01
       886        886 3.333333e-01
       887        888 2.380952e-01
       887        886 4.285714e-01
       887        887 3.333333e-01
       888        889 2.380952e-01
       888        887 4.285714e-01
       888        888 3.333333e-01
       889        890 2.380952e-01
       889        888 4.285714e-01
       889        889 3.333333e-01
       890        891 2.380952e-01
       890        889 4.285714e-01
       890        890 3.333333e-01
       891        892 2.380952e-01
       891        890 4.285714e-01
       891        891 3.333333e-01
       892        893 2.380952e-01
       892        891 4.285714e-01
       892        892 3.333333e-01
       893        894 2.380952e-01
       893        892 4.285714e-01
       893        893 3.333333e-01
       894        895 2.380952e-01
       894        893 4.285714e-01
       894        894 3.333333e-01
       895        896 2.380952e-01
       895        894 4.285714e-01
       895        895 3.333333e-01
       896        897 2.380952e-01
       896        895 4.285714e-01
       896        896 3.333333e-01
       897        898 2.380952e-01
       897        896 4.285714e-01
       897        897 3.333333e-01
       898        899 2.380952e-01
       898        897 4.285714e-01
       898        898 3.333333e-01
       899        900 2.380952e-01
       899        898 4.285714e-01
       899        899 3.333333e-01
       900        901 2.380952e-01
       900        899 4.285714e-01
       900        900 3.333333e-01
       901        902 2.380952e-01
       901        900 4.285714e-01
       901        901 3.333333e-01
       902        903 2.380952e-01
       902        901 4.285714e-01
       902        902 3.333333e-01
       903        904 2.380952e-01
       903        902 4.285714e-01
       903        903 3.333333e-01
       904        905 2.380952e-01
       904        903 4.285714e-01
       904        904 3.333333e-01
       905        906 2.380952e-01
       905        904 4.285714e-01
       905        905 3.333333e-01
       906        907 2.380952e-01
       906        905 4.285714e-01
       906        906 3.333333e-01
       907        908 2.380952e-01
       907        906 4.285714e-01
       907        907 3.333333e-01
       908        907 4.285714e-01
       908        908 5.714286e-01
       909        910 2.380952e-01
       909        909 7.619048e-01
       910        911 2.380952e-01
       910        909 4.761905e-02
       910        910 7.142857e-01
       911        912 2.380952e-01
       911        910 9.523810e-02
       911        911 6.666667e-01
       912        913 2.380952e-01
       912        911 1.428571e-01
       912        912 6.190476e-01
       913        914 2.380952e-01
       913        912 1.904762e-01
       913        913 5.714286e-01
       914        915 2.380952e-01
       914        913 2.380952e-01
       914        914 5.238095e-01
       915        916 2.380952e-01
       915        914 2.857143e-01
       915        915 4.761905e-01
       916        917 2.380952e-01
       916        915 3.333333e-01
       916        916 4.285714e-01
       917        918 2.380952e-01
       917        916 3.809524e-01
       917        917 3.809524e-01
       918        919 2.380952e-01
       918        917 4.285714e-01
       918        918 3.333333e-01
       919        920 2.380952e-01
       919        918 4.761905e-01
       919        919 2.857143e-01
       920        921 2.380952e-01
       920        919 4.761905e-01
       920        920 2.857143e-01
       921        922 2.380952e-01
       921        920 4.761905e-01
       921        921 2.857143e-01
       922        923 2.380952e-01
       922        921 4.761905e-01
       922        922 2.857143e-01
       923        924 2.380952e-01
       923        922 4.761905e-01
       923        923 2.857143e-01
       924        925 2.380952e-01
       924        923 4.761905e-01
       924        924 2.857143e-01
       925        926 2.380952e-01
       925        924 4.761905e-01
       925        925 2.857143e-01
       926        927 2.380952e-01
       926        925 4.761905e-01
       926        926 2.857143e-01
       927        928 2.380952e-01
       927        926 4.761905e-01
       927        927 2.857143e-01
       928        929 2.380952e-01
       928        927 4.761905e-01
       928        928 2.857143e-01
       929        930 2.380952e-01
       929        928 4.761905e-01
       929        929 2.857143e-01
       930        931 2.380952e-01
       930        929 4.761905e-01
       930        930 2.857143e-01
       931        932 2.380952e-01
       931        930 4.761905e-01
       931        931 2.857143e-01
       932        933 2.380952e-01
       932        931 4.761905e-01
       932        932 2.857143e-01
       933        934 2.380952e-01
       933        932 4.761905e-01
       933        933 2.857143e-01
       934        935 2.380952e-01
       934        933 4.761905e-01
       934        934 2.857143e-01
       935        936 2.380952e-01
       935        934 4.761905e-01
       935        935 2.857143e-01
       936        937 2.380952e-01
       936        935 4.761905e-01
       936        936 2.857143e-01
       937        938 2.380952e-01
       937        936 4.761905e-01
       937        937 2.857143e-01
       938        939 2.380952e-01
       938        937 4.761905e-01
       938        938 2.857143e-01
       939        940 2.380952e-01
       939        938 4.761905e-01
       939        939 2.857143e-01
       940        941 2.380952e-01
       940        939 4.761905e-01
       940        940 2.857143e-01
       941        942 2.380952e-01
       941        940 4.761905e-01
       941        941 2.857143e-01
       942        943 2.380952e-01
       942        941 4.761905e-01
       942        942 2.857143e-01
       943        944 2.380952e-01
       943        942 4.761905e-01
       943        943 2.857143e-01
       944        945 2.380952e-01
       944        943 4.761905e-01
       944        944 2.857143e-01
       945        946 2.380952e-01
       945        944 4.761905e-01
       945        945 2.857143e-01
       946        947 2.380952e-01
       946        945 4.761905e-01
       946        946 2.857143e-01
       947        948 2.380952e-01
       947        946 4.761905e-01
       947        947 2.857143e-01
       948        949 2.380952e-01
       948        947 4.761905e-01
       948        948 2.857143e-01
       949        950 2.380952e-01
       949        948 4.761905e-01
       949        949 2.857143e-01
       950        951 2.380952e-01
       950        949 4.761905e-01
       950        950 2.857143e-01
       951        952 2.380952e-01
       951        950 4.761905e-01
       951        951 2.857143e-01
       952        953 2.380952e-01
       952        951 4.761905e-01
       952        952 2.857143e-01
       953        954 2.380952e-01
       953        952 4.761905e-01
       953        953 2.857143e-01
       954        955 2.380952e-01
       954        953 4.761905e-01
       954        954 2.857143e-01
       955        956 2.380952e-01
       955        954 4.761905e-01
       955        955 2.857143e-01
       956        957 2.380952e-01
       956        955 4.761905e-01
       956        956 2.857143e-01
       957        958 2.380952e-01
       957        956 4.761905e-01
       957        957 2.857143e-01
       958        959 2.380952e-01
       958        957 4.761905e-01
       958        958 2.857143e-01
       959        960 2.380952e-01
       959        958 4.761905e-01
       959        959 2.857143e-01
       960        961 2.380952e-01
       960        959 4.761905e-01
       960        960 2.857143e-01
       961        962 2.380952e-01
       961        960 4.761905e-01
       961        961 2.857143e-01
       962        963 2.380952e-01
       962        961 4.761905e-01
       962        962 2.857143e-01
       963        964 2.380952e-01
       963        962 4.761905e-01
       963        963 2.857143e-01
       964        965 2.380952e-01
       964        963 4.761905e-01
       964        964 2.857143e-01
       965        966 2.380952e-01
       965        964 4.761905e-01
       965        965 2.857143e-01
       966        967 2.380952e-01
       966        965 4.761905e-01
       966        966 2.857143e-01
       967        968 2.380952e-01
       967        966 4.761905e-01
       967        967 2.857143e-01
       968        969 2.380952e-01
       968        967 4.761905e-01
       968        968 2.857143e-01
       969        970 2.380952e-01
       969        968 4.761905e-01
       969        969 2.857143e-01
       970        971 2.380952e-01
       970        969 4.761905e-01
       970        970 2.857143e-01
       971        972 2.380952e-01
       971        970 4.761905e-01
       971        971 2.857143e-01
       972        973 2.380952e-01
       972        971 4.761905e-01
       972        972 2.857143e-01
       973        974 2.380952e-01
       973        972 4.761905e-01
       973        973 2.857143e-01
       974        975 2.380952e-01
       974        973 4.761905e-01
       974        974 2.857143e-01
       975        976 2.380952e-01
       975        974 4.761905e-01
       975        975 2.857143e-01
       976        977 2.380952e-01
       976        975 4.761905e-01
       976        976 2.857143e-01
       977        978 2.380952e-01
       977        976 4.761905e-01
       977        977 2.857143e-01
       978        979 2.380952e-01
       978        977 4.761905e-01
       978        978 2.857143e-01
       979        980 2.380952e-01
       979        978 4.761905e-01
       979        979 2.857143e-01
       980        981 2.380952e-01
       980        979 4.761905e-01
       980        980 2.857143e-01
       981        982 2.380952e-01
       981        980 4.761905e-01
       981        981 2.857143e-01
       982        983 2.380952e-01
       982        981 4.761905e-01
       982        982 2.857143e-01
       983        984 2.380952e-01
       983        982 4.761905e-01
       983        983 2.857143e-01
       984        985 2.380952e-01
       984        983 4.761905e-01
       984        984 2.857143e-01
       985        986 2.380952e-01
       985        984 4.761905e-01
       985        985 2.857143e-01
       986        987 2.380952e-01
       986        985 4.761905e-01
       986        986 2.857143e-01
       987        988 2.380952e-01
       987        986 4.761905e-01
       987        987 2.857143e-01
       988        989 2.380952e-01
       988        987 4.761905e-01
       988        988 2.857143e-01
       989        990 2.380952e-01
       989        988 4.761905e-01
       989        989 2.857143e-01
       990        991 2.380952e-01
       990        989 4.761905e-01
       990        990 2.857143e-01
       991        992 2.380952e-01
       991        990 4.761905e-01
       991        991 2.857143e-01
       992        993 2.380952e-01
       992        991 4.761905e-01
       992        992 2.857143e-01
       993        994 2.380952e-01
       993        992 4.761905e-01
       993        993 2.857143e-01
       994        995 2.380952e-01
       994        993 4.761905e-01
       994        994 2.857143e-01
       995        996 2.380952e-01
       995        994 4.761905e-01
       995        995 2.857143e-01
       996        997 2.380952e-01
       996        995 4.761905e-01
       996        996 2.857143e-01
       997        998 2.380952e-01
       997        996 4.761905e-01
       997        997 2.857143e-01
       998        999 2.380952e-01
       998        997 4.761905e-01
       998        998 2.857143e-01
       999       1000 2.380952e-01
       999        998 4.761905e-01
       999        999 2.857143e-01
      1000       1001 2.380952e-01
      1000        999 4.761905e-01
      1000       1000 2.857143e-01
      1001       1002 2.380952e-01
      1001       1000 4.761905e-01
      1001       1001 2.857143e-01
      1002       1003 2.380952e-01
      1002       1001 4.761905e-01
      1002       1002 2.857143e-01
      1003       1004 2.380952e-01
      1003       1002 4.761905e-01
      1003       1003 2.857143e-01
      1004       1005 2.380952e-01
      1004       1003 4.761905e-01
      1004       1004 2.857143e-01
      1005       1006 2.380952e-01
      1005       1004 4.761905e-01
      1005       1005 2.857143e-01
      1006       1007 2.380952e-01
      1006       1005 4.761905e-01
      1006       1006 2.857143e-01
      1007       1008 2.380952e-01
      1007       1006 4.761905e-01
      1007       1007 2.857143e-01
      1008       1009 2.380952e-01
      1008       1007 4.761905e-01
      1008       1008 2.857143e-01
      1009       1008 4.761905e-01
      1009       1009 5.238095e-01
      1010       1011 2.380952e-01
      1010       1010 7.619048e-01
      1011       1012 2.380952e-01
      1011       1010 4.761905e-02
      1011       1011 7.142857e-01
      1012       1013 2.380952e-01
      1012       1011 9.523810e-02
      1012       1012 6.666667e-01
      1013       1014 2.380952e-01
      1013       1012 1.428571e-01
      1013       1013 6.190476e-01
      1014       1015 2.380952e-01
      1014       1013 1.904762e-01
      1014       1014 5.714286e-01
      1015       1016 2.380952e-01
      1015       1014 2.380952e-01
      1015       1015 5.238095e-01
      1016       1017 2.380952e-01
      1016       1015 2.857143e-01
      1016       1016 4.761905e-01
      1017       1018 2.380952e-01
      1017       1016 3.333333e-01
      1017       1017 4.285714e-01
      1018       1019 2.380952e-01
      1018       1017 3.809524e-01
      1018       1018 3.809524e-01
      1019       1020 2.380952e-01
      1019       1018 4.285714e-01
      1019       1019 3.333333e-01
      1020       1021 2.380952e-01
      1020       1019 4.761905e-01
      1020       1020 2.857143e-01
      1021       1022 2.380952e-01
      1021       1020 5.238095e-01
      1021       1021 2.380952e-01
      1022       1023 2.380952e-01
      1022       1021 5.238095e-01
      1022       1022 2.380952e-01
      1023       1024 2.380952e-01
      1023       1022 5.238095e-01
      1023       1023 2.380952e-01
      1024       1025 2.380952e-01
      1024       1023 5.238095e-01
      1024       1024 2.380952e-01
      1025       1026 2.380952e-01
      1025       1024 5.238095e-01
      1025       1025 2.380952e-01
      1026       1027 2.380952e-01
      1026       1025 5.238095e-01
      1026       1026 2.380952e-01
      1027       1028 2.380952e-01
      1027       1026 5.238095e-01
      1027       1027 2.380952e-01
      1028       1029 2.380952e-01
      1028       1027 5.238095e-01
      1028       1028 2.380952e-01
      1029       1030 2.380952e-01
      1029       1028 5.238095e-01
      1029       1029 2.380952e-01
      1030       1031 2.380952e-01
      1030       1029 5.238095e-01
      1030       1030 2.380952e-01
      1031       1032 2.380952e-01
      1031       1030 5.238095e-01
      1031       1031 2.380952e-01
      1032       1033 2.380952e-01
      1032       1031 5.238095e-01
      1032       1032 2.380952e-01
      1033       1034 2.380952e-01
      1033       1032 5.238095e-01
      1033       1033 2.380952e-01
      1034       1035 2.380952e-01
      1034       1033 5.238095e-01
      1034       1034 2.380952e-01
      1035       1036 2.380952e-01
      1035       1034 5.238095e-01
      1035       1035 2.380952e-01
      1036       1037 2.380952e-01
      1036       1035 5.238095e-01
      1036       1036 2.380952e-01
      1037       1038 2.380952e-01
      1037       1036 5.238095e-01
      1037       1037 2.380952e-01
      1038       1039 2.380952e-01
      1038       1037 5.238095e-01
      1038       1038 2.380952e-01
      1039       1040 2.380952e-01
      1039       1038 5.238095e-01
      1039       1039 2.380952e-01
      1040       1041 2.380952e-01
      1040       1039 5.238095e-01
      1040       1040 2.380952e-01
      1041       1042 2.380952e-01
      1041       1040 5.238095e-01
      1041       1041 2.380952e-01
      1042       1043 2.380952e-01
      1042       1041 5.238095e-01
      1042       1042 2.380952e-01
      1043       1044 2.380952e-01
      1043       1042 5.238095e-01
      1043       1043 2.380952e-01
      1044       1045 2.380952e-01
      1044       1043 5.238095e-01
      1044       1044 2.380952e-01
      1045       1046 2.380952e-01
      1045       1044 5.238095e-01
      1045       1045 2.380952e-01
      1046       1047 2.380952e-01
      1046       1045 5.238095e-01
      1046       1046 2.380952e-01
      1047       1048 2.380952e-01
      1047       1046 5.238095e-01
      1047       1047 2.380952e-01
      1048       1049 2.380952e-01
      1048       1047 5.238095e-01
      1048       1048 2.380952e-01
      1049       1050 2.380952e-01
      1049       1048 5.238095e-01
      1049       1049 2.380952e-01
      1050       1051 2.380952e-01
      1050       1049 5.238095e-01
      1050       1050 2.380952e-01
      1051       1052 2.380952e-01
      1051       1050 5.238095e-01
      1051       1051 2.380952e-01
      1052       1053 2.380952e-01
      1052       1051 5.238095e-01
      1052       1052 2.380952e-01
      1053       1054 2.380952e-01
      1053       1052 5.238095e-01
      1053       1053 2.380952e-01
      1054       1055 2.380952e-01
      1054       1053 5.238095e-01
      1054       1054 2.380952e-01
      1055       1056 2.380952e-01
      1055       1054 5.238095e-01
      1055       1055 2.380952e-01
      1056       1057 2.380952e-01
      1056       1055 5.238095e-01
      1056       1056 2.380952e-01
      1057       1058 2.380952e-01
      1057       1056 5.238095e-01
      1057       1057 2.380952e-01
      1058       1059 2.380952e-01
      1058       1057 5.238095e-01
      1058       1058 2.380952e-01
      1059       1060 2.380952e-01
      1059       1058 5.238095e-01
      1059       1059 2.380952e-01
      1060       1061 2.380952e-01
      1060       1059 5.238095e-01
      1060       1060 2.380952e-01
      1061       1062 2.380952e-01
      1061       1060 5.238095e-01
      1061       1061 2.380952e-01
      1062       1063 2.380952e-01
      1062       1061 5.238095e-01
      1062       1062 2.380952e-01
      1063       1064 2.380952e-01
      1063       1062 5.238095e-01
      1063       1063 2.380952e-01
      1064       1065 2.380952e-01
      1064       1063 5.238095e-01
      1064       1064 2.380952e-01
      1065       1066 2.380952e-01
      1065       1064 5.238095e-01
      1065       1065 2.380952e-01
      1066       1067 2.380952e-01
      1066       1065 5.238095e-01
      1066       1066 2.380952e-01
      1067       1068 2.380952e-01
      1067       1066 5.238095e-01
      1067       1067 2.380952e-01
      1068       1069 2.380952e-01
      1068       1067 5.238095e-01
      1068       1068 2.380952e-01
      1069       1070 2.380952e-01
      1069       1068 5.238095e-01
      1069       1069 2.380952e-01
      1070       1071 2.380952e-01
      1070       1069 5.238095e-01
      1070       1070 2.380952e-01
      1071       1072 2.380952e-01
      1071       1070 5.238095e-01
      1071       1071 2.380952e-01
      1072       1073 2.380952e-01
      1072       1071 5.238095e-01
      1072       1072 2.380952e-01
      1073       1074 2.380952e-01
      1073       1072 5.238095e-01
      1073       1073 2.380952e-01
      1074       1075 2.380952e-01
      1074       1073 5.238095e-01
      1074       1074 2.380952e-01
      1075       1076 2.380952e-01
      1075       1074 5.238095e-01
      1075       1075 2.380952e-01
      1076       1077 2.380952e-01
      1076       1075 5.238095e-01
      1076       1076 2.380952e-01
      1077       1078 2.380952e-01
      1077       1076 5.238095e-01
      1077       1077 2.380952e-01
      1078       1079 2.380952e-01
      1078       1077 5.238095e-01
      1078       1078 2.380952e-01
      1079       1080 2.380952e-01
      1079       1078 5.238095e-01
      1079       1079 2.380952e-01
      1080       1081 2.380952e-01
      1080       1079 5.238095e-01
      1080       1080 2.380952e-01
      1081       1082 2.380952e-01
      1081       1080 5.238095e-01
      1081       1081 2.380952e-01
      1082       1083 2.380952e-01
      1082       1081 5.238095e-01
      1082       1082 2.380952e-01
      1083       1084 2.380952e-01
      1083       1082 5.238095e-01
      1083       1083 2.380952e-01
      1084       1085 2.380952e-01
      1084       1083 5.238095e-01
      1084       1084 2.380952e-01
      1085       1086 2.380952e-01
      1085       1084 5.238095e-01
      1085       1085 2.380952e-01
      1086       1087 2.380952e-01
      1086       1085 5.238095e-01
      1086       1086 2.380952e-01
      1087       1088 2.380952e-01
      1087       1086 5.238095e-01
      1087       1087 2.380952e-01
      1088       1089 2.380952e-01
      1088       1087 5.238095e-01
      1088       1088 2.380952e-01
      1089       1090 2.380952e-01
      1089       1088 5.238095e-01
      1089       1089 2.380952e-01
      1090       1091 2.380952e-01
      1090       1089 5.238095e-01
      1090       1090 2.380952e-01
      1091       1092 2.380952e-01
      1091       1090 5.238095e-01
      1091       1091 2.380952e-01
      1092       1093 2.380952e-01
      1092       1091 5.238095e-01
      1092       1092 2.380952e-01
      1093       1094 2.380952e-01
      1093       1092 5.238095e-01
      1093       1093 2.380952e-01
      1094       1095 2.380952e-01
      1094       1093 5.238095e-01
      1094       1094 2.380952e-01
      1095       1096 2.380952e-01
      1095       1094 5.238095e-01
      1095       1095 2.380952e-01
      1096       1097 2.380952e-01
      1096       1095 5.238095e-01
      1096       1096 2.380952e-01
      1097       1098 2.380952e-01
      1097       1096 5.238095e-01
      1097       1097 2.380952e-01
      1098       1099 2.380952e-01
      1098       1097 5.238095e-01
      1098       1098 2.380952e-01
      1099       1100 2.380952e-01
      1099       1098 5.238095e-01
      1099       1099 2.380952e-01
      1100       1101 2.380952e-01
      1100       1099 5.238095e-01
      1100       1100 2.380952e-01
      1101       1102 2.380952e-01
      1101       1100 5.238095e-01
      1101       1101 2.380952e-01
      1102       1103 2.380952e-01
      1102       1101 5.238095e-01
      1102       1102 2.380952e-01
      1103       1104 2.380952e-01
      1103       1102 5.238095e-01
      1103       1103 2.380952e-01
      1104       1105 2.380952e-01
      1104       1103 5.238095e-01
      1104       1104 2.380952e-01
      1105       1106 2.380952e-01
      1105       1104 5.238095e-01
      1105       1105 2.380952e-01
      1106       1107 2.380952e-01
      1106       1105 5.238095e-01
      1106       1106 2.380952e-01
      1107       1108 2.380952e-01
      1107       1106 5.238095e-01
      1107       1107 2.380952e-01
      1108       1109 2.380952e-01
      1108       1107 5.238095e-01
      1108       1108 2.380952e-01
      1109       1110 2.380952e-01
      1109       1108 5.238095e-01
      1109       1109 2.380952e-01
      1110       1109 5.238095e-01
      1110       1110 4.761905e-01
      1111       1112 2.380952e-01
      1111       1111 7.619048e-01
      1112       1113 2.380952e-01
      1112       1111 4.761905e-02
      1112       1112 7.142857e-01
      1113       1114 2.380952e-01
      1113       1112 9.523810e-02
      1113       1113 6.666667e-01
      1114       1115 2.380952e-01
      1114       1113 1.428571e-01
      1114       1114 6.190476e-01
      1115       1116 2.380952e-01
      1115       1114 1.904762e-01
      1115       1115 5.714286e-01
      1116       1117 2.380952e-01
      1116       1115 2.380952e-01
      1116       1116 5.238095e-01
      1117       1118 2.380952e-01
      1117       1116 2.857143e-01
      1117       1117 4.761905e-01
      1118       1119 2.380952e-01
      1118       1117 3.333333e-01
      1118       1118 4.285714e-01
      1119       1120 2.380952e-01
      1119       1118 3.809524e-01
      1119       1119 3.809524e-01
      1120       1121 2.380952e-01
      1120       1119 4.285714e-01
      1120       1120 3.333333e-01
      1121       1122 2.380952e-01
      1121       1120 4.761905e-01
      1121       1121 2.857143e-01
      1122       1123 2.380952e-01
      1122       1121 5.238095e-01
      1122       1122 2.380952e-01
      1123       1124 2.380952e-01
      1123       1122 5.714286e-01
      1123       1123 1.904762e-01
      1124       1125 2.380952e-01
      1124       1123 5.714286e-01
      1124       1124 1.904762e-01
      1125       1126 2.380952e-01
      1125       1124 5.714286e-01
      1125       1125 1.904762e-01
      1126       1127 2.380952e-01
      1126       1125 5.714286e-01
      1126       1126 1.904762e-01
      1127       1128 2.380952e-01
      1127       1126 5.714286e-01
      1127       1127 1.904762e-01
      1128       1129 2.380952e-01
      1128       1127 5.714286e-01
      1128       1128 1.904762e-01
      1129       1130 2.380952e-01
      1129       1128 5.714286e-01
      1129       1129 1.904762e-01
      1130       1131 2.380952e-01
      1130       1129 5.714286e-01
      1130       1130 1.904762e-01
      1131       1132 2.380952e-01
      1131       1130 5.714286e-01
      1131       1131 1.904762e-01
      1132       1133 2.380952e-01
      1132       1131 5.714286e-01
      1132       1132 1.904762e-01
      1133       1134 2.380952e-01
      1133       1132 5.714286e-01
      1133       1133 1.904762e-01
      1134       1135 2.380952e-01
      1134       1133 5.714286e-01
      1134       1134 1.904762e-01
      1135       1136 2.380952e-01
      1135       1134 5.714286e-01
      1135       1135 1.904762e-01
      1136       1137 2.380952e-01
      1136       1135 5.714286e-01
      1136       1136 1.904762e-01
      1137       1138 2.380952e-01
      1137       1136 5.714286e-01
      1137       1137 1.904762e-01
      1138       1139 2.380952e-01
      1138       1137 5.714286e-01
      1138       1138 1.904762e-01
      1139       1140 2.380952e-01
      1139       1138 5.714286e-01
      1139       1139 1.904762e-01
      1140       1141 2.380952e-01
      1140       1139 5.714286e-01
      1140       1140 1.904762e-01
      1141       1142 2.380952e-01
      1141       1140 5.714286e-01
      1141       1141 1.904762e-01
      1142       1143 2.380952e-01
      1142       1141 5.714286e-01
      1142       1142 1.904762e-01
      1143       1144 2.380952e-01
      1143       1142 5.714286e-01
      1143       1143 1.904762e-01
      1144       1145 2.380952e-01
      1144       1143 5.714286e-01
      1144       1144 1.904762e-01
      1145       1146 2.380952e-01
      1145       1144 5.714286e-01
      1145       1145 1.904762e-01
      1146       1147 2.380952e-01
      1146       1145 5.714286e-01
      1146       1146 1.904762e-01
      1147       1148 2.380952e-01
      1147       1146 5.714286e-01
      1147       1147 1.904762e-01
      1148       1149 2.380952e-01
      1148       1147 5.714286e-01
      1148       1148 1.904762e-01
      1149       1150 2.380952e-01
      1149       1148 5.714286e-01
      1149       1149 1.904762e-01
      1150       1151 2.380952e-01
      1150       1149 5.714286e-01
      1150       1150 1.904762e-01
      1151       1152 2.380952e-01
      1151       1150 5.714286e-01
      1151       1151 1.904762e-01
      1152       1153 2.380952e-01
      1152       1151 5.714286e-01
      1152       1152 1.904762e-01
      1153       1154 2.380952e-01
      1153       1152 5.714286e-01
      1153       1153 1.904762e-01
      1154       1155 2.380952e-01
      1154       1153 5.714286e-01
      1154       1154 1.904762e-01
      1155       1156 2.380952e-01
      1155       1154 5.714286e-01
      1155       1155 1.904762e-01
      1156       1157 2.380952e-01
      1156       1155 5.714286e-01
      1156       1156 1.904762e-01
      1157       1158 2.380952e-01
      1157       1156 5.714286e-01
      1157       1157 1.904762e-01
      1158       1159 2.380952e-01
      1158       1157 5.714286e-01
      1158       1158 1.904762e-01
      1159       1160 2.380952e-01
      1159       1158 5.714286e-01
      1159       1159 1.904762e-01
      1160       1161 2.380952e-01
      1160       1159 5.714286e-01
      1160       1160 1.904762e-01
      1161       1162 2.380952e-01
      1161       1160 5.714286e-01
      1161       1161 1.904762e-01
      1162       1163 2.380952e-01
      1162       1161 5.714286e-01
      1162       1162 1.904762e-01
      1163       1164 2.380952e-01
      1163       1162 5.714286e-01
      1163       1163 1.904762e-01
      1164       1165 2.380952e-01
      1164       1163 5.714286e-01
      1164       1164 1.904762e-01
      1165       1166 2.380952e-01
      1165       1164 5.714286e-01
      1165       1165 1.904762e-01
      1166       1167 2.380952e-01
      1166       1165 5.714286e-01
      1166       1166 1.904762e-01
      1167       1168 2.380952e-01
      1167       1166 5.714286e-01
      1167       1167 1.904762e-01
      1168       1169 2.380952e-01
      1168       1167 5.714286e-01
      1168       1168 1.904762e-01
      1169       1170 2.380952e-01
      1169       1168 5.714286e-01
      1169       1169 1.904762e-01
      1170       1171 2.380952e-01
      1170       1169 5.714286e-01
      1170       1170 1.904762e-01
      1171       1172 2.380952e-01
      1171       1170 5.714286e-01
      1171       1171 1.904762e-01
      1172       1173 2.380952e-01
      1172       1171 5.714286e-01
      1172       1172 1.904762e-01
      1173       1174 2.380952e-01
      1173       1172 5.714286e-01
      1173       1173 1.904762e-01
      1174       1175 2.380952e-01
      1174       1173 5.714286e-01
      1174       1174 1.904762e-01
      1175       1176 2.380952e-01
      1175       1174 5.714286e-01
      1175       1175 1.904762e-01
      1176       1177 2.380952e-01
      1176       1175 5.714286e-01
      1176       1176 1.904762e-01
      1177       1178 2.380952e-01
      1177       1176 5.714286e-01
      1177       1177 1.904762e-01
      1178       1179 2.380952e-01
      1178       1177 5.714286e-01
      1178       1178 1.904762e-01
      1179       1180 2.380952e-01
      1179       1178 5.714286e-01
      1179       1179 1.904762e-01
      1180       1181 2.380952e-01
      1180       1179 5.714286e-01
      1180       1180 1.904762e-01
      1181       1182 2.380952e-01
      1181       1180 5.714286e-01
      1181       1181 1.904762e-01
      1182       1183 2.380952e-01
      1182       1181 5.714286e-01
      1182       1182 1.904762e-01
      1183       1184 2.380952e-01
      1183       1182 5.714286e-01
      1183       1183 1.904762e-01
      1184       1185 2.380952e-01
      1184       1183 5.714286e-01
      1184       1184 1.904762e-01
      1185       1186 2.380952e-01
      1185       1184 5.714286e-01
      1185       1185 1.904762e-01
      1186       1187 2.380952e-01
      1186       1185 5.714286e-01
      1186       1186 1.904762e-01
      1187       1188 2.380952e-01
      1187       1186 5.714286e-01
      1187       1187 1.904762e-01
      1188       1189 2.380952e-01
      1188       1187 5.714286e-01
      1188       1188 1.904762e-01
      1189       1190 2.380952e-01
      1189       1188 5.714286e-01
      1189       1189 1.904762e-01
      1190       1191 2.380952e-01
      1190       1189 5.714286e-01
      1190       1190 1.904762e-01
      1191       1192 2.380952e-01
      1191       1190 5.714286e-01
      1191       1191 1.904762e-01
      1192       1193 2.380952e-01
      1192       1191 5.714286e-01
      1192       1192 1.904762e-01
      1193       1194 2.380952e-01
      1193       1192 5.714286e-01
      1193       1193 1.904762e-01
      1194       1195 2.380952e-01
      1194       1193 5.714286e-01
      1194       1194 1.904762e-01
      1195       1196 2.380952e-01
      1195       1194 5.714286e-01
      1195       1195 1.904762e-01
      1196       1197 2.380952e-01
      1196       1195 5.714286e-01
      1196       1196 1.904762e-01
      1197       1198 2.380952e-01
      1197       1196 5.714286e-01
      1197       1197 1.904762e-01
      1198       1199 2.380952e-01
      1198       1197 5.714286e-01
      1198       1198 1.904762e-01
      1199       1200 2.380952e-01
      1199       1198 5.714286e-01
      1199       1199 1.904762e-01
      1200       1201 2.380952e-01
      1200       1199 5.714286e-01
      1200       1200 1.904762e-01
      1201       1202 2.380952e-01
      1201       1200 5.714286e-01
      1201       1201 1.904762e-01
      1202       1203 2.380952e-01
      1202       1201 5.714286e-01
      1202       1202 1.904762e-01
      1203       1204 2.380952e-01
      1203       1202 5.714286e-01
      1203       1203 1.904762e-01
      1204       1205 2.380952e-01
      1204       1203 5.714286e-01
      1204       1204 1.904762e-01
      1205       1206 2.380952e-01
      1205       1204 5.714286e-01
      1205       1205 1.904762e-01
      1206       1207 2.380952e-01
      1206       1205 5.714286e-01
      1206       1206 1.904762e-01
      1207       1208 2.380952e-01
      1207       1206 5.714286e-01
      1207       1207 1.904762e-01
      1208       1209 2.380952e-01
      1208       1207 5.714286e-01
      1208       1208 1.904762e-01
      1209       1210 2.380952e-01
      1209       1208 5.714286e-01
      1209       1209 1.904762e-01
      1210       1211 2.380952e-01
      1210       1209 5.714286e-01
      1210       1210 1.904762e-01
      1211       1210 5.714286e-01
      1211       1211 4.285714e-01
      1212       1213 2.380952e-01
      1212       1212 7.619048e-01
      1213       1214 2.380952e-01
      1213       1212 4.761905e-02
      1213       1213 7.142857e-01
      1214       1215 2.380952e-01
      1214       1213 9.523810e-02
      1214       1214 6.666667e-01
      1215       1216 2.380952e-01
      1215       1214 1.428571e-01
      1215       1215 6.190476e-01
      1216       1217 2.380952e-01
      1216       1215 1.904762e-01
      1216       1216 5.714286e-01
      1217       1218 2.380952e-01
      1217       1216 2.380952e-01
      1217       1217 5.238095e-01
      1218       1219 2.380952e-01
      1218       1217 2.857143e-01
      1218       1218 4.761905e-01
      1219       1220 2.380952e-01
      1219       1218 3.333333e-01
      1219       1219 4.285714e-01
      1220       1221 2.380952e-01
      1220       1219 3.809524e-01
      1220       1220 3.809524e-01
      1221       1222 2.380952e-01
      1221       1220 4.285714e-01
      1221       1221 3.333333e-01
      1222       1223 2.380952e-01
      1222       1221 4.761905e-01
      1222       1222 2.857143e-01
      1223       1224 2.380952e-01
      1223       1222 5.238095e-01
      1223       1223 2.380952e-01
      1224       1225 2.380952e-01
      1224       1223 5.714286e-01
      1224       1224 1.904762e-01
      1225       1226 2.380952e-01
      1225       1224 6.190476e-01
      1225       1225 1.428571e-01
      1226       1227 2.380952e-01
      1226       1225 6.190476e-01
      1226       1226 1.428571e-01
      1227       1228 2.380952e-01
      1227       1226 6.190476e-01
      1227       1227 1.428571e-01
      1228       1229 2.380952e-01
      1228       1227 6.190476e-01
      1228       1228 1.428571e-01
      1229       1230 2.380952e-01
      1229       1228 6.190476e-01
      1229       1229 1.428571e-01
      1230       1231 2.380952e-01
      1230       1229 6.190476e-01
      1230       1230 1.428571e-01
      1231       1232 2.380952e-01
      1231       1230 6.190476e-01
      1231       1231 1.428571e-01
      1232       1233 2.380952e-01
      1232       1231 6.190476e-01
      1232       1232 1.428571e-01
      1233       1234 2.380952e-01
      1233       1232 6.190476e-01
      1233       1233 1.428571e-01
      1234       1235 2.380952e-01
      1234       1233 6.190476e-01
      1234       1234 1.428571e-01
      1235       1236 2.380952e-01
      1235       1234 6.190476e-01
      1235       1235 1.428571e-01
      1236       1237 2.380952e-01
      1236       1235 6.190476e-01
      1236       1236 1.428571e-01
      1237       1238 2.380952e-01
      1237       1236 6.190476e-01
      1237       1237 1.428571e-01
      1238       1239 2.380952e-01
      1238       1237 6.190476e-01
      1238       1238 1.428571e-01
      1239       1240 2.380952e-01
      1239       1238 6.190476e-01
      1239       1239 1.428571e-01
      1240       1241 2.380952e-01
      1240       1239 6.190476e-01
      1240       1240 1.428571e-01
      1241       1242 2.380952e-01
      1241       1240 6.190476e-01
      1241       1241 1.428571e-01
      1242       1243 2.380952e-01
      1242       1241 6.190476e-01
      1242       1242 1.428571e-01
      1243       1244 2.380952e-01
      1243       1242 6.190476e-01
      1243       1243 1.428571e-01
      1244       1245 2.380952e-01
      1244       1243 6.190476e-01
      1244       1244 1.428571e-01
      1245       1246 2.380952e-01
      1245       1244 6.190476e-01
      1245       1245 1.428571e-01
      1246       1247 2.380952e-01
      1246       1245 6.190476e-01
      1246       1246 1.428571e-01
      1247       1248 2.380952e-01
      1247       1246 6.190476e-01
      1247       1247 1.428571e-01
      1248       1249 2.380952e-01
      1248       1247 6.190476e-01
      1248       1248 1.428571e-01
      1249       1250 2.380952e-01
      1249       1248 6.190476e-01
      1249       1249 1.428571e-01
      1250       1251 2.380952e-01
      1250       1249 6.190476e-01
      1250       1250 1.428571e-01
      1251       1252 2.380952e-01
      1251       1250 6.190476e-01
      1251       1251 1.428571e-01
      1252       1253 2.380952e-01
      1252       1251 6.190476e-01
      1252       1252 1.428571e-01
      1253       1254 2.380952e-01
      1253       1252 6.190476e-01
      1253       1253 1.428571e-01
      1254       1255 2.380952e-01
      1254       1253 6.190476e-01
      1254       1254 1.428571e-01
      1255       1256 2.380952e-01
      1255       1254 6.190476e-01
      1255       1255 1.428571e-01
      1256       1257 2.380952e-01
      1256       1255 6.190476e-01
      1256       1256 1.428571e-01
      1257       1258 2.380952e-01
      1257       1256 6.190476e-01
      1257       1257 1.428571e-01
      1258       1259 2.380952e-01
      1258       1257 6.190476e-01
      1258       1258 1.428571e-01
      1259       1260 2.380952e-01
      1259       1258 6.190476e-01
      1259       1259 1.428571e-01
      1260       1261 2.380952e-01
      1260       1259 6.190476e-01
      1260       1260 1.428571e-01
      1261       1262 2.380952e-01
      1261       1260 6.190476e-01
      1261       1261 1.428571e-01
      1262       1263 2.380952e-01
      1262       1261 6.190476e-01
      1262       1262 1.428571e-01
      1263       1264 2.380952e-01
      1263       1262 6.190476e-01
      1263       1263 1.428571e-01
      1264       1265 2.380952e-01
      1264       1263 6.190476e-01
      1264       1264 1.428571e-01
      1265       1266 2.380952e-01
      1265       1264 6.190476e-01
      1265       1265 1.428571e-01
      1266       1267 2.380952e-01
      1266       1265 6.190476e-01
      1266       1266 1.428571e-01
      1267       1268 2.380952e-01
      1267       1266 6.190476e-01
      1267       1267 1.428571e-01
      1268       1269 2.380952e-01
      1268       1267 6.190476e-01
      1268       1268 1.428571e-01
      1269       1270 2.380952e-01
      1269       1268 6.190476e-01
      1269       1269 1.428571e-01
      1270       1271 2.380952e-01
      1270       1269 6.190476e-01
      1270       1270 1.428571e-01
      1271       1272 2.380952e-01
      1271       1270 6.190476e-01
      1271       1271 1.428571e-01
      1272       1273 2.380952e-01
      1272       1271 6.190476e-01
      1272       1272 1.428571e-01
      1273       1274 2.380952e-01
      1273       1272 6.190476e-01
      1273       1273 1.428571e-01
      1274       1275 2.380952e-01
      1274       1273 6.190476e-01
      1274       1274 1.428571e-01
      1275       1276 2.380952e-01
      1275       1274 6.190476e-01
      1275       1275 1.428571e-01
      1276       1277 2.380952e-01
      1276       1275 6.190476e-01
      1276       1276 1.428571e-01
      1277       1278 2.380952e-01
      1277       1276 6.190476e-01
      1277       1277 1.428571e-01
      1278       1279 2.380952e-01
      1278       1277 6.190476e-01
      1278       1278 1.428571e-01
      1279       1280 2.380952e-01
      1279       1278 6.190476e-01
      1279       1279 1.428571e-01
      1280       1281 2.380952e-01
      1280       1279 6.190476e-01
      1280       1280 1.428571e-01
      1281       1282 2.380952e-01
      1281       1280 6.190476e-01
      1281       1281 1.428571e-01
      1282       1283 2.380952e-01
      1282       1281 6.190476e-01
      1282       1282 1.428571e-01
      1283       1284 2.380952e-01
      1283       1282 6.190476e-01
      1283       1283 1.428571e-01
      1284       1285 2.380952e-01
      1284       1283 6.190476e-01
      1284       1284 1.428571e-01
      1285       1286 2.380952e-01
      1285       1284 6.190476e-01
      1285       1285 1.428571e-01
      1286       1287 2.380952e-01
      1286       1285 6.190476e-01
      1286       1286 1.428571e-01
      1287       1288 2.380952e-01
      1287       1286 6.190476e-01
      1287       1287 1.428571e-01
      1288       1289 2.380952e-01
      1288       1287 6.190476e-01
      1288       1288 1.428571e-01
      1289       1290 2.380952e-01
      1289       1288 6.190476e-01
      1289       1289 1.428571e-01
      1290       1291 2.380952e-01
      1290       1289 6.190476e-01
      1290       1290 1.428571e-01
      1291       1292 2.380952e-01
      1291       1290 6.190476e-01
      1291       1291 1.428571e-01
      1292       1293 2.380952e-01
      1292       1291 6.190476e-01
      1292       1292 1.428571e-01
      1293       1294 2.380952e-01
      1293       1292 6.190476e-01
      1293       1293 1.428571e-01
      1294       1295 2.380952e-01
      1294       1293 6.190476e-01
      1294       1294 1.428571e-01
      1295       1296 2.380952e-01
      1295       1294 6.190476e-01
      1295       1295 1.428571e-01
      1296       1297 2.380952e-01
      1296       1295 6.190476e-01
      1296       1296 1.428571e-01
      1297       1298 2.380952e-01
      1297       1296 6.190476e-01
      1297       1297 1.428571e-01
      1298       1299 2.380952e-01
      1298       1297 6.190476e-01
      1298       1298 1.428571e-01
      1299       1300 2.380952e-01
      1299       1298 6.190476e-01
      1299       1299 1.428571e-01
      1300       1301 2.380952e-01
      1300       1299 6.190476e-01
      1300       1300 1.428571e-01
      1301       1302 2.380952e-01
      1301       1300 6.190476e-01
      1301       1301 1.428571e-01
      1302       1303 2.380952e-01
      1302       1301 6.190476e-01
      1302       1302 1.428571e-01
      1303       1304 2.380952e-01
      1303       1302 6.190476e-01
      1303       1303 1.428571e-01
      1304       1305 2.380952e-01
      1304       1303 6.190476e-01
      1304       1304 1.428571e-01
      1305       1306 2.380952e-01
      1305       1304 6.190476e-01
      1305       1305 1.428571e-01
      1306       1307 2.380952e-01
      1306       1305 6.190476e-01
      1306       1306 1.428571e-01
      1307       1308 2.380952e-01
      1307       1306 6.190476e-01
      1307       1307 1.428571e-01
      1308       1309 2.380952e-01
      1308       1307 6.190476e-01
      1308       1308 1.428571e-01
      1309       1310 2.380952e-01
      1309       1308 6.190476e-01
      1309       1309 1.428571e-01
      1310       1311 2.380952e-01
      1310       1309 6.190476e-01
      1310       1310 1.428571e-01
      1311       1312 2.380952e-01
      1311       1310 6.190476e-01
      1311       1311 1.428571e-01
      1312       1311 6.190476e-01
      1312       1312 3.809524e-01
      1313       1314 2.380952e-01
      1313       1313 7.619048e-01
      1314       1315 2.380952e-01
      1314       1313 4.761905e-02
      1314       1314 7.142857e-01
      1315       1316 2.380952e-01
      1315       1314 9.523810e-02
      1315       1315 6.666667e-01
      1316       1317 2.380952e-01
      1316       1315 1.428571e-01
      1316       1316 6.190476e-01
      1317       1318 2.380952e-01
      1317       1316 1.904762e-01
      1317       1317 5.714286e-01
      1318       1319 2.380952e-01
      1318       1317 2.380952e-01
      1318       1318 5.238095e-01
      1319       1320 2.380952e-01
      1319       1318 2.857143e-01
      1319       1319 4.761905e-01
      1320       1321 2.380952e-01
      1320       1319 3.333333e-01
      1320       1320 4.285714e-01
      1321       1322 2.380952e-01
      1321       1320 3.809524e-01
      1321       1321 3.809524e-01
      1322       1323 2.380952e-01
      1322       1321 4.285714e-01
      1322       1322 3.333333e-01
      1323       1324 2.380952e-01
      1323       1322 4.761905e-01
      1323       1323 2.857143e-01
      1324       1325 2.380952e-01
      1324       1323 5.238095e-01
      1324       1324 2.380952e-01
      1325       1326 2.380952e-01
      1325       1324 5.714286e-01
      1325       1325 1.904762e-01
      1326       1327 2.380952e-01
      1326       1325 6.190476e-01
      1326       1326 1.428571e-01
      1327       1328 2.380952e-01
      1327       1326 6.666667e-01
      1327       1327 9.523810e-02
      1328       1329 2.380952e-01
      1328       1327 6.666667e-01
      1328       1328 9.523810e-02
      1329       1330 2.380952e-01
      1329       1328 6.666667e-01
      1329       1329 9.523810e-02
      1330       1331 2.380952e-01
      1330       1329 6.666667e-01
      1330       1330 9.523810e-02
      1331       1332 2.380952e-01
      1331       1330 6.666667e-01
      1331       1331 9.523810e-02
      1332       1333 2.380952e-01
      1332       1331 6.666667e-01
      1332       1332 9.523810e-02
      1333       1334 2.380952e-01
      1333       1332 6.666667e-01
      1333       1333 9.523810e-02
      1334       1335 2.380952e-01
      1334       1333 6.666667e-01
      1334       1334 9.523810e-02
      1335       1336 2.380952e-01
      1335       1334 6.666667e-01
      1335       1335 9.523810e-02
      1336       1337 2.380952e-01
      1336       1335 6.666667e-01
      1336       1336 9.523810e-02
      1337       1338 2.380952e-01
      1337       1336 6.666667e-01
      1337       1337 9.523810e-02
      1338       1339 2.380952e-01
      1338       1337 6.666667e-01
      1338       1338 9.523810e-02
      1339       1340 2.380952e-01
      1339       1338 6.666667e-01
      1339       1339 9.523810e-02
      1340       1341 2.380952e-01
      1340       1339 6.666667e-01
      1340       1340 9.523810e-02
      1341       1342 2.380952e-01
      1341       1340 6.666667e-01
      1341       1341 9.523810e-02
      1342       1343 2.380952e-01
      1342       1341 6.666667e-01
      1342       1342 9.523810e-02
      1343       1344 2.380952e-01
      1343       1342 6.666667e-01
      1343       1343 9.523810e-02
      1344       1345 2.380952e-01
      1344       1343 6.666667e-01
      1344       1344 9.523810e-02
      1345       1346 2.380952e-01
      1345       1344 6.666667e-01
      1345       1345 9.523810e-02
      1346       1347 2.380952e-01
      1346       1345 6.666667e-01
      1346       1346 9.523810e-02
      1347       1348 2.380952e-01
      1347       1346 6.666667e-01
      1347       1347 9.523810e-02
      1348       1349 2.380952e-01
      1348       1347 6.666667e-01
      1348       1348 9.523810e-02
      1349       1350 2.380952e-01
      1349       1348 6.666667e-01
      1349       1349 9.523810e-02
      1350       1351 2.380952e-01
      1350       1349 6.666667e-01
      1350       1350 9.523810e-02
      1351       1352 2.380952e-01
      1351       1350 6.666667e-01
      1351       1351 9.523810e-02
      1352       1353 2.380952e-01
      1352       1351 6.666667e-01
      1352       1352 9.523810e-02
      1353       1354 2.380952e-01
      1353       1352 6.666667e-01
      1353       1353 9.523810e-02
      1354       1355 2.380952e-01
      1354       1353 6.666667e-01
      1354       1354 9.523810e-02
      1355       1356 2.380952e-01
      1355       1354 6.666667e-01
      1355       1355 9.523810e-02
      1356       1357 2.380952e-01
      1356       1355 6.666667e-01
      1356       1356 9.523810e-02
      1357       1358 2.380952e-01
      1357       1356 6.666667e-01
      1357       1357 9.523810e-02
      1358       1359 2.380952e-01
      1358       1357 6.666667e-01
      1358       1358 9.523810e-02
      1359       1360 2.380952e-01
      1359       1358 6.666667e-01
      1359       1359 9.523810e-02
      1360       1361 2.380952e-01
      1360       1359 6.666667e-01
      1360       1360 9.523810e-02
      1361       1362 2.380952e-01
      1361       1360 6.666667e-01
      1361       1361 9.523810e-02
      1362       1363 2.380952e-01
      1362       1361 6.666667e-01
      1362       1362 9.523810e-02
      1363       1364 2.380952e-01
      1363       1362 6.666667e-01
      1363       1363 9.523810e-02
      1364       1365 2.380952e-01
      1364       1363 6.666667e-01
      1364       1364 9.523810e-02
      1365       1366 2.380952e-01
      1365       1364 6.666667e-01
      1365       1365 9.523810e-02
      1366       1367 2.380952e-01
      1366       1365 6.666667e-01
      1366       1366 9.523810e-02
      1367       1368 2.380952e-01
      1367       1366 6.666667e-01
      1367       1367 9.523810e-02
      1368       1369 2.380952e-01
      1368       1367 6.666667e-01
      1368       1368 9.523810e-02
      1369       1370 2.380952e-01
      1369       1368 6.666667e-01
      1369       1369 9.523810e-02
      1370       1371 2.380952e-01
      1370       1369 6.666667e-01
      1370       1370 9.523810e-02
      1371       1372 2.380952e-01
      1371       1370 6.666667e-01
      1371       1371 9.523810e-02
      1372       1373 2.380952e-01
      1372       1371 6.666667e-01
      1372       1372 9.523810e-02
      1373       1374 2.380952e-01
      1373       1372 6.666667e-01
      1373       1373 9.523810e-02
      1374       1375 2.380952e-01
      1374       1373 6.666667e-01
      1374       1374 9.523810e-02
      1375       1376 2.380952e-01
      1375       1374 6.666667e-01
      1375       1375 9.523810e-02
      1376       1377 2.380952e-01
      1376       1375 6.666667e-01
      1376       1376 9.523810e-02
      1377       1378 2.380952e-01
      1377       1376 6.666667e-01
      1377       1377 9.523810e-02
      1378       1379 2.380952e-01
      1378       1377 6.666667e-01
      1378       1378 9.523810e-02
      1379       1380 2.380952e-01
      1379       1378 6.666667e-01
      1379       1379 9.523810e-02
      1380       1381 2.380952e-01
      1380       1379 6.666667e-01
      1380       1380 9.523810e-02
      1381       1382 2.380952e-01
      1381       1380 6.666667e-01
      1381       1381 9.523810e-02
      1382       1383 2.380952e-01
      1382       1381 6.666667e-01
      1382       1382 9.523810e-02
      1383       1384 2.380952e-01
      1383       1382 6.666667e-01
      1383       1383 9.523810e-02
      1384       1385 2.380952e-01
      1384       1383 6.666667e-01
      1384       1384 9.523810e-02
      1385       1386 2.380952e-01
      1385       1384 6.666667e-01
      1385       1385 9.523810e-02
      1386       1387 2.380952e-01
      1386       1385 6.666667e-01
      1386       1386 9.523810e-02
      1387       1388 2.380952e-01
      1387       1386 6.666667e-01
      1387       1387 9.523810e-02
      1388       1389 2.380952e-01
      1388       1387 6.666667e-01
      1388       1388 9.523810e-02
      1389       1390 2.380952e-01
      1389       1388 6.666667e-01
      1389       1389 9.523810e-02
      1390       1391 2.380952e-01
      1390       1389 6.666667e-01
      1390       1390 9.523810e-02
      1391       1392 2.380952e-01
      1391       1390 6.666667e-01
      1391       1391 9.523810e-02
      1392       1393 2.380952e-01
      1392       1391 6.666667e-01
      1392       1392 9.523810e-02
      1393       1394 2.380952e-01
      1393       1392 6.666667e-01
      1393       1393 9.523810e-02
      1394       1395 2.380952e-01
      1394       1393 6.666667e-01
      1394       1394 9.523810e-02
      1395       1396 2.380952e-01
      1395       1394 6.666667e-01
      1395       1395 9.523810e-02
      1396       1397 2.380952e-01
      1396       1395 6.666667e-01
      1396       1396 9.523810e-02
      1397       1398 2.380952e-01
      1397       1396 6.666667e-01
      1397       1397 9.523810e-02
      1398       1399 2.380952e-01
      1398       1397 6.666667e-01
      1398       1398 9.523810e-02
      1399       1400 2.380952e-01
      1399       1398 6.666667e-01
      1399       1399 9.523810e-02
      1400       1401 2.380952e-01
      1400       1399 6.666667e-01
      1400       1400 9.523810e-02
      1401       1402 2.380952e-01
      1401       1400 6.666667e-01
      1401       1401 9.523810e-02
      1402       1403 2.380952e-01
      1402       1401 6.666667e-01
      1402       1402 9.523810e-02
      1403       1404 2.380952e-01
      1403       1402 6.666667e-01
      1403       1403 9.523810e-02
      1404       1405 2.380952e-01
      1404       1403 6.666667e-01
      1404       1404 9.523810e-02
      1405       1406 2.380952e-01
      1405       1404 6.666667e-01
      1405       1405 9.523810e-02
      1406       1407 2.380952e-01
      1406       1405 6.666667e-01
      1406       1406 9.523810e-02
      1407       1408 2.380952e-01
      1407       1406 6.666667e-01
      1407       1407 9.523810e-02
      1408       1409 2.380952e-01
      1408       1407 6.666667e-01
      1408       1408 9.523810e-02
      1409       1410 2.380952e-01
      1409       1408 6.666667e-01
      1409       1409 9.523810e-02
      1410       1411 2.380952e-01
      1410       1409 6.666667e-01
      1410       1410 9.523810e-02
      1411       1412 2.380952e-01
      1411       1410 6.666667e-01
      1411       1411 9.523810e-02
      1412       1413 2.380952e-01
      1412       1411 6.666667e-01
      1412       1412 9.523810e-02
      1413       1412 6.666667e-01
      1413       1413 3.333333e-01
      1414       1415 2.380952e-01
      1414       1414 7.619048e-01
      1415       1416 2.380952e-01
      1415       1414 4.761905e-02
      1415       1415 7.142857e-01
      1416       1417 2.380952e-01
      1416       1415 9.523810e-02
      1416       1416 6.666667e-01
      1417       1418 2.380952e-01
      1417       1416 1.428571e-01
      1417       1417 6.190476e-01
      1418       1419 2.380952e-01
      1418       1417 1.904762e-01
      1418       1418 5.714286e-01
      1419       1420 2.380952e-01
      1419       1418 2.380952e-01
      1419       1419 5.238095e-01
      1420       1421 2.380952e-01
      1420       1419 2.857143e-01
      1420       1420 4.761905e-01
      1421       1422 2.380952e-01
      1421       1420 3.333333e-01
      1421       1421 4.285714e-01
      1422       1423 2.380952e-01
      1422       1421 3.809524e-01
      1422       1422 3.809524e-01
      1423       1424 2.380952e-01
      1423       1422 4.285714e-01
      1423       1423 3.333333e-01
      1424       1425 2.380952e-01
      1424       1423 4.761905e-01
      1424       1424 2.857143e-01
      1425       1426 2.380952e-01
      1425       1424 5.238095e-01
      1425       1425 2.380952e-01
      1426       1427 2.380952e-01
      1426       1425 5.714286e-01
      1426       1426 1.904762e-01
      1427       1428 2.380952e-01
      1427       1426 6.190476e-01
      1427       1427 1.428571e-01
      1428       1429 2.380952e-01
      1428       1427 6.666667e-01
      1428       1428 9.523810e-02
      1429       1430 2.380952e-01
      1429       1428 7.142857e-01
      1429       1429 4.761905e-02
      1430       1431 2.380952e-01
      1430       1429 7.142857e-01
      1430       1430 4.761905e-02
      1431       1432 2.380952e-01
      1431       1430 7.142857e-01
      1431       1431 4.761905e-02
      1432       1433 2.380952e-01
      1432       1431 7.142857e-01
      1432       1432 4.761905e-02
      1433       1434 2.380952e-01
      1433       1432 7.142857e-01
      1433       1433 4.761905e-02
      1434       1435 2.380952e-01
      1434       1433 7.142857e-01
      1434       1434 4.761905e-02
      1435       1436 2.380952e-01
      1435       1434 7.142857e-01
      1435       1435 4.761905e-02
      1436       1437 2.380952e-01
      1436       1435 7.142857e-01
      1436       1436 4.761905e-02
      1437       1438 2.380952e-01
      1437       1436 7.142857e-01
      1437       1437 4.761905e-02
      1438       1439 2.380952e-01
      1438       1437 7.142857e-01
      1438       1438 4.761905e-02
      1439       1440 2.380952e-01
      1439       1438 7.142857e-01
      1439       1439 4.761905e-02
      1440       1441 2.380952e-01
      1440       1439 7.142857e-01
      1440       1440 4.761905e-02
      1441       1442 2.380952e-01
      1441       1440 7.142857e-01
      1441       1441 4.761905e-02
      1442       1443 2.380952e-01
      1442       1441 7.142857e-01
      1442       1442 4.761905e-02
      1443       1444 2.380952e-01
      1443       1442 7.142857e-01
      1443       1443 4.761905e-02
      1444       1445 2.380952e-01
      1444       1443 7.142857e-01
      1444       1444 4.761905e-02
      1445       1446 2.380952e-01
      1445       1444 7.142857e-01
      1445       1445 4.761905e-02
      1446       1447 2.380952e-01
      1446       1445 7.142857e-01
      1446       1446 4.761905e-02
      1447       1448 2.380952e-01
      1447       1446 7.142857e-01
      1447       1447 4.761905e-02
      1448       1449 2.380952e-01
      1448       1447 7.142857e-01
      1448       1448 4.761905e-02
      1449       1450 2.380952e-01
      1449       1448 7.142857e-01
      1449       1449 4.761905e-02
      1450       1451 2.380952e-01
      1450       1449 7.142857e-01
      1450       1450 4.761905e-02
      1451       1452 2.380952e-01
      1451       1450 7.142857e-01
      1451       1451 4.761905e-02
      1452       1453 2.380952e-01
      1452       1451 7.142857e-01
      1452       1452 4.761905e-02
      1453       1454 2.380952e-01
      1453       1452 7.142857e-01
      1453       1453 4.761905e-02
      1454       1455 2.380952e-01
      1454       1453 7.142857e-01
      1454       1454 4.761905e-02
      1455       1456 2.380952e-01
      1455       1454 7.142857e-01
      1455       1455 4.761905e-02
      1456       1457 2.380952e-01
      1456       1455 7.142857e-01
      1456       1456 4.761905e-02
      1457       1458 2.380952e-01
      1457       1456 7.142857e-01
      1457       1457 4.761905e-02
      1458       1459 2.380952e-01
      1458       1457 7.142857e-01
      1458       1458 4.761905e-02
      1459       1460 2.380952e-01
      1459       1458 7.142857e-01
      1459       1459 4.761905e-02
      1460       1461 2.380952e-01
      1460       1459 7.142857e-01
      1460       1460 4.761905e-02
      1461       1462 2.380952e-01
      1461       1460 7.142857e-01
      1461       1461 4.761905e-02
      1462       1463 2.380952e-01
      1462       1461 7.142857e-01
      1462       1462 4.761905e-02
      1463       1464 2.380952e-01
      1463       1462 7.142857e-01
      1463       1463 4.761905e-02
      1464       1465 2.380952e-01
      1464       1463 7.142857e-01
      1464       1464 4.761905e-02
      1465       1466 2.380952e-01
      1465       1464 7.142857e-01
      1465       1465 4.761905e-02
      1466       1467 2.380952e-01
      1466       1465 7.142857e-01
      1466       1466 4.761905e-02
      1467       1468 2.380952e-01
      1467       1466 7.142857e-01
      1467       1467 4.761905e-02
      1468       1469 2.380952e-01
      1468       1467 7.142857e-01
      1468       1468 4.761905e-02
      1469       1470 2.380952e-01
      1469       1468 7.142857e-01
      1469       1469 4.761905e-02
      1470       1471 2.380952e-01
      1470       1469 7.142857e-01
      1470       1470 4.761905e-02
      1471       1472 2.380952e-01
      1471       1470 7.142857e-01
      1471       1471 4.761905e-02
      1472       1473 2.380952e-01
      1472       1471 7.142857e-01
      1472       1472 4.761905e-02
      1473       1474 2.380952e-01
      1473       1472 7.142857e-01
      1473       1473 4.761905e-02
      1474       1475 2.380952e-01
      1474       1473 7.142857e-01
      1474       1474 4.761905e-02
      1475       1476 2.380952e-01
      1475       1474 7.142857e-01
      1475       1475 4.761905e-02
      1476       1477 2.380952e-01
      1476       1475 7.142857e-01
      1476       1476 4.761905e-02
      1477       1478 2.380952e-01
      1477       1476 7.142857e-01
      1477       1477 4.761905e-02
      1478       1479 2.380952e-01
      1478       1477 7.142857e-01
      1478       1478 4.761905e-02
      1479       1480 2.380952e-01
      1479       1478 7.142857e-01
      1479       1479 4.761905e-02
      1480       1481 2.380952e-01
      1480       1479 7.142857e-01
      1480       1480 4.761905e-02
      1481       1482 2.380952e-01
      1481       1480 7.142857e-01
      1481       1481 4.761905e-02
      1482       1483 2.380952e-01
      1482       1481 7.142857e-01
      1482       1482 4.761905e-02
      1483       1484 2.380952e-01
      1483       1482 7.142857e-01
      1483       1483 4.761905e-02
      1484       1485 2.380952e-01
      1484       1483 7.142857e-01
      1484       1484 4.761905e-02
      1485       1486 2.380952e-01
      1485       1484 7.142857e-01
      1485       1485 4.761905e-02
      1486       1487 2.380952e-01
      1486       1485 7.142857e-01
      1486       1486 4.761905e-02
      1487       1488 2.380952e-01
      1487       1486 7.142857e-01
      1487       1487 4.761905e-02
      1488       1489 2.380952e-01
      1488       1487 7.142857e-01
      1488       1488 4.761905e-02
      1489       1490 2.380952e-01
      1489       1488 7.142857e-01
      1489       1489 4.761905e-02
      1490       1491 2.380952e-01
      1490       1489 7.142857e-01
      1490       1490 4.761905e-02
      1491       1492 2.380952e-01
      1491       1490 7.142857e-01
      1491       1491 4.761905e-02
      1492       1493 2.380952e-01
      1492       1491 7.142857e-01
      1492       1492 4.761905e-02
      1493       1494 2.380952e-01
      1493       1492 7.142857e-01
      1493       1493 4.761905e-02
      1494       1495 2.380952e-01
      1494       1493 7.142857e-01
      1494       1494 4.761905e-02
      1495       1496 2.380952e-01
      1495       1494 7.142857e-01
      1495       1495 4.761905e-02
      1496       1497 2.380952e-01
      1496       1495 7.142857e-01
      1496       1496 4.761905e-02
      1497       1498 2.380952e-01
      1497       1496 7.142857e-01
      1497       1497 4.761905e-02
      1498       1499 2.380952e-01
      1498       1497 7.142857e-01
      1498       1498 4.761905e-02
      1499       1500 2.380952e-01
      1499       1498 7.142857e-01
      1499       1499 4.761905e-02
      1500       1501 2.380952e-01
      1500       1499 7.142857e-01
      1500       1500 4.761905e-02
      1501       1502 2.380952e-01
      1501       1500 7.142857e-01
      1501       1501 4.761905e-02
      1502       1503 2.380952e-01
      1502       1501 7.142857e-01
      1502       1502 4.761905e-02
      1503       1504 2.380952e-01
      1503       1502 7.142857e-01
      1503       1503 4.761905e-02
      1504       1505 2.380952e-01
      1504       1503 7.142857e-01
      1504       1504 4.761905e-02
      1505       1506 2.380952e-01
      1505       1504 7.142857e-01
      1505       1505 4.761905e-02
      1506       1507 2.380952e-01
      1506       1505 7.142857e-01
      1506       1506 4.761905e-02
      1507       1508 2.380952e-01
      1507       1506 7.142857e-01
      1507       1507 4.761905e-02
      1508       1509 2.380952e-01
      1508       1507 7.142857e-01
      1508       1508 4.761905e-02
      1509       1510 2.380952e-01
      1509       1508 7.142857e-01
      1509       1509 4.761905e-02
      1510       1511 2.380952e-01
      1510       1509 7.142857e-01
      1510       1510 4.761905e-02
      1511       1512 2.380952e-01
      1511       1510 7.142857e-01
      1511       1511 4.761905e-02
      1512       1513 2.380952e-01
      1512       1511 7.142857e-01
      1512       1512 4.761905e-02
      1513       1514 2.380952e-01
      1513       1512 7.142857e-01
      1513       1513 4.761905e-02
      1514       1513 7.142857e-01
      1514       1514 2.857143e-01
      1515       1516 2.380952e-01
      1515       1515 7.619048e-01
      1516       1517 2.380952e-01
      1516       1515 4.761905e-02
      1516       1516 7.142857e-01
      1517       1518 2.380952e-01
      1517       1516 9.523810e-02
      1517       1517 6.666667e-01
      1518       1519 2.380952e-01
      1518       1517 1.428571e-01
      1518       1518 6.190476e-01
      1519       1520 2.380952e-01
      1519       1518 1.904762e-01
      1519       1519 5.714286e-01
      1520       1521 2.380952e-01
      1520       1519 2.380952e-01
      1520       1520 5.238095e-01
      1521       1522 2.380952e-01
      1521       1520 2.857143e-01
      1521       1521 4.761905e-01
      1522       1523 2.380952e-01
      1522       1521 3.333333e-01
      1522       1522 4.285714e-01
      1523       1524 2.380952e-01
      1523       1522 3.809524e-01
      1523       1523 3.809524e-01
      1524       1525 2.380952e-01
      1524       1523 4.285714e-01
      1524       1524 3.333333e-01
      1525       1526 2.380952e-01
      1525       1524 4.761905e-01
      1525       1525 2.857143e-01
      1526       1527 2.380952e-01
      1526       1525 5.238095e-01
      1526       1526 2.380952e-01
      1527       1528 2.380952e-01
      1527       1526 5.714286e-01
      1527       1527 1.904762e-01
      1528       1529 2.380952e-01
      1528       1527 6.190476e-01
      1528       1528 1.428571e-01
      1529       1530 2.380952e-01
      1529       1528 6.666667e-01
      1529       1529 9.523810e-02
      1530       1531 2.380952e-01
      1530       1529 7.142857e-01
      1530       1530 4.761905e-02
      1531       1532 2.380952e-01
      1531       1530 7.619048e-01
      1532       1533 2.380952e-01
      1532       1531 7.619048e-01
      1533       1534 2.380952e-01
      1533       1532 7.619048e-01
      1534       1535 2.380952e-01
      1534       1533 7.619048e-01
      1535       1536 2.380952e-01
      1535       1534 7.619048e-01
      1536       1537 2.380952e-01
      1536       1535 7.619048e-01
      1537       1538 2.380952e-01
      1537       1536 7.619048e-01
      1538       1539 2.380952e-01
      1538       1537 7.619048e-01
      1539       1540 2.380952e-01
      1539       1538 7.619048e-01
      1540       1541 2.380952e-01
      1540       1539 7.619048e-01
      1541       1542 2.380952e-01
      1541       1540 7.619048e-01
      1542       1543 2.380952e-01
      1542       1541 7.619048e-01
      1543       1544 2.380952e-01
      1543       1542 7.619048e-01
      1544       1545 2.380952e-01
      1544       1543 7.619048e-01
      1545       1546 2.380952e-01
      1545       1544 7.619048e-01
      1546       1547 2.380952e-01
      1546       1545 7.619048e-01
      1547       1548 2.380952e-01
      1547       1546 7.619048e-01
      1548       1549 2.380952e-01
      1548       1547 7.619048e-01
      1549       1550 2.380952e-01
      1549       1548 7.619048e-01
      1550       1551 2.380952e-01
      1550       1549 7.619048e-01
      1551       1552 2.380952e-01
      1551       1550 7.619048e-01
      1552       1553 2.380952e-01
      1552       1551 7.619048e-01
      1553       1554 2.380952e-01
      1553       1552 7.619048e-01
      1554       1555 2.380952e-01
      1554       1553 7.619048e-01
      1555       1556 2.380952e-01
      1555       1554 7.619048e-01
      1556       1557 2.380952e-01
      1556       1555 7.619048e-01
      1557       1558 2.380952e-01
      1557       1556 7.619048e-01
      1558       1559 2.380952e-01
      1558       1557 7.619048e-01
      1559       1560 2.380952e-01
      1559       1558 7.619048e-01
      1560       1561 2.380952e-01
      1560       1559 7.619048e-01
      1561       1562 2.380952e-01
      1561       1560 7.619048e-01
      1562       1563 2.380952e-01
      1562       1561 7.619048e-01
      1563       1564 2.380952e-01
      1563       1562 7.619048e-01
      1564       1565 2.380952e-01
      1564       1563 7.619048e-01
      1565       1566 2.380952e-01
      1565       1564 7.619048e-01
      1566       1567 2.380952e-01
      1566       1565 7.619048e-01
      1567       1568 2.380952e-01
      1567       1566 7.619048e-01
      1568       1569 2.380952e-01
      1568       1567 7.619048e-01
      1569       1570 2.380952e-01
      1569       1568 7.619048e-01
      1570       1571 2.380952e-01
      1570       1569 7.619048e-01
      1571       1572 2.380952e-01
      1571       1570 7.619048e-01
      1572       1573 2.380952e-01
      1572       1571 7.619048e-01
      1573       1574 2.380952e-01
      1573       1572 7.619048e-01
      1574       1575 2.380952e-01
      1574       1573 7.619048e-01
      1575       1576 2.380952e-01
      1575       1574 7.619048e-01
      1576       1577 2.380952e-01
      1576       1575 7.619048e-01
      1577       1578 2.380952e-01
      1577       1576 7.619048e-01
      1578       1579 2.380952e-01
      1578       1577 7.619048e-01
      1579       1580 2.380952e-01
      1579       1578 7.619048e-01
      1580       1581 2.380952e-01
      1580       1579 7.619048e-01
      1581       1582 2.380952e-01
      1581       1580 7.619048e-01
      1582       1583 2.380952e-01
      1582       1581 7.619048e-01
      1583       1584 2.380952e-01
      1583       1582 7.619048e-01
      1584       1585 2.380952e-01
      1584       1583 7.619048e-01
      1585       1586 2.380952e-01
      1585       1584 7.619048e-01
      1586       1587 2.380952e-01
      1586       1585 7.619048e-01
      1587       1588 2.380952e-01
      1587       1586 7.619048e-01
      1588       1589 2.380952e-01
      1588       1587 7.619048e-01
      1589       1590 2.380952e-01
      1589       1588 7.619048e-01
      1590       1591 2.380952e-01
      1590       1589 7.619048e-01
      1591       1592 2.380952e-01
      1591       1590 7.619048e-01
      1592       1593 2.380952e-01
      1592       1591 7.619048e-01
      1593       1594 2.380952e-01
      1593       1592 7.619048e-01
      1594       1595 2.380952e-01
      1594       1593 7.619048e-01
      1595       1596 2.380952e-01
      1595       1594 7.619048e-01
      1596       1597 2.380952e-01
      1596       1595 7.619048e-01
      1597       1598 2.380952e-01
      1597       1596 7.619048e-01
      1598       1599 2.380952e-01
      1598       1597 7.619048e-01
      1599       1600 2.380952e-01
      1599       1598 7.619048e-01
      1600       1601 2.380952e-01
      1600       1599 7.619048e-01
      1601       1602 2.380952e-01
      1601       1600 7.619048e-01
      1602       1603 2.380952e-01
      1602       1601 7.619048e-01
      1603       1604 2.380952e-01
      1603       1602 7.619048e-01
      1604       1605 2.380952e-01
      1604       1603 7.619048e-01
      1605       1606 2.380952e-01
      1605       1604 7.619048e-01
      1606       1607 2.380952e-01
      1606       1605 7.619048e-01
      1607       1608 2.380952e-01
      1607       1606 7.619048e-01
      1608       1609 2.380952e-01
      1608       1607 7.619048e-01
      1609       1610 2.380952e-01
      1609       1608 7.619048e-01
      1610       1611 2.380952e-01
      1610       1609 7.619048e-01
      1611       1612 2.380952e-01
      1611       1610 7.619048e-01
      1612       1613 2.380952e-01
      1612       1611 7.619048e-01
      1613       1614 2.380952e-01
      1613       1612 7.619048e-01
      1614       1615 2.380952e-01
      1614       1613 7.619048e-01
      1615       1614 7.619048e-01
      1615       1615 2.380952e-01

action: 2
         0        102 2.380952e-01
         0          0 7.619048e-01
         1        103 2.380952e-01
         1        101 4.761905e-02
         1          1 7.142857e-01
         2        104 2.380952e-01
         2        102 9.523810e-02
         2          2 6.666667e-01
         3        105 2.380952e-01
         3        103 9.523810e-02
         3          3 6.666667e-01
         4        106 2.380952e-01
         4        104 9.523810e-02
         4          4 6.666667e-01
         5        107 2.380952e-01
         5        105 9.523810e-02
         5          5 6.666667e-01
         6        108 2.380952e-01
         6        106 9.523810e-02
         6          6 6.666667e-01
         7        109 2.380952e-01
         7        107 9.523810e-02
         7          7 6.666667e-01
         8        110 2.380952e-01
         8        108 9.523810e-02
         8          8 6.666667e-01
         9        111 2.380952e-01
         9        109 9.523810e-02
         9          9 6.666667e-01
        10        112 2.380952e-01
        10        110 9.523810e-02
        10         10 6.666667e-01
        11        113 2.380952e-01
        11        111 9.523810e-02
        11         11 6.666667e-01
        12        114 2.380952e-01
        12        112 9.523810e-02
        12         12 6.666667e-01
        13        115 2.380952e-01
        13        113 9.523810e-02
        13         13 6.666667e-01
        14        116 2.380952e-01
        14        114 9.523810e-02
        14         14 6.666667e-01
        15        117 2.380952e-01
        15        115 9.523810e-02
        15         15 6.666667e-01
        16        118 2.380952e-01
        16        116 9.523810e-02
        16         16 6.666667e-01
        17        119 2.380952e-01
        17        117 9.523810e-02
        17         17 6.666667e-01
        18        120 2.380952e-01
        18        118 9.523810e-02
        18         18 6.666667e-01
        19        121 2.380952e-01
        19        119 9.523810e-02
        19         19 6.666667e-01
        20        122 2.380952e-01
        20        120 9.523810e-02
        20         20 6.666667e-01
        21        123 2.380952e-01
        21        121 9.523810e-02
        21         21 6.666667e-01
        22        124 2.380952e-01
        22        122 9.523810e-02
        22         22 6.666667e-01
        23        125 2.380952e-01
        23        123 9.523810e-02
        23         23 6.666667e-01
        24        126 2.380952e-01
        24        124 9.523810e-02
        24         24 6.666667e-01
        25        127 2.380952e-01
        25        125 9.523810e-02
        25         25 6.666667e-01
        26        128 2.380952e-01
        26        126 9.523810e-02
        26         26 6.666667e-01
        27        129 2.380952e-01
        27        127 9.523810e-02
        27         27 6.666667e-01
        28        130 2.380952e-01
        28        128 9.523810e-02
        28         28 6.666667e-01
        29        131 2.380952e-01
        29        129 9.523810e-02
        29         29 6.666667e-01
        30        132 2.380952e-01
        30        130 9.523810e-02
        30         30 6.666667e-01
        31        133 2.380952e-01
        31        131 9.523810e-02
        31         31 6.666667e-01
        32        134 2.380952e-01
        32        132 9.523810e-02
        32         32 6.666667e-01
        33        135 2.380952e-01
        33        133 9.523810e-02
        33         33 6.666667e-01
        34        136 2.380952e-01
        34        134 9.523810e-02
        34         34 6.666667e-01
        35        137 2.380952e-01
        35        135 9.523810e-02
        35         35 6.666667e-01
        36        138 2.380952e-01
        36        136 9.523810e-02
        36         36 6.666667e-01
        37        139 2.380952e-01
        37        137 9.523810e-02
        37         37 6.666667e-01
        38        140 2.380952e-01
        38        138 9.523810e-02
        38         38 6.666667e-01
        39        141 2.380952e-01
        39        139 9.523810e-02
        39         39 6.666667e-01
        40        142 2.380952e-01
        40        140 9.523810e-02
        40         40 6.666667e-01
        41        143 2.380952e-01
        41        141 9.523810e-02
        41         41 6.666667e-01
        42        144 2.380952e-01
        42        142 9.523810e-02
        42         42 6.666667e-01
        43        145 2.380952e-01
        43        143 9.523810e-02
        43         43 6.666667e-01
        44        146 2.380952e-01
        44        144 9.523810e-02
        44         44 6.666667e-01
        45        147 2.380952e-01
        45        145 9.523810e-02
        45         45 6.666667e-01
        46        148 2.380952e-01
        46        146 9.523810e-02
        46         46 6.666667e-01
        47        149 2.380952e-01
        47        147 9.523810e-02
        47         47 6.666667e-01
        48        150 2.380952e-01
        48        148 9.523810e-02
        48         48 6.666667e-01
        49        151 2.380952e-01
        49        149 9.523810e-02
        49         49 6.666667e-01
        50        152 2.380952e-01
        50        150 9.523810e-02
        50         50 6.666667e-01
        51        153 2.380952e-01
        51        151 9.523810e-02
        51         51 6.666667e-01
        52        154 2.380952e-01
        52        152 9.523810e-02
        52         52 6.666667e-01
        53        155 2.380952e-01
        53        153 9.523810e-02
        53         53 6.666667e-01
        54        156 2.380952e-01
        54        154 9.523810e-02
        54         54 6.666667e-01
        55        157 2.380952e-01
        55        155 9.523810e-02
        55         55 6.666667e-01
        56        158 2.380952e-01
        56        156 9.523810e-02
        56         56 6.666667e-01
        57        159 2.380952e-01
        57        157 9.523810e-02
        57         57 6.666667e-01
        58        160 2.380952e-01
        58        158 9.523810e-02
        58         58 6.666667e-01
        59        161 2.380952e-01
        59        159 9.523810e-02
        59         59 6.666667e-01
        60        162 2.380952e-01
        60        160 9.523810e-02
        60         60 6.666667e-01
        61        163 2.380952e-01
        61        161 9.523810e-02
        61         61 6.666667e-01
        62        164 2.380952e-01
        62        162 9.523810e-02
        62         62 6.666667e-01
        63        165 2.380952e-01
        63        163 9.523810e-02
        63         63 6.666667e-01
        64        166 2.380952e-01
        64        164 9.523810e-02
        64         64 6.666667e-01
        65        167 2.380952e-01
        65        165 9.523810e-02
        65         65 6.666667e-01
        66        168 2.380952e-01
        66        166 9.523810e-02
        66         66 6.666667e-01
        67        169 2.380952e-01
        67        167 9.523810e-02
        67         67 6.666667e-01
        68        170 2.380952e-01
        68        168 9.523810e-02
        68         68 6.666667e-01
        69        171 2.380952e-01
        69        169 9.523810e-02
        69         69 6.666667e-01
        70        172 2.380952e-01
        70        170 9.523810e-02
        70         70 6.666667e-01
        71        173 2.380952e-01
        71        171 9.523810e-02
        71         71 6.666667e-01
        72        174 2.380952e-01
        72        172 9.523810e-02
        72         72 6.666667e-01
        73        175 2.380952e-01
        73        173 9.523810e-02
        73         73 6.666667e-01
        74        176 2.380952e-01
        74        174 9.523810e-02
        74         74 6.666667e-01
        75        177 2.380952e-01
        75        175 9.523810e-02
        75         75 6.666667e-01
        76        178 2.380952e-01
        76        176 9.523810e-02
        76         76 6.666667e-01
        77        179 2.380952e-01
        77        177 9.523810e-02
        77         77 6.666667e-01
        78        180 2.380952e-01
        78        178 9.523810e-02
        78         78 6.666667e-01
        79        181 2.380952e-01
        79        179 9.523810e-02
        79         79 6.666667e-01
        80        182 2.380952e-01
        80        180 9.523810e-02
        80         80 6.666667e-01
        81        183 2.380952e-01
        81        181 9.523810e-02
        81         81 6.666667e-01
        82        184 2.380952e-01
        82        182 9.523810e-02
        82         82 6.666667e-01
        83        185 2.380952e-01
        83        183 9.523810e-02
        83         83 6.666667e-01
        84        186 2.380952e-01
        84        184 9.523810e-02
        84         84 6.666667e-01
        85        187 2.380952e-01
        85        185 9.523810e-02
        85         85 6.666667e-01
        86        188 2.380952e-01
        86        186 9.523810e-02
        86         86 6.666667e-01
        87        189 2.380952e-01
        87        187 9.523810e-02
        87         87 6.666667e-01
        88        190 2.380952e-01
        88        188 9.523810e-02
        88         88 6.666667e-01
        89        191 2.380952e-01
        89        189 9.523810e-02
        89         89 6.666667e-01
        90        192 2.380952e-01
        90        190 9.523810e-02
        90         90 6.666667e-01
        91        193 2.380952e-01
        91        191 9.523810e-02
        91         91 6.666667e-01
        92        194 2.380952e-01
        92        192 9.523810e-02
        92         92 6.666667e-01
        93        195 2.380952e-01
        93        193 9.523810e-02
        93         93 6.666667e-01
        94        196 2.380952e-01
        94        194 9.523810e-02
        94         94 6.666667e-01
        95        197 2.380952e-01
        95        195 9.523810e-02
        95         95 6.666667e-01
        96        198 2.380952e-01
        96        196 9.523810e-02
        96         96 6.666667e-01
        97        199 2.380952e-01
        97        197 9.523810e-02
        97         97 6.666667e-01
        98        200 2.380952e-01
        98        198 9.523810e-02
        98         98 6.666667e-01
        99        201 2.380952e-01
        99        199 9.523810e-02
        99         99 6.666667e-01
       100        200 9.523810e-02
       100        100 9.047619e-01
       101        203 2.380952e-01
       101        101 7.619048e-01
       102        204 2.380952e-01
       102        202 4.761905e-02
       102        102 7.142857e-01
       103        205 2.380952e-01
       103        203 9.523810e-02
       103        103 6.666667e-01
       104        206 2.380952e-01
       104        204 1.428571e-01
       104        104 6.190476e-01
       105        207 2.380952e-01
       105        205 1.428571e-01
       105        105 6.190476e-01
       106        208 2.380952e-01
       106        206 1.428571e-01
       106        106 6.190476e-01
       107        209 2.380952e-01
       107        207 1.428571e-01
       107        107 6.190476e-01
       108        210 2.380952e-01
       108        208 1.428571e-01
       108        108 6.190476e-01
       109        211 2.380952e-01
       109        209 1.428571e-01
       109        109 6.190476e-01
       110        212 2.380952e-01
       110        210 1.428571e-01
       110        110 6.190476e-01
       111        213 2.380952e-01
       111        211 1.428571e-01
       111        111 6.190476e-01
       112        214 2.380952e-01
       112        212 1.428571e-01
       112        112 6.190476e-01
       113        215 2.380952e-01
       113        213 1.428571e-01
       113        113 6.190476e-01
       114        216 2.380952e-01
       114        214 1.428571e-01
       114        114 6.190476e-01
       115        217 2.380952e-01
       115        215 1.428571e-01
       115        115 6.190476e-01
       116        218 2.380952e-01
       116        216 1.428571e-01
       116        116 6.190476e-01
       117        219 2.380952e-01
       117        217 1.428571e-01
       117        117 6.190476e-01
       118        220 2.380952e-01
       118        218 1.428571e-01
       118        118 6.190476e-01
       119        221 2.380952e-01
       119        219 1.428571e-01
       119        119 6.190476e-01
       120        222 2.380952e-01
       120        220 1.428571e-01
       120        120 6.190476e-01
       121        223 2.380952e-01
       121        221 1.428571e-01
       121        121 6.190476e-01
       122        224 2.380952e-01
       122        222 1.428571e-01
       122        122 6.190476e-01
       123        225 2.380952e-01
       123        223 1.428571e-01
       123        123 6.190476e-01
       124        226 2.380952e-01
       124        224 1.428571e-01
       124        124 6.190476e-01
       125        227 2.380952e-01
       125        225 1.428571e-01
       125        125 6.190476e-01
       126        228 2.380952e-01
       126        226 1.428571e-01
       126        126 6.190476e-01
       127        229 2.380952e-01
       127        227 1.428571e-01
       127        127 6.190476e-01
       128        230 2.380952e-01
       128        228 1.428571e-01
       128        128 6.190476e-01
       129        231 2.380952e-01
       129        229 1.428571e-01
       129        129 6.190476e-01
       130        232 2.380952e-01
       130        230 1.428571e-01
       130        130 6.190476e-01
       131        233 2.380952e-01
       131        231 1.428571e-01
       131        131 6.190476e-01
       132        234 2.380952e-01
       132        232 1.428571e-01
       132        132 6.190476e-01
       133        235 2.380952e-01
       133        233 1.428571e-01
       133        133 6.190476e-01
       134        236 2.380952e-01
       134        234 1.428571e-01
       134        134 6.190476e-01
       135        237 2.380952e-01
       135        235 1.428571e-01
       135        135 6.190476e-01
       136        238 2.380952e-01
       136        236 1.428571e-01
       136        136 6.190476e-01
       137        239 2.380952e-01
       137        237 1.428571e-01
       137        137 6.190476e-01
       138        240 2.380952e-01
       138        238 1.428571e-01
       138        138 6.190476e-01
       139        241 2.380952e-01
       139        239 1.428571e-01
       139        139 6.190476e-01
       140        242 2.380952e-01
       140        240 1.428571e-01
       140        140 6.190476e-01
       141        243 2.380952e-01
       141        241 1.428571e-01
       141        141 6.190476e-01
       142        244 2.380952e-01
       142        242 1.428571e-01
       142        142 6.190476e-01
       143        245 2.380952e-01
       143        243 1.428571e-01
       143        143 6.190476e-01
       144        246 2.380952e-01
       144        244 1.428571e-01
       144        144 6.190476e-01
       145        247 2.380952e-01
       145        245 1.428571e-01
       145        145 6.190476e-01
       146        248 2.380952e-01
       146        246 1.428571e-01
       146        146 6.190476e-01
       147        249 2.380952e-01
       147        247 1.428571e-01
       147        147 6.190476e-01
       148        250 2.380952e-01
       148        248 1.428571e-01
       148        148 6.190476e-01
       149        251 2.380952e-01
       149        249 1.428571e-01
       149        149 6.190476e-01
       150        252 2.380952e-01
       150        250 1.428571e-01
       150        150 6.190476e-01
       151        253 2.380952e-01
       151        251 1.428571e-01
       151        151 6.190476e-01
       152        254 2.380952e-01
       152        252 1.428571e-01
       152        152 6.190476e-01
       153        255 2.380952e-01
       153        253 1.428571e-01
       153        153 6.190476e-01
       154        256 2.380952e-01
       154        254 1.428571e-01
       154        154 6.190476e-01
       155        257 2.380952e-01
       155        255 1.428571e-01
       155        155 6.190476e-01
       156        258 2.380952e-01
       156        256 1.428571e-01
       156        156 6.190476e-01
       157        259 2.380952e-01
       157        257 1.428571e-01
       157        157 6.190476e-01
       158        260 2.380952e-01
       158        258 1.428571e-01
       158        158 6.190476e-01
       159        261 2.380952e-01
       159        259 1.428571e-01
       159        159 6.190476e-01
       160        262 2.380952e-01
       160        260 1.428571e-01
       160        160 6.190476e-01
       161        263 2.380952e-01
       161        261 1.428571e-01
       161        161 6.190476e-01
       162        264 2.380952e-01
       162        262 1.428571e-01
       162        162 6.190476e-01
       163        265 2.380952e-01
       163        263 1.428571e-01
       163        163 6.190476e-01
       164        266 2.380952e-01
       164        264 1.428571e-01
       164        164 6.190476e-01
       165        267 2.380952e-01
       165        265 1.428571e-01
       165        165 6.190476e-01
       166        268 2.380952e-01
       166        266 1.428571e-01
       166        166 6.190476e-01
       167        269 2.380952e-01
       167        267 1.428571e-01
       167        167 6.190476e-01
       168        270 2.380952e-01
       168        268 1.428571e-01
       168        168 6.190476e-01
       169        271 2.380952e-01
       169        269 1.428571e-01
       169        169 6.190476e-01
       170        272 2.380952e-01
       170        270 1.428571e-01
       170        170 6.190476e-01
       171        273 2.380952e-01
       171        271 1.428571e-01
       171        171 6.190476e-01
       172        274 2.380952e-01
       172        272 1.428571e-01
       172        172 6.190476e-01
       173        275 2.380952e-01
       173        273 1.428571e-01
       173        173 6.190476e-01
       174        276 2.380952e-01
       174        274 1.428571e-01
       174        174 6.190476e-01
       175        277 2.380952e-01
       175        275 1.428571e-01
       175        175 6.190476e-01
       176        278 2.380952e-01
       176        276 1.428571e-01
       176        176 6.190476e-01
       177        279 2.380952e-01
       177        277 1.428571e-01
       177        177 6.190476e-01
       178        280 2.380952e-01
       178        278 1.428571e-01
       178        178 6.190476e-01
       179        281 2.380952e-01
       179        279 1.428571e-01
       179        179 6.190476e-01
       180        282 2.380952e-01
       180        280 1.428571e-01
       180        180 6.190476e-01
       181        283 2.380952e-01
       181        281 1.428571e-01
       181        181 6.190476e-01
       182        284 2.380952e-01
       182        282 1.428571e-01
       182        182 6.190476e-01
       183        285 2.380952e-01
       183        283 1.428571e-01
       183        183 6.190476e-01
       184        286 2.380952e-01
       184        284 1.428571e-01
       184        184 6.190476e-01
       185        287 2.380952e-01
       185        285 1.428571e-01
       185        185 6.190476e-01
       186        288 2.380952e-01
       186        286 1.428571e-01
       186        186 6.190476e-01
       187        289 2.380952e-01
       187        287 1.428571e-01
       187        187 6.190476e-01
       188        290 2.380952e-01
       188        288 1.428571e-01
       188        188 6.190476e-01
       189        291 2.380952e-01
       189        289 1.428571e-01
       189        189 6.190476e-01
       190        292 2.380952e-01
       190        290 1.428571e-01
       190        190 6.190476e-01
       191        293 2.380952e-01
       191        291 1.428571e-01
       191        191 6.190476e-01
       192        294 2.380952e-01
       192        292 1.428571e-01
       192        192 6.190476e-01
       193        295 2.380952e-01
       193        293 1.428571e-01
       193        193 6.190476e-01
       194        296 2.380952e-01
       194        294 1.428571e-01
       194        194 6.190476e-01
       195        297 2.380952e-01
       195        295 1.428571e-01
       195        195 6.190476e-01
       196        298 2.380952e-01
       196        296 1.428571e-01
       196        196 6.190476e-01
       197        299 2.380952e-01
       197        297 1.428571e-01
       197        197 6.190476e-01
       198        300 2.380952e-01
       198        298 1.428571e-01
       198        198 6.190476e-01
       199        301 2.380952e-01
       199        299 1.428571e-01
       199        199 6.190476e-01
       200        302 2.380952e-01
       200        300 1.428571e-01
       200        200 6.190476e-01
       201        301 1.428571e-01
       201        201 8.571429e-01
       202        304 2.380952e-01
       202        202 7.619048e-01
       203        305 2.380952e-01
       203        303 4.761905e-02
       203        203 7.142857e-01
       204        306 2.380952e-01
       204        304 9.523810e-02
       204        204 6.666667e-01
       205        307 2.380952e-01
       205        305 1.428571e-01
       205        205 6.190476e-01
       206        308 2.380952e-01
       206        306 1.904762e-01
       206        206 5.714286e-01
       207        309 2.380952e-01
       207        307 1.904762e-01
       207        207 5.714286e-01
       208        310 2.380952e-01
       208        308 1.904762e-01
       208        208 5.714286e-01
       209        311 2.380952e-01
       209        309 1.904762e-01
       209        209 5.714286e-01
       210        312 2.380952e-01
       210        310 1.904762e-01
       210        210 5.714286e-01
       211        313 2.380952e-01
       211        311 1.904762e-01
       211        211 5.714286e-01
       212        314 2.380952e-01
       212        312 1.904762e-01
       212        212 5.714286e-01
       213        315 2.380952e-01
       213        313 1.904762e-01
       213        213 5.714286e-01
       214        316 2.380952e-01
       214        314 1.904762e-01
       214        214 5.714286e-01
       215        317 2.380952e-01
       215        315 1.904762e-01
       215        215 5.714286e-01
       216        318 2.380952e-01
       216        316 1.904762e-01
       216        216 5.714286e-01
       217        319 2.380952e-01
       217        317 1.904762e-01
       217        217 5.714286e-01
       218        320 2.380952e-01
       218        318 1.904762e-01
       218        218 5.714286e-01
       219        321 2.380952e-01
       219        319 1.904762e-01
       219        219 5.714286e-01
       220        322 2.380952e-01
       220        320 1.904762e-01
       220        220 5.714286e-01
       221        323 2.380952e-01
       221        321 1.904762e-01
       221        221 5.714286e-01
       222        324 2.380952e-01
       222        322 1.904762e-01
       222        222 5.714286e-01
       223        325 2.380952e-01
       223        323 1.904762e-01
       223        223 5.714286e-01
       224        326 2.380952e-01
       224        324 1.904762e-01
       224        224 5.714286e-01
       225        327 2.380952e-01
       225        325 1.904762e-01
       225        225 5.714286e-01
       226        328 2.380952e-01
       226        326 1.904762e-01
       226        226 5.714286e-01
       227        329 2.380952e-01
       227        327 1.904762e-01
       227        227 5.714286e-01
       228        330 2.380952e-01
       228        328 1.904762e-01
       228        228 5.714286e-01
       229        331 2.380952e-01
       229        329 1.904762e-01
       229        229 5.714286e-01
       230        332 2.380952e-01
       230        330 1.904762e-01
       230        230 5.714286e-01
       231        333 2.380952e-01
       231        331 1.904762e-01
       231        231 5.714286e-01
       232        334 2.380952e-01
       232        332 1.904762e-01
       232        232 5.714286e-01
       233        335 2.380952e-01
       233        333 1.904762e-01
       233        233 5.714286e-01
       234        336 2.380952e-01
       234        334 1.904762e-01
       234        234 5.714286e-01
       235        337 2.380952e-01
       235        335 1.904762e-01
       235        235 5.714286e-01
       236        338 2.380952e-01
       236        336 1.904762e-01
       236        236 5.714286e-01
       237        339 2.380952e-01
       237        337 1.904762e-01
       237        237 5.714286e-01
       238        340 2.380952e-01
       238        338 1.904762e-01
       238        238 5.714286e-01
       239        341 2.380952e-01
       239        339 1.904762e-01
       239        239 5.714286e-01
       240        342 2.380952e-01
       240        340 1.904762e-01
       240        240 5.714286e-01
       241        343 2.380952e-01
       241        341 1.904762e-01
       241        241 5.714286e-01
       242        344 2.380952e-01
       242        342 1.904762e-01
       242        242 5.714286e-01
       243        345 2.380952e-01
       243        343 1.904762e-01
       243        243 5.714286e-01
       244        346 2.380952e-01
       244        344 1.904762e-01
       244        244 5.714286e-01
       245        347 2.380952e-01
       245        345 1.904762e-01
       245        245 5.714286e-01
       246        348 2.380952e-01
       246        346 1.904762e-01
       246        246 5.714286e-01
       247        349 2.380952e-01
       247        347 1.904762e-01
       247        247 5.714286e-01
       248        350 2.380952e-01
       248        348 1.904762e-01
       248        248 5.714286e-01
       249        351 2.380952e-01
       249        349 1.904762e-01
       249        249 5.714286e-01
       250        352 2.380952e-01
       250        350 1.904762e-01
       250        250 5.714286e-01
       251        353 2.380952e-01
       251        351 1.904762e-01
       251        251 5.714286e-01
       252        354 2.380952e-01
       252        352 1.904762e-01
       252        252 5.714286e-01
       253        355 2.380952e-01
       253        353 1.904762e-01
       253        253 5.714286e-01
       254        356 2.380952e-01
       254        354 1.904762e-01
       254        254 5.714286e-01
       255        357 2.380952e-01
       255        355 1.904762e-01
       255        255 5.714286e-01
       256        358 2.380952e-01
       256        356 1.904762e-01
       256        256 5.714286e-01
       257        359 2.380952e-01
       257        357 1.904762e-01
       257        257 5.714286e-01
       258        360 2.380952e-01
       258        358 1.904762e-01
       258        258 5.714286e-01
       259        361 2.380952e-01
       259        359 1.904762e-01
       259        259 5.714286e-01
       260        362 2.380952e-01
       260        360 1.904762e-01
       260        260 5.714286e-01
       261        363 2.380952e-01
       261        361 1.904762e-01
       261        261 5.714286e-01
       262        364 2.380952e-01
       262        362 1.904762e-01
       262        262 5.714286e-01
       263        365 2.380952e-01
       263        363 1.904762e-01
       263        263 5.714286e-01
       264        366 2.380952e-01
       264        364 1.904762e-01
       264        264 5.714286e-01
       265        367 2.380952e-01
       265        365 1.904762e-01
       265        265 5.714286e-01
       266        368 2.380952e-01
       266        366 1.904762e-01
       266        266 5.714286e-01
       267        369 2.380952e-01
       267        367 1.904762e-01
       267        267 5.714286e-01
       268        370 2.380952e-01
       268        368 1.904762e-01
       268        268 5.714286e-01
       269        371 2.380952e-01
       269        369 1.904762e-01
       269        269 5.714286e-01
       270        372 2.380952e-01
       270        370 1.904762e-01
       270        270 5.714286e-01
       271        373 2.380952e-01
       271        371 1.904762e-01
       271        271 5.714286e-01
       272        374 2.380952e-01
       272        372 1.904762e-01
       272        272 5.714286e-01
       273        375 2.380952e-01
       273        373 1.904762e-01
       273        273 5.714286e-01
       274        376 2.380952e-01
       274        374 1.904762e-01
       274        274 5.714286e-01
       275        377 2.380952e-01
       275        375 1.904762e-01
       275        275 5.714286e-01
       276        378 2.380952e-01
       276        376 1.904762e-01
       276        276 5.714286e-01
       277        379 2.380952e-01
       277        377 1.904762e-01
       277        277 5.714286e-01
       278        380 2.380952e-01
       278        378 1.904762e-01
       278        278 5.714286e-01
       279        381 2.380952e-01
       279        379 1.904762e-01
       279        279 5.714286e-01
       280        382 2.380952e-01
       280        380 1.904762e-01
       280        280 5.714286e-01
       281        383 2.380952e-01
       281        381 1.904762e-01
       281        281 5.714286e-01
       282        384 2.380952e-01
       282        382 1.904762e-01
       282        282 5.714286e-01
       283        385 2.380952e-01
       283        383 1.904762e-01
       283        283 5.714286e-01
       284        386 2.380952e-01
       284        384 1.904762e-01
       284        284 5.714286e-01
       285        387 2.380952e-01
       285        385 1.904762e-01
       285        285 5.714286e-01
       286        388 2.380952e-01
       286        386 1.904762e-01
       286        286 5.714286e-01
       287        389 2.380952e-01
       287        387 1.904762e-01
       287        287 5.714286e-01
       288        390 2.380952e-01
       288        388 1.904762e-01
       288        288 5.714286e-01
       289        391 2.380952e-01
       289        389 1.904762e-01
       289        289 5.714286e-01
       290        392 2.380952e-01
       290        390 1.904762e-01
       290        290 5.714286e-01
       291        393 2.380952e-01
       291        391 1.904762e-01
       291        291 5.714286e-01
       292        394 2.380952e-01
       292        392 1.904762e-01
       292        292 5.714286e-01
       293        395 2.380952e-01
       293        393 1.904762e-01
       293        293 5.714286e-01
       294        396 2.380952e-01
       294        394 1.904762e-01
       294        294 5.714286e-01
       295        397 2.380952e-01
       295        395 1.904762e-01
       295        295 5.714286e-01
       296        398 2.380952e-01
       296        396 1.904762e-01
       296        296 5.714286e-01
       297        399 2.380952e-01
       297        397 1.904762e-01
       297        297 5.714286e-01
       298        400 2.380952e-01
       298        398 1.904762e-01
       298        298 5.714286e-01
       299        401 2.380952e-01
       299        399 1.904762e-01
       299        299 5.714286e-01
       300        402 2.380952e-01
       300        400 1.904762e-01
       300        300 5.714286e-01
       301        403 2.380952e-01
       301        401 1.904762e-01
       301        301 5.714286e-01
       302        402 1.904762e-01
       302        302 8.095238e-01
       303        405 2.380952e-01
       303        303 7.619048e-01
       304        406 2.380952e-01
       304        404 4.761905e-02
       304        304 7.142857e-01
       305        407 2.380952e-01
       305        405 9.523810e-02
       305        305 6.666667e-01
       306        408 2.380952e-01
       306        406 1.428571e-01
       306        306 6.190476e-01
       307        409 2.380952e-01
       307        407 1.904762e-01
       307        307 5.714286e-01
       308        410 2.380952e-01
       308        408 2.380952e-01
       308        308 5.238095e-01
       309        411 2.380952e-01
       309        409 2.380952e-01
       309        309 5.238095e-01
       310        412 2.380952e-01
       310        410 2.380952e-01
       310        310 5.238095e-01
       311        413 2.380952e-01
       311        411 2.380952e-01
       311        311 5.238095e-01
       312        414 2.380952e-01
       312        412 2.380952e-01
       312        312 5.238095e-01
       313        415 2.380952e-01
       313        413 2.380952e-01
       313        313 5.238095e-01
       314        416 2.380952e-01
       314        414 2.380952e-01
       314        314 5.238095e-01
       315        417 2.380952e-01
       315        415 2.380952e-01
       315        315 5.238095e-01
       316        418 2.380952e-01
       316        416 2.380952e-01
       316        316 5.238095e-01
       317        419 2.380952e-01
       317        417 2.380952e-01
       317        317 5.238095e-01
       318        420 2.380952e-01
       318        418 2.380952e-01
       318        318 5.238095e-01
       319        421 2.380952e-01
       319        419 2.380952e-01
       319        319 5.238095e-01
       320        422 2.380952e-01
       320        420 2.380952e-01
       320        320 5.238095e-01
       321        423 2.380952e-01
       321        421 2.380952e-01
       321        321 5.238095e-01
       322        424 2.380952e-01
       322        422 2.380952e-01
       322        322 5.238095e-01
       323        425 2.380952e-01
       323        423 2.380952e-01
       323        323 5.238095e-01
       324        426 2.380952e-01
       324        424 2.380952e-01
       324        324 5.238095e-01
       325        427 2.380952e-01
       325        425 2.380952e-01
       325        325 5.238095e-01
       326        428 2.380952e-01
       326        426 2.380952e-01
       326        326 5.238095e-01
       327        429 2.380952e-01
       327        427 2.380952e-01
       327        327 5.238095e-01
       328        430 2.380952e-01
       328        428 2.380952e-01
       328        328 5.238095e-01
       329        431 2.380952e-01
       329        429 2.380952e-01
       329        329 5.238095e-01
       330        432 2.380952e-01
       330        430 2.380952e-01
       330        330 5.238095e-01
       331        433 2.380952e-01
       331        431 2.380952e-01
       331        331 5.238095e-01
       332        434 2.380952e-01
       332        432 2.380952e-01
       332        332 5.238095e-01
       333        435 2.380952e-01
       333        433 2.380952e-01
       333        333 5.238095e-01
       334        436 2.380952e-01
       334        434 2.380952e-01
       334        334 5.238095e-01
       335        437 2.380952e-01
       335        435 2.380952e-01
       335        335 5.238095e-01
       336        438 2.380952e-01
       336        436 2.380952e-01
       336        336 5.238095e-01
       337        439 2.380952e-01
       337        437 2.380952e-01
       337        337 5.238095e-01
       338        440 2.380952e-01
       338        438 2.380952e-01
       338        338 5.238095e-01
       339        441 2.380952e-01
       339        439 2.380952e-01
       339        339 5.238095e-01
       340        442 2.380952e-01
       340        440 2.380952e-01
       340        340 5.238095e-01
       341        443 2.380952e-01
       341        441 2.380952e-01
       341        341 5.238095e-01
       342        444 2.380952e-01
       342        442 2.380952e-01
       342        342 5.238095e-01
       343        445 2.380952e-01
       343        443 2.380952e-01
       343        343 5.238095e-01
       344        446 2.380952e-01
       344        444 2.380952e-01
       344        344 5.238095e-01
       345        447 2.380952e-01
       345        445 2.380952e-01
       345        345 5.238095e-01
       346        448 2.380952e-01
       346        446 2.380952e-01
       346        346 5.238095e-01
       347        449 2.380952e-01
       347        447 2.380952e-01
       347        347 5.238095e-01
       348        450 2.380952e-01
       348        448 2.380952e-01
       348        348 5.238095e-01
       349        451 2.380952e-01
       349        449 2.380952e-01
       349        349 5.238095e-01
       350        452 2.380952e-01
       350        450 2.380952e-01
       350        350 5.238095e-01
       351        453 2.380952e-01
       351        451 2.380952e-01
       351        351 5.238095e-01
       352        454 2.380952e-01
       352        452 2.380952e-01
       352        352 5.238095e-01
       353        455 2.380952e-01
       353        453 2.380952e-01
       353        353 5.238095e-01
       354        456 2.380952e-01
       354        454 2.380952e-01
       354        354 5.238095e-01
       355        457 2.380952e-01
       355        455 2.380952e-01
       355        355 5.238095e-01
       356        458 2.380952e-01
       356        456 2.380952e-01
       356        356 5.238095e-01
       357        459 2.380952e-01
       357        457 2.380952e-01
       357        357 5.238095e-01
       358        460 2.380952e-01
       358        458 2.380952e-01
       358        358 5.238095e-01
       359        461 2.380952e-01
       359        459 2.380952e-01
       359        359 5.238095e-01
       360        462 2.380952e-01
       360        460 2.380952e-01
       360        360 5.238095e-01
       361        463 2.380952e-01
       361        461 2.380952e-01
       361        361 5.238095e-01
       362        464 2.380952e-01
       362        462 2.380952e-01
       362        362 5.238095e-01
       363        465 2.380952e-01
       363        463 2.380952e-01
       363        363 5.238095e-01
       364        466 2.380952e-01
       364        464 2.380952e-01
       364        364 5.238095e-01
       365        467 2.380952e-01
       365        465 2.380952e-01
       365        365 5.238095e-01
       366        468 2.380952e-01
       366        466 2.380952e-01
       366        366 5.238095e-01
       367        469 2.380952e-01
       367        467 2.380952e-01
       367        367 5.238095e-01
       368        470 2.380952e-01
       368        468 2.380952e-01
       368        368 5.238095e-01
       369        471 2.380952e-01
       369        469 2.380952e-01
       369        369 5.238095e-01
       370        472 2.380952e-01
       370        470 2.380952e-01
       370        370 5.238095e-01
       371        473 2.380952e-01
       371        471 2.380952e-01
       371        371 5.238095e-01
       372        474 2.380952e-01
       372        472 2.380952e-01
       372        372 5.238095e-01
       373        475 2.380952e-01
       373        473 2.380952e-01
       373        373 5.238095e-01
       374        476 2.380952e-01
       374        474 2.380952e-01
       374        374 5.238095e-01
       375        477 2.380952e-01
       375        475 2.380952e-01
       375        375 5.238095e-01
       376        478 2.380952e-01
       376        476 2.380952e-01
       376        376 5.238095e-01
       377        479 2.380952e-01
       377        477 2.380952e-01
       377        377 5.238095e-01
       378        480 2.380952e-01
       378        478 2.380952e-01
       378        378 5.238095e-01
       379        481 2.380952e-01
       379        479 2.380952e-01
       379        379 5.238095e-01
       380        482 2.380952e-01
       380        480 2.380952e-01
       380        380 5.238095e-01
       381        483 2.380952e-01
       381        481 2.380952e-01
       381        381 5.238095e-01
       382        484 2.380952e-01
       382        482 2.380952e-01
       382        382 5.238095e-01
       383        485 2.380952e-01
       383        483 2.380952e-01
       383        383 5.238095e-01
       384        486 2.380952e-01
       384        484 2.380952e-01
       384        384 5.238095e-01
       385        487 2.380952e-01
       385        485 2.380952e-01
       385        385 5.238095e-01
       386        488 2.380952e-01
       386        486 2.380952e-01
       386        386 5.238095e-01
       387        489 2.380952e-01
       387        487 2.380952e-01
       387        387 5.238095e-01
       388        490 2.380952e-01
       388        488 2.380952e-01
       388        388 5.238095e-01
       389        491 2.380952e-01
       389        489 2.380952e-01
       389        389 5.238095e-01
       390        492 2.380952e-01
       390        490 2.380952e-01
       390        390 5.238095e-01
       391        493 2.380952e-01
       391        491 2.380952e-01
       391        391 5.238095e-01
       392        494 2.380952e-01
       392        492 2.380952e-01
       392        392 5.238095e-01
       393        495 2.380952e-01
       393        493 2.380952e-01
       393        393 5.238095e-01
       394        496 2.380952e-01
       394        494 2.380952e-01
       394        394 5.238095e-01
       395        497 2.380952e-01
       395        495 2.380952e-01
       395        395 5.238095e-01
       396        498 2.380952e-01
       396        496 2.380952e-01
       396        396 5.238095e-01
       397        499 2.380952e-01
       397        497 2.380952e-01
       397        397 5.238095e-01
       398        500 2.380952e-01
       398        498 2.380952e-01
       398        398 5.238095e-01
       399        501 2.380952e-01
       399        499 2.380952e-01
       399        399 5.238095e-01
       400        502 2.380952e-01
       400        500 2.380952e-01
       400        400 5.238095e-01
       401        503 2.380952e-01
       401        501 2.380952e-01
       401        401 5.238095e-01
       402        504 2.380952e-01
       402        502 2.380952e-01
       402        402 5.238095e-01
       403        503 2.380952e-01
       403        403 7.619048e-01
       404        506 2.380952e-01
       404        404 7.619048e-01
       405        507 2.380952e-01
       405        505 4.761905e-02
       405        405 7.142857e-01
       406        508 2.380952e-01
       406        506 9.523810e-02
       406        406 6.666667e-01
       407        509 2.380952e-01
       407        507 1.428571e-01
       407        407 6.190476e-01
       408        510 2.380952e-01
       408        508 1.904762e-01
       408        408 5.714286e-01
       409        511 2.380952e-01
       409        509 2.380952e-01
       409        409 5.238095e-01
       410        512 2.380952e-01
       410        510 2.857143e-01
       410        410 4.761905e-01
       411        513 2.380952e-01
       411        511 2.857143e-01
       411        411 4.761905e-01
       412        514 2.380952e-01
       412        512 2.857143e-01
       412        412 4.761905e-01
       413        515 2.380952e-01
       413        513 2.857143e-01
       413        413 4.761905e-01
       414        516 2.380952e-01
       414        514 2.857143e-01
       414        414 4.761905e-01
       415        517 2.380952e-01
       415        515 2.857143e-01
       415        415 4.761905e-01
       416        518 2.380952e-01
       416        516 2.857143e-01
       416        416 4.761905e-01
       417        519 2.380952e-01
       417        517 2.857143e-01
       417        417 4.761905e-01
       418        520 2.380952e-01
       418        518 2.857143e-01
       418        418 4.761905e-01
       419        521 2.380952e-01
       419        519 2.857143e-01
       419        419 4.761905e-01
       420        522 2.380952e-01
       420        520 2.857143e-01
       420        420 4.761905e-01
       421        523 2.380952e-01
       421        521 2.857143e-01
       421        421 4.761905e-01
       422        524 2.380952e-01
       422        522 2.857143e-01
       422        422 4.761905e-01
       423        525 2.380952e-01
       423        523 2.857143e-01
       423        423 4.761905e-01
       424        526 2.380952e-01
       424        524 2.857143e-01
       424        424 4.761905e-01
       425        527 2.380952e-01
       425        525 2.857143e-01
       425        425 4.761905e-01
       426        528 2.380952e-01
       426        526 2.857143e-01
       426        426 4.761905e-01
       427        529 2.380952e-01
       427        527 2.857143e-01
       427        427 4.761905e-01
       428        530 2.380952e-01
       428        528 2.857143e-01
       428        428 4.761905e-01
       429        531 2.380952e-01
       429        529 2.857143e-01
       429        429 4.761905e-01
       430        532 2.380952e-01
       430        530 2.857143e-01
       430        430 4.761905e-01
       431        533 2.380952e-01
       431        531 2.857143e-01
       431        431 4.761905e-01
       432        534 2.380952e-01
       432        532 2.857143e-01
       432        432 4.761905e-01
       433        535 2.380952e-01
       433        533 2.857143e-01
       433        433 4.761905e-01
       434        536 2.380952e-01
       434        534 2.857143e-01
       434        434 4.761905e-01
       435        537 2.380952e-01
       435        535 2.857143e-01
       435        435 4.761905e-01
       436        538 2.380952e-01
       436        536 2.857143e-01
       436        436 4.761905e-01
       437        539 2.380952e-01
       437        537 2.857143e-01
       437        437 4.761905e-01
       438        540 2.380952e-01
       438        538 2.857143e-01
       438        438 4.761905e-01
       439        541 2.380952e-01
       439        539 2.857143e-01
       439        439 4.761905e-01
       440        542 2.380952e-01
       440        540 2.857143e-01
       440        440 4.761905e-01
       441        543 2.380952e-01
       441        541 2.857143e-01
       441        441 4.761905e-01
       442        544 2.380952e-01
       442        542 2.857143e-01
       442        442 4.761905e-01
       443        545 2.380952e-01
       443        543 2.857143e-01
       443        443 4.761905e-01
       444        546 2.380952e-01
       444        544 2.857143e-01
       444        444 4.761905e-01
       445        547 2.380952e-01
       445        545 2.857143e-01
       445        445 4.761905e-01
       446        548 2.380952e-01
       446        546 2.857143e-01
       446        446 4.761905e-01
       447        549 2.380952e-01
       447        547 2.857143e-01
       447        447 4.761905e-01
       448        550 2.380952e-01
       448        548 2.857143e-01
       448        448 4.761905e-01
       449        551 2.380952e-01
       449        549 2.857143e-01
       449        449 4.761905e-01
       450        552 2.380952e-01
       450        550 2.857143e-01
       450        450 4.761905e-01
       451        553 2.380952e-01
       451        551 2.857143e-01
       451        451 4.761905e-01
       452        554 2.380952e-01
       452        552 2.857143e-01
       452        452 4.761905e-01
       453        555 2.380952e-01
       453        553 2.857143e-01
       453        453 4.761905e-01
       454        556 2.380952e-01
       454        554 2.857143e-01
       454        454 4.761905e-01
       455        557 2.380952e-01
       455        555 2.857143e-01
       455        455 4.761905e-01
       456        558 2.380952e-01
       456        556 2.857143e-01
       456        456 4.761905e-01
       457        559 2.380952e-01
       457        557 2.857143e-01
       457        457 4.761905e-01
       458        560 2.380952e-01
       458        558 2.857143e-01
       458        458 4.761905e-01
       459        561 2.380952e-01
       459        559 2.857143e-01
       459        459 4.761905e-01
       460        562 2.380952e-01
       460        560 2.857143e-01
       460        460 4.761905e-01
       461        563 2.380952e-01
       461        561 2.857143e-01
       461        461 4.761905e-01
       462        564 2.380952e-01
       462        562 2.857143e-01
       462        462 4.761905e-01
       463        565 2.380952e-01
       463        563 2.857143e-01
       463        463 4.761905e-01
       464        566 2.380952e-01
       464        564 2.857143e-01
       464        464 4.761905e-01
       465        567 2.380952e-01
       465        565 2.857143e-01
       465        465 4.761905e-01
       466        568 2.380952e-01
       466        566 2.857143e-01
       466        466 4.761905e-01
       467        569 2.380952e-01
       467        567 2.857143e-01
       467        467 4.761905e-01
       468        570 2.380952e-01
       468        568 2.857143e-01
       468        468 4.761905e-01
       469        571 2.380952e-01
       469        569 2.857143e-01
       469        469 4.761905e-01
       470        572 2.380952e-01
       470        570 2.857143e-01
       470        470 4.761905e-01
       471        573 2.380952e-01
       471        571 2.857143e-01
       471        471 4.761905e-01
       472        574 2.380952e-01
       472        572 2.857143e-01
       472        472 4.761905e-01
       473        575 2.380952e-01
       473        573 2.857143e-01
       473        473 4.761905e-01
       474        576 2.380952e-01
       474        574 2.857143e-01
       474        474 4.761905e-01
       475        577 2.380952e-01
       475        575 2.857143e-01
       475        475 4.761905e-01
       476        578 2.380952e-01
       476        576 2.857143e-01
       476        476 4.761905e-01
       477        579 2.380952e-01
       477        577 2.857143e-01
       477        477 4.761905e-01
       478        580 2.380952e-01
       478        578 2.857143e-01
       478        478 4.761905e-01
       479        581 2.380952e-01
       479        579 2.857143e-01
       479        479 4.761905e-01
       480        582 2.380952e-01
       480        580 2.857143e-01
       480        480 4.761905e-01
       481        583 2.380952e-01
       481        581 2.857143e-01
       481        481 4.761905e-01
       482        584 2.380952e-01
       482        582 2.857143e-01
       482        482 4.761905e-01
       483        585 2.380952e-01
       483        583 2.857143e-01
       483        483 4.761905e-01
       484        586 2.380952e-01
       484        584 2.857143e-01
       484        484 4.761905e-01
       485        587 2.380952e-01
       485        585 2.857143e-01
       485        485 4.761905e-01
       486        588 2.380952e-01
       486        586 2.857143e-01
       486        486 4.761905e-01
       487        589 2.380952e-01
       487        587 2.857143e-01
       487        487 4.761905e-01
       488        590 2.380952e-01
       488        588 2.857143e-01
       488        488 4.761905e-01
       489        591 2.380952e-01
       489        589 2.857143e-01
       489        489 4.761905e-01
       490        592 2.380952e-01
       490        590 2.857143e-01
       490        490 4.761905e-01
       491        593 2.380952e-01
       491        591 2.857143e-01
       491        491 4.761905e-01
       492        594 2.380952e-01
       492        592 2.857143e-01
       492        492 4.761905e-01
       493        595 2.380952e-01
       493        593 2.857143e-01
       493        493 4.761905e-01
       494        596 2.380952e-01
       494        594 2.857143e-01
       494        494 4.761905e-01
       495        597 2.380952e-01
       495        595 2.857143e-01
       495        495 4.761905e-01
       496        598 2.380952e-01
       496        596 2.857143e-01
       496        496 4.761905e-01
       497        599 2.380952e-01
       497        597 2.857143e-01
       497        497 4.761905e-01
       498        600 2.380952e-01
       498        598 2.857143e-01
       498        498 4.761905e-01
       499        601 2.380952e-01
       499        599 2.857143e-01
       499        499 4.761905e-01
       500        602 2.380952e-01
       500        600 2.857143e-01
       500        500 4.761905e-01
       501        603 2.380952e-01
       501        601 2.857143e-01
       501        501 4.761905e-01
       502        604 2.380952e-01
       502        602 2.857143e-01
       502        502 4.761905e-01
       503        605 2.380952e-01
       503        603 2.857143e-01
       503        503 4.761905e-01
       504        604 2.857143e-01
       504        504 7.142857e-01
       505        607 2.380952e-01
       505        505 7.619048e-01
       506        608 2.380952e-01
       506        606 4.761905e-02
       506        506 7.142857e-01
       507        609 2.380952e-01
       507        607 9.523810e-02
       507        507 6.666667e-01
       508        610 2.380952e-01
       508        608 1.428571e-01
       508        508 6.190476e-01
       509        611 2.380952e-01
       509        609 1.904762e-01
       509        509 5.714286e-01
       510        612 2.380952e-01
       510        610 2.380952e-01
       510        510 5.238095e-01
       511        613 2.380952e-01
       511        611 2.857143e-01
       511        511 4.761905e-01
       512        614 2.380952e-01
       512        612 3.333333e-01
       512        512 4.285714e-01
       513        615 2.380952e-01
       513        613 3.333333e-01
       513        513 4.285714e-01
       514        616 2.380952e-01
       514        614 3.333333e-01
       514        514 4.285714e-01
       515        617 2.380952e-01
       515        615 3.333333e-01
       515        515 4.285714e-01
       516        618 2.380952e-01
       516        616 3.333333e-01
       516        516 4.285714e-01
       517        619 2.380952e-01
       517        617 3.333333e-01
       517        517 4.285714e-01
       518        620 2.380952e-01
       518        618 3.333333e-01
       518        518 4.285714e-01
       519        621 2.380952e-01
       519        619 3.333333e-01
       519        519 4.285714e-01
       520        622 2.380952e-01
       520        620 3.333333e-01
       520        520 4.285714e-01
       521        623 2.380952e-01
       521        621 3.333333e-01
       521        521 4.285714e-01
       522        624 2.380952e-01
       522        622 3.333333e-01
       522        522 4.285714e-01
       523        625 2.380952e-01
       523        623 3.333333e-01
       523        523 4.285714e-01
       524        626 2.380952e-01
       524        624 3.333333e-01
       524        524 4.285714e-01
       525        627 2.380952e-01
       525        625 3.333333e-01
       525        525 4.285714e-01
       526        628 2.380952e-01
       526        626 3.333333e-01
       526        526 4.285714e-01
       527        629 2.380952e-01
       527        627 3.333333e-01
       527        527 4.285714e-01
       528        630 2.380952e-01
       528        628 3.333333e-01
       528        528 4.285714e-01
       529        631 2.380952e-01
       529        629 3.333333e-01
       529        529 4.285714e-01
       530        632 2.380952e-01
       530        630 3.333333e-01
       530        530 4.285714e-01
       531        633 2.380952e-01
       531        631 3.333333e-01
       531        531 4.285714e-01
       532        634 2.380952e-01
       532        632 3.333333e-01
       532        532 4.285714e-01
       533        635 2.380952e-01
       533        633 3.333333e-01
       533        533 4.285714e-01
       534        636 2.380952e-01
       534        634 3.333333e-01
       534        534 4.285714e-01
       535        637 2.380952e-01
       535        635 3.333333e-01
       535        535 4.285714e-01
       536        638 2.380952e-01
       536        636 3.333333e-01
       536        536 4.285714e-01
       537        639 2.380952e-01
       537        637 3.333333e-01
       537        537 4.285714e-01
       538        640 2.380952e-01
       538        638 3.333333e-01
       538        538 4.285714e-01
       539        641 2.380952e-01
       539        639 3.333333e-01
       539        539 4.285714e-01
       540        642 2.380952e-01
       540        640 3.333333e-01
       540        540 4.285714e-01
       541        643 2.380952e-01
       541        641 3.333333e-01
       541        541 4.285714e-01
       542        644 2.380952e-01
       542        642 3.333333e-01
       542        542 4.285714e-01
       543        645 2.380952e-01
       543        643 3.333333e-01
       543        543 4.285714e-01
       544        646 2.380952e-01
       544        644 3.333333e-01
       544        544 4.285714e-01
       545        647 2.380952e-01
       545        645 3.333333e-01
       545        545 4.285714e-01
       546        648 2.380952e-01
       546        646 3.333333e-01
       546        546 4.285714e-01
       547        649 2.380952e-01
       547        647 3.333333e-01
       547        547 4.285714e-01
       548        650 2.380952e-01
       548        648 3.333333e-01
       548        548 4.285714e-01
       549        651 2.380952e-01
       549        649 3.333333e-01
       549        549 4.285714e-01
       550        652 2.380952e-01
       550        650 3.333333e-01
       550        550 4.285714e-01
       551        653 2.380952e-01
       551        651 3.333333e-01
       551        551 4.285714e-01
       552        654 2.380952e-01
       552        652 3.333333e-01
       552        552 4.285714e-01
       553        655 2.380952e-01
       553        653 3.333333e-01
       553        553 4.285714e-01
       554        656 2.380952e-01
       554        654 3.333333e-01
       554        554 4.285714e-01
       555        657 2.380952e-01
       555        655 3.333333e-01
       555        555 4.285714e-01
       556        658 2.380952e-01
       556        656 3.333333e-01
       556        556 4.285714e-01
       557        659 2.380952e-01
       557        657 3.333333e-01
       557        557 4.285714e-01
       558        660 2.380952e-01
       558        658 3.333333e-01
       558        558 4.285714e-01
       559        661 2.380952e-01
       559        659 3.333333e-01
       559        559 4.285714e-01
       560        662 2.380952e-01
       560        660 3.333333e-01
       560        560 4.285714e-01
       561        663 2.380952e-01
       561        661 3.333333e-01
       561        561 4.285714e-01
       562        664 2.380952e-01
       562        662 3.333333e-01
       562        562 4.285714e-01
       563        665 2.380952e-01
       563        663 3.333333e-01
       563        563 4.285714e-01
       564        666 2.380952e-01
       564        664 3.333333e-01
       564        564 4.285714e-01
       565        667 2.380952e-01
       565        665 3.333333e-01
       565        565 4.285714e-01
       566        668 2.380952e-01
       566        666 3.333333e-01
       566        566 4.285714e-01
       567        669 2.380952e-01
       567        667 3.333333e-01
       567        567 4.285714e-01
       568        670 2.380952e-01
       568        668 3.333333e-01
       568        568 4.285714e-01
       569        671 2.380952e-01
       569        669 3.333333e-01
       569        569 4.285714e-01
       570        672 2.380952e-01
       570        670 3.333333e-01
       570        570 4.285714e-01
       571        673 2.380952e-01
       571        671 3.333333e-01
       571        571 4.285714e-01
       572        674 2.380952e-01
       572        672 3.333333e-01
       572        572 4.285714e-01
       573        675 2.380952e-01
       573        673 3.333333e-01
       573        573 4.285714e-01
       574        676 2.380952e-01
       574        674 3.333333e-01
       574        574 4.285714e-01
       575        677 2.380952e-01
       575        675 3.333333e-01
       575        575 4.285714e-01
       576        678 2.380952e-01
       576        676 3.333333e-01
       576        576 4.285714e-01
       577        679 2.380952e-01
       577        677 3.333333e-01
       577        577 4.285714e-01
       578        680 2.380952e-01
       578        678 3.333333e-01
       578        578 4.285714e-01
       579        681 2.380952e-01
       579        679 3.333333e-01
       579        579 4.285714e-01
       580        682 2.380952e-01
       580        680 3.333333e-01
       580        580 4.285714e-01
       581        683 2.380952e-01
       581        681 3.333333e-01
       581        581 4.285714e-01
       582        684 2.380952e-01
       582        682 3.333333e-01
       582        582 4.285714e-01
       583        685 2.380952e-01
       583        683 3.333333e-01
       583        583 4.285714e-01
       584        686 2.380952e-01
       584        684 3.333333e-01
       584        584 4.285714e-01
       585        687 2.380952e-01
       585        685 3.333333e-01
       585        585 4.285714e-01
       586        688 2.380952e-01
       586        686 3.333333e-01
       586        586 4.285714e-01
       587        689 2.380952e-01
       587        687 3.333333e-01
       587        587 4.285714e-01
       588        690 2.380952e-01
       588        688 3.333333e-01
       588        588 4.285714e-01
       589        691 2.380952e-01
       589        689 3.333333e-01
       589        589 4.285714e-01
       590        692 2.380952e-01
       590        690 3.333333e-01
       590        590 4.285714e-01
       591        693 2.380952e-01
       591        691 3.333333e-01
       591        591 4.285714e-01
       592        694 2.380952e-01
       592        692 3.333333e-01
       592        592 4.285714e-01
       593        695 2.380952e-01
       593        693 3.333333e-01
       593        593 4.285714e-01
       594        696 2.380952e-01
       594        694 3.333333e-01
       594        594 4.285714e-01
       595        697 2.380952e-01
       595        695 3.333333e-01
       595        595 4.285714e-01
       596        698 2.380952e-01
       596        696 3.333333e-01
       596        596 4.285714e-01
       597        699 2.380952e-01
       597        697 3.333333e-01
       597        597 4.285714e-01
       598        700 2.380952e-01
       598        698 3.333333e-01
       598        598 4.285714e-01
       599        701 2.380952e-01
       599        699 3.333333e-01
       599        599 4.285714e-01
       600        702 2.380952e-01
       600        700 3.333333e-01
       600        600 4.285714e-01
       601        703 2.380952e-01
       601        701 3.333333e-01
       601        601 4.285714e-01
       602        704 2.380952e-01
       602        702 3.333333e-01
       602        602 4.285714e-01
       603        705 2.380952e-01
       603        703 3.333333e-01
       603        603 4.285714e-01
       604        706 2.380952e-01
       604        704 3.333333e-01
       604        604 4.285714e-01
       605        705 3.333333e-01
       605        605 6.666667e-01
       606        708 2.380952e-01
       606        606 7.619048e-01
       607        709 2.380952e-01
       607        707 4.761905e-02
       607        607 7.142857e-01
       608        710 2.380952e-01
       608        708 9.523810e-02
       608        608 6.666667e-01
       609        711 2.380952e-01
       609        709 1.428571e-01
       609        609 6.190476e-01
       610        712 2.380952e-01
       610        710 1.904762e-01
       610        610 5.714286e-01
       611        713 2.380952e-01
       611        711 2.380952e-01
       611        611 5.238095e-01
       612        714 2.380952e-01
       612        712 2.857143e-01
       612        612 4.761905e-01
       613        715 2.380952e-01
       613        713 3.333333e-01
       613        613 4.285714e-01
       614        716 2.380952e-01
       614        714 3.809524e-01
       614        614 3.809524e-01
       615        717 2.380952e-01
       615        715 3.809524e-01
       615        615 3.809524e-01
       616        718 2.380952e-01
       616        716 3.809524e-01
       616        616 3.809524e-01
       617        719 2.380952e-01
       617        717 3.809524e-01
       617        617 3.809524e-01
       618        720 2.380952e-01
       618        718 3.809524e-01
       618        618 3.809524e-01
       619        721 2.380952e-01
       619        719 3.809524e-01
       619        619 3.809524e-01
       620        722 2.380952e-01
       620        720 3.809524e-01
       620        620 3.809524e-01
       621        723 2.380952e-01
       621        721 3.809524e-01
       621        621 3.809524e-01
       622        724 2.380952e-01
       622        722 3.809524e-01
       622        622 3.809524e-01
       623        725 2.380952e-01
       623        723 3.809524e-01
       623        623 3.809524e-01
       624        726 2.380952e-01
       624        724 3.809524e-01
       624        624 3.809524e-01
       625        727 2.380952e-01
       625        725 3.809524e-01
       625        625 3.809524e-01
       626        728 2.380952e-01
       626        726 3.809524e-01
       626        626 3.809524e-01
       627        729 2.380952e-01
       627        727 3.809524e-01
       627        627 3.809524e-01
       628        730 2.380952e-01
       628        728 3.809524e-01
       628        628 3.809524e-01
       629        731 2.380952e-01
       629        729 3.809524e-01
       629        629 3.809524e-01
       630        732 2.380952e-01
       630        730 3.809524e-01
       630        630 3.809524e-01
       631        733 2.380952e-01
       631        731 3.809524e-01
       631        631 3.809524e-01
       632        734 2.380952e-01
       632        732 3.809524e-01
       632        632 3.809524e-01
       633        735 2.380952e-01
       633        733 3.809524e-01
       633        633 3.809524e-01
       634        736 2.380952e-01
       634        734 3.809524e-01
       634        634 3.809524e-01
       635        737 2.380952e-01
       635        735 3.809524e-01
       635        635 3.809524e-01
       636        738 2.380952e-01
       636        736 3.809524e-01
       636        636 3.809524e-01
       637        739 2.380952e-01
       637        737 3.809524e-01
       637        637 3.809524e-01
       638        740 2.380952e-01
       638        738 3.809524e-01
       638        638 3.809524e-01
       639        741 2.380952e-01
       639        739 3.809524e-01
       639        639 3.809524e-01
       640        742 2.380952e-01
       640        740 3.809524e-01
       640        640 3.809524e-01
       641        743 2.380952e-01
       641        741 3.809524e-01
       641        641 3.809524e-01
       642        744 2.380952e-01
       642        742 3.809524e-01
       642        642 3.809524e-01
       643        745 2.380952e-01
       643        743 3.809524e-01
       643        643 3.809524e-01
       644        746 2.380952e-01
       644        744 3.809524e-01
       644        644 3.809524e-01
       645        747 2.380952e-01
       645        745 3.809524e-01
       645        645 3.809524e-01
       646        748 2.380952e-01
       646        746 3.809524e-01
       646        646 3.809524e-01
       647        749 2.380952e-01
       647        747 3.809524e-01
       647        647 3.809524e-01
       648        750 2.380952e-01
       648        748 3.809524e-01
       648        648 3.809524e-01
       649        751 2.380952e-01
       649        749 3.809524e-01
       649        649 3.809524e-01
       650        752 2.380952e-01
       650        750 3.809524e-01
       650        650 3.809524e-01
       651        753 2.380952e-01
       651        751 3.809524e-01
       651        651 3.809524e-01
       652        754 2.380952e-01
       652        752 3.809524e-01
       652        652 3.809524e-01
       653        755 2.380952e-01
       653        753 3.809524e-01
       653        653 3.809524e-01
       654        756 2.380952e-01
       654        754 3.809524e-01
       654        654 3.809524e-01
       655        757 2.380952e-01
       655        755 3.809524e-01
       655        655 3.809524e-01
       656        758 2.380952e-01
       656        756 3.809524e-01
       656        656 3.809524e-01
       657        759 2.380952e-01
       657        757 3.809524e-01
       657        657 3.809524e-01
       658        760 2.380952e-01
       658        758 3.809524e-01
       658        658 3.809524e-01
       659        761 2.380952e-01
       659        759 3.809524e-01
       659        659 3.809524e-01
       660        762 2.380952e-01
       660        760 3.809524e-01
       660        660 3.809524e-01
       661        763 2.380952e-01
       661        761 3.809524e-01
       661        661 3.809524e-01
       662        764 2.380952e-01
       662        762 3.809524e-01
       662        662 3.809524e-01
       663        765 2.380952e-01
       663        763 3.809524e-01
       663        663 3.809524e-01
       664        766 2.380952e-01
       664        764 3.809524e-01
       664        664 3.809524e-01
       665        767 2.380952e-01
       665        765 3.809524e-01
       665        665 3.809524e-01
       666        768 2.380952e-01
       666        766 3.809524e-01
       666        666 3.809524e-01
       667        769 2.380952e-01
       667        767 3.809524e-01
       667        667 3.809524e-01
       668        770 2.380952e-01
       668        768 3.809524e-01
       668        668 3.809524e-01
       669        771 2.380952e-01
       669        769 3.809524e-01
       669        669 3.809524e-01
       670        772 2.380952e-01
       670        770 3.809524e-01
       670        670 3.809524e-01
       671        773 2.380952e-01
       671        771 3.809524e-01
       671        671 3.809524e-01
       672        774 2.380952e-01
       672        772 3.809524e-01
       672        672 3.809524e-01
       673        775 2.380952e-01
       673        773 3.809524e-01
       673        673 3.809524e-01
       674        776 2.380952e-01
       674        774 3.809524e-01
       674        674 3.809524e-01
       675        777 2.380952e-01
       675        775 3.809524e-01
       675        675 3.809524e-01
       676        778 2.380952e-01
       676        776 3.809524e-01
       676        676 3.809524e-01
       677        779 2.380952e-01
       677        777 3.809524e-01
       677        677 3.809524e-01
       678        780 2.380952e-01
       678        778 3.809524e-01
       678        678 3.809524e-01
       679        781 2.380952e-01
       679        779 3.809524e-01
       679        679 3.809524e-01
       680        782 2.380952e-01
       680        780 3.809524e-01
       680        680 3.809524e-01
       681        783 2.380952e-01
       681        781 3.809524e-01
       681        681 3.809524e-01
       682        784 2.380952e-01
       682        782 3.809524e-01
       682        682 3.809524e-01
       683        785 2.380952e-01
       683        783 3.809524e-01
       683        683 3.809524e-01
       684        786 2.380952e-01
       684        784 3.809524e-01
       684        684 3.809524e-01
       685        787 2.380952e-01
       685        785 3.809524e-01
       685        685 3.809524e-01
       686        788 2.380952e-01
       686        786 3.809524e-01
       686        686 3.809524e-01
       687        789 2.380952e-01
       687        787 3.809524e-01
       687        687 3.809524e-01
       688        790 2.380952e-01
       688        788 3.809524e-01
       688        688 3.809524e-01
       689        791 2.380952e-01
       689        789 3.809524e-01
       689        689 3.809524e-01
       690        792 2.380952e-01
       690        790 3.809524e-01
       690        690 3.809524e-01
       691        793 2.380952e-01
       691        791 3.809524e-01
       691        691 3.809524e-01
       692        794 2.380952e-01
       692        792 3.809524e-01
       692        692 3.809524e-01
       693        795 2.380952e-01
       693        793 3.809524e-01
       693        693 3.809524e-01
       694        796 2.380952e-01
       694        794 3.809524e-01
       694        694 3.809524e-01
       695        797 2.380952e-01
       695        795 3.809524e-01
       695        695 3.809524e-01
       696        798 2.380952e-01
       696        796 3.809524e-01
       696        696 3.809524e-01
       697        799 2.380952e-01
       697        797 3.809524e-01
       697        697 3.809524e-01
       698        800 2.380952e-01
       698        798 3.809524e-01
       698        698 3.809524e-01
       699        801 2.380952e-01
       699        799 3.809524e-01
       699        699 3.809524e-01
       700        802 2.380952e-01
       700        800 3.809524e-01
       700        700 3.809524e-01
       701        803 2.380952e-01
       701        801 3.809524e-01
       701        701 3.809524e-01
       702        804 2.380952e-01
       702        802 3.809524e-01
       702        702 3.809524e-01
       703        805 2.380952e-01
       703        803 3.809524e-01
       703        703 3.809524e-01
       704        806 2.380952e-01
       704        804 3.809524e-01
       704        704 3.809524e-01
       705        807 2.380952e-01
       705        805 3.809524e-01
       705        705 3.809524e-01
       706        806 3.809524e-01
       706        706 6.190476e-01
       707        809 2.380952e-01
       707        707 7.619048e-01
       708        810 2.380952e-01
       708        808 4.761905e-02
       708        708 7.142857e-01
       709        811 2.380952e-01
       709        809 9.523810e-02
       709        709 6.666667e-01
       710        812 2.380952e-01
       710        810 1.428571e-01
       710        710 6.190476e-01
       711        813 2.380952e-01
       711        811 1.904762e-01
       711        711 5.714286e-01
       712        814 2.380952e-01
       712        812 2.380952e-01
       712        712 5.238095e-01
       713        815 2.380952e-01
       713        813 2.857143e-01
       713        713 4.761905e-01
       714        816 2.380952e-01
       714        814 3.333333e-01
       714        714 4.285714e-01
       715        817 2.380952e-01
       715        815 3.809524e-01
       715        715 3.809524e-01
       716        818 2.380952e-01
       716        816 4.285714e-01
       716        716 3.333333e-01
       717        819 2.380952e-01
       717        817 4.285714e-01
       717        717 3.333333e-01
       718        820 2.380952e-01
       718        818 4.285714e-01
       718        718 3.333333e-01
       719        821 2.380952e-01
       719        819 4.285714e-01
       719        719 3.333333e-01
       720        822 2.380952e-01
       720        820 4.285714e-01
       720        720 3.333333e-01
       721        823 2.380952e-01
       721        821 4.285714e-01
       721        721 3.333333e-01
       722        824 2.380952e-01
       722        822 4.285714e-01
       722        722 3.333333e-01
       723        825 2.380952e-01
       723        823 4.285714e-01
       723        723 3.333333e-01
       724        826 2.380952e-01
       724        824 4.285714e-01
       724        724 3.333333e-01
       725        827 2.380952e-01
       725        825 4.285714e-01
       725        725 3.333333e-01
       726        828 2.380952e-01
       726        826 4.285714e-01
       726        726 3.333333e-01
       727        829 2.380952e-01
       727        827 4.285714e-01
       727        727 3.333333e-01
       728        830 2.380952e-01
       728        828 4.285714e-01
       728        728 3.333333e-01
       729        831 2.380952e-01
       729        829 4.285714e-01
       729        729 3.333333e-01
       730        832 2.380952e-01
       730        830 4.285714e-01
       730        730 3.333333e-01
       731        833 2.380952e-01
       731        831 4.285714e-01
       731        731 3.333333e-01
       732        834 2.380952e-01
       732        832 4.285714e-01
       732        732 3.333333e-01
       733        835 2.380952e-01
       733        833 4.285714e-01
       733        733 3.333333e-01
       734        836 2.380952e-01
       734        834 4.285714e-01
       734        734 3.333333e-01
       735        837 2.380952e-01
       735        835 4.285714e-01
       735        735 3.333333e-01
       736        838 2.380952e-01
       736        836 4.285714e-01
       736        736 3.333333e-01
       737        839 2.380952e-01
       737        837 4.285714e-01
       737        737 3.333333e-01
       738        840 2.380952e-01
       738        838 4.285714e-01
       738        738 3.333333e-01
       739        841 2.380952e-01
       739        839 4.285714e-01
       739        739 3.333333e-01
       740        842 2.380952e-01
       740        840 4.285714e-01
       740        740 3.333333e-01
       741        843 2.380952e-01
       741        841 4.285714e-01
       741        741 3.333333e-01
       742        844 2.380952e-01
       742        842 4.285714e-01
       742        742 3.333333e-01
       743        845 2.380952e-01
       743        843 4.285714e-01
       743        743 3.333333e-01
       744        846 2.380952e-01
       744        844 4.285714e-01
       744        744 3.333333e-01
       745        847 2.380952e-01
       745        845 4.285714e-01
       745        745 3.333333e-01
       746        848 2.380952e-01
       746        846 4.285714e-01
       746        746 3.333333e-01
       747        849 2.380952e-01
       747        847 4.285714e-01
       747        747 3.333333e-01
       748        850 2.380952e-01
       748        848 4.285714e-01
       748        748 3.333333e-01
       749        851 2.380952e-01
       749        849 4.285714e-01
       749        749 3.333333e-01
       750        852 2.380952e-01
       750        850 4.285714e-01
       750        750 3.333333e-01
       751        853 2.380952e-01
       751        851 4.285714e-01
       751        751 3.333333e-01
       752        854 2.380952e-01
       752        852 4.285714e-01
       752        752 3.333333e-01
       753        855 2.380952e-01
       753        853 4.285714e-01
       753        753 3.333333e-01
       754        856 2.380952e-01
       754        854 4.285714e-01
       754        754 3.333333e-01
       755        857 2.380952e-01
       755        855 4.285714e-01
       755        755 3.333333e-01
       756        858 2.380952e-01
       756        856 4.285714e-01
       756        756 3.333333e-01
       757        859 2.380952e-01
       757        857 4.285714e-01
       757        757 3.333333e-01
       758        860 2.380952e-01
       758        858 4.285714e-01
       758        758 3.333333e-01
       759        861 2.380952e-01
       759        859 4.285714e-01
       759        759 3.333333e-01
       760        862 2.380952e-01
       760        860 4.285714e-01
       760        760 3.333333e-01
       761        863 2.380952e-01
       761        861 4.285714e-01
       761        761 3.333333e-01
       762        864 2.380952e-01
       762        862 4.285714e-01
       762        762 3.333333e-01
       763        865 2.380952e-01
       763        863 4.285714e-01
       763        763 3.333333e-01
       764        866 2.380952e-01
       764        864 4.285714e-01
       764        764 3.333333e-01
       765        867 2.380952e-01
       765        865 4.285714e-01
       765        765 3.333333e-01
       766        868 2.380952e-01
       766        866 4.285714e-01
       766        766 3.333333e-01
       767        869 2.380952e-01
       767        867 4.285714e-01
       767        767 3.333333e-01
       768        870 2.380952e-01
       768        868 4.285714e-01
       768        768 3.333333e-01
       769        871 2.380952e-01
       769        869 4.285714e-01
       769        769 3.333333e-01
       770        872 2.380952e-01
       770        870 4.285714e-01
       770        770 3.333333e-01
       771        873 2.380952e-01
       771        871 4.285714e-01
       771        771 3.333333e-01
       772        874 2.380952e-01
       772        872 4.285714e-01
       772        772 3.333333e-01
       773        875 2.380952e-01
       773        873 4.285714e-01
       773        773 3.333333e-01
       774        876 2.380952e-01
       774        874 4.285714e-01
       774        774 3.333333e-01
       775        877 2.380952e-01
       775        875 4.285714e-01
       775        775 3.333333e-01
       776        878 2.380952e-01
       776        876 4.285714e-01
       776        776 3.333333e-01
       777        879 2.380952e-01
       777        877 4.285714e-01
       777        777 3.333333e-01
       778        880 2.380952e-01
       778        878 4.285714e-01
       778        778 3.333333e-01
       779        881 2.380952e-01
       779        879 4.285714e-01
       779        779 3.333333e-01
       780        882 2.380952e-01
       780        880 4.285714e-01
       780        780 3.333333e-01
       781        883 2.380952e-01
       781        881 4.285714e-01
       781        781 3.333333e-01
       782        884 2.380952e-01
       782        882 4.285714e-01
       782        782 3.333333e-01
       783        885 2.380952e-01
       783        883 4.285714e-01
       783        783 3.333333e-01
       784        886 2.380952e-01
       784        884 4.285714e-01
       784        784 3.333333e-01
       785        887 2.380952e-01
       785        885 4.285714e-01
       785        785 3.333333e-01
       786        888 2.380952e-01
       786        886 4.285714e-01
       786        786 3.333333e-01
       787        889 2.380952e-01
       787        887 4.285714e-01
       787        787 3.333333e-01
       788        890 2.380952e-01
       788        888 4.285714e-01
       788        788 3.333333e-01
       789        891 2.380952e-01
       789        889 4.285714e-01
       789        789 3.333333e-01
       790        892 2.380952e-01
       790        890 4.285714e-01
       790        790 3.333333e-01
       791        893 2.380952e-01
       791        891 4.285714e-01
       791        791 3.333333e-01
       792        894 2.380952e-01
       792        892 4.285714e-01
       792        792 3.333333e-01
       793        895 2.380952e-01
       793        893 4.285714e-01
       793        793 3.333333e-01
       794        896 2.380952e-01
       794        894 4.285714e-01
       794        794 3.333333e-01
       795        897 2.380952e-01
       795        895 4.285714e-01
       795        795 3.333333e-01
       796        898 2.380952e-01
       796        896 4.285714e-01
       796        796 3.333333e-01
       797        899 2.380952e-01
       797        897 4.285714e-01
       797        797 3.333333e-01
       798        900 2.380952e-01
       798        898 4.285714e-01
       798        798 3.333333e-01
       799        901 2.380952e-01
       799        899 4.285714e-01
       799        799 3.333333e-01
       800        902 2.380952e-01
       800        900 4.285714e-01
       800        800 3.333333e-01
       801        903 2.380952e-01
       801        901 4.285714e-01
       801        801 3.333333e-01
       802        904 2.380952e-01
       802        902 4.285714e-01
       802        802 3.333333e-01
       803        905 2.380952e-01
       803        903 4.285714e-01
       803        803 3.333333e-01
       804        906 2.380952e-01
       804        904 4.285714e-01
       804        804 3.333333e-01
       805        907 2.380952e-01
       805        905 4.285714e-01
       805        805 3.333333e-01
       806        908 2.380952e-01
       806        906 4.285714e-01
       806        806 3.333333e-01
       807        907 4.285714e-01
       807        807 5.714286e-01
       808        910 2.380952e-01
       808        808 7.619048e-01
       809        911 2.380952e-01
       809        909 4.761905e-02
       809        809 7.142857e-01
       810        912 2.380952e-01
       810        910 9.523810e-02
       810        810 6.666667e-01
       811        913 2.380952e-01
       811        911 1.428571e-01
       811        811 6.190476e-01
       812        914 2.380952e-01
       812        912 1.904762e-01
       812        812 5.714286e-01
       813        915 2.380952e-01
       813        913 2.380952e-01
       813        813 5.238095e-01
       814        916 2.380952e-01
       814        914 2.857143e-01
       814        814 4.761905e-01
       815        917 2.380952e-01
       815        915 3.333333e-01
       815        815 4.285714e-01
       816        918 2.380952e-01
       816        916 3.809524e-01
       816        816 3.809524e-01
       817        919 2.380952e-01
       817        917 4.285714e-01
       817        817 3.333333e-01
       818        920 2.380952e-01
       818        918 4.761905e-01
       818        818 2.857143e-01
       819        921 2.380952e-01
       819        919 4.761905e-01
       819        819 2.857143e-01
       820        922 2.380952e-01
       820        920 4.761905e-01
       820        820 2.857143e-01
       821        923 2.380952e-01
       821        921 4.761905e-01
       821        821 2.857143e-01
       822        924 2.380952e-01
       822        922 4.761905e-01
       822        822 2.857143e-01
       823        925 2.380952e-01
       823        923 4.761905e-01
       823        823 2.857143e-01
       824        926 2.380952e-01
       824        924 4.761905e-01
       824        824 2.857143e-01
       825        927 2.380952e-01
       825        925 4.761905e-01
       825        825 2.857143e-01
       826        928 2.380952e-01
       826        926 4.761905e-01
       826        826 2.857143e-01
       827        929 2.380952e-01
       827        927 4.761905e-01
       827        827 2.857143e-01
       828        930 2.380952e-01
       828        928 4.761905e-01
       828        828 2.857143e-01
       829        931 2.380952e-01
       829        929 4.761905e-01
       829        829 2.857143e-01
       830        932 2.380952e-01
       830        930 4.761905e-01
       830        830 2.857143e-01
       831        933 2.380952e-01
       831        931 4.761905e-01
       831        831 2.857143e-01
       832        934 2.380952e-01
       832        932 4.761905e-01
       832        832 2.857143e-01
       833        935 2.380952e-01
       833        933 4.761905e-01
       833        833 2.857143e-01
       834        936 2.380952e-01
       834        934 4.761905e-01
       834        834 2.857143e-01
       835        937 2.380952e-01
       835        935 4.761905e-01
       835        835 2.857143e-01
       836        938 2.380952e-01
       836        936 4.761905e-01
       836        836 2.857143e-01
       837        939 2.380952e-01
       837        937 4.761905e-01
       837        837 2.857143e-01
       838        940 2.380952e-01
       838        938 4.761905e-01
       838        838 2.857143e-01
       839        941 2.380952e-01
       839        939 4.761905e-01
       839        839 2.857143e-01
       840        942 2.380952e-01
       840        940 4.761905e-01
       840        840 2.857143e-01
       841        943 2.380952e-01
       841        941 4.761905e-01
       841        841 2.857143e-01
       842        944 2.380952e-01
       842        942 4.761905e-01
       842        842 2.857143e-01
       843        945 2.380952e-01
       843        943 4.761905e-01
       843        843 2.857143e-01
       844        946 2.380952e-01
       844        944 4.761905e-01
       844        844 2.857143e-01
       845        947 2.380952e-01
       845        945 4.761905e-01
       845        845 2.857143e-01
       846        948 2.380952e-01
       846        946 4.761905e-01
       846        846 2.857143e-01
       847        949 2.380952e-01
       847        947 4.761905e-01
       847        847 2.857143e-01
       848        950 2.380952e-01
       848        948 4.761905e-01
       848        848 2.857143e-01
       849        951 2.380952e-01
       849        949 4.761905e-01
       849        849 2.857143e-01
       850        952 2.380952e-01
       850        950 4.761905e-01
       850        850 2.857143e-01
       851        953 2.380952e-01
       851        951 4.761905e-01
       851        851 2.857143e-01
       852        954 2.380952e-01
       852        952 4.761905e-01
       852        852 2.857143e-01
       853        955 2.380952e-01
       853        953 4.761905e-01
       853        853 2.857143e-01
       854        956 2.380952e-01
       854        954 4.761905e-01
       854        854 2.857143e-01
       855        957 2.380952e-01
       855        955 4.761905e-01
       855        855 2.857143e-01
       856        958 2.380952e-01
       856        956 4.761905e-01
       856        856 2.857143e-01
       857        959 2.380952e-01
       857        957 4.761905e-01
       857        857 2.857143e-01
       858        960 2.380952e-01
       858        958 4.761905e-01
       858        858 2.857143e-01
       859        961 2.380952e-01
       859        959 4.761905e-01
       859        859 2.857143e-01
       860        962 2.380952e-01
       860        960 4.761905e-01
       860        860 2.857143e-01
       861        963 2.380952e-01
       861        961 4.761905e-01
       861        861 2.857143e-01
       862        964 2.380952e-01
       862        962 4.761905e-01
       862        862 2.857143e-01
       863        965 2.380952e-01
       863        963 4.761905e-01
       863        863 2.857143e-01
       864        966 2.380952e-01
       864        964 4.761905e-01
       864        864 2.857143e-01
       865        967 2.380952e-01
       865        965 4.761905e-01
       865        865 2.857143e-01
       866        968 2.380952e-01
       866        966 4.761905e-01
       866        866 2.857143e-01
       867        969 2.380952e-01
       867        967 4.761905e-01
       867        867 2.857143e-01
       868        970 2.380952e-01
       868        968 4.761905e-01
       868        868 2.857143e-01
       869        971 2.380952e-01
       869        969 4.761905e-01
       869        869 2.857143e-01
       870        972 2.380952e-01
       870        970 4.761905e-01
       870        870 2.857143e-01
       871        973 2.380952e-01
       871        971 4.761905e-01
       871        871 2.857143e-01
       872        974 2.380952e-01
       872        972 4.761905e-01
       872        872 2.857143e-01
       873        975 2.380952e-01
       873        973 4.761905e-01
       873        873 2.857143e-01
       874        976 2.380952e-01
       874        974 4.761905e-01
       874        874 2.857143e-01
       875        977 2.380952e-01
       875        975 4.761905e-01
       875        875 2.857143e-01
       876        978 2.380952e-01
       876        976 4.761905e-01
       876        876 2.857143e-01
       877        979 2.380952e-01
       877        977 4.761905e-01
       877        877 2.857143e-01
       878        980 2.380952e-01
       878        978 4.761905e-01
       878        878 2.857143e-01
       879        981 2.380952e-01
       879        979 4.761905e-01
       879        879 2.857143e-01
       880        982 2.380952e-01
       880        980 4.761905e-01
       880        880 2.857143e-01
       881        983 2.380952e-01
       881        981 4.761905e-01
       881        881 2.857143e-01
       882        984 2.380952e-01
       882        982 4.761905e-01
       882        882 2.857143e-01
       883        985 2.380952e-01
       883        983 4.761905e-01
       883        883 2.857143e-01
       884        986 2.380952e-01
       884        984 4.761905e-01
       884        884 2.857143e-01
       885        987 2.380952e-01
       885        985 4.761905e-01
       885        885 2.857143e-01
       886        988 2.380952e-01
       886        986 4.761905e-01
       886        886 2.857143e-01
       887        989 2.380952e-01
       887        987 4.761905e-01
       887        887 2.857143e-01
       888        990 2.380952e-01
       888        988 4.761905e-01
       888        888 2.857143e-01
       889        991 2.380952e-01
       889        989 4.761905e-01
       889        889 2.857143e-01
       890        992 2.380952e-01
       890        990 4.761905e-01
       890        890 2.857143e-01
       891        993 2.380952e-01
       891        991 4.761905e-01
       891        891 2.857143e-01
       892        994 2.380952e-01
       892        992 4.761905e-01
       892        892 2.857143e-01
       893        995 2.380952e-01
       893        993 4.761905e-01
       893        893 2.857143e-01
       894        996 2.380952e-01
       894        994 4.761905e-01
       894        894 2.857143e-01
       895        997 2.380952e-01
       895        995 4.761905e-01
       895        895 2.857143e-01
       896        998 2.380952e-01
       896        996 4.761905e-01
       896        896 2.857143e-01
       897        999 2.380952e-01
       897        997 4.761905e-01
       897        897 2.857143e-01
       898       1000 2.380952e-01
       898        998 4.761905e-01
       898        898 2.857143e-01
       899       1001 2.380952e-01
       899        999 4.761905e-01
       899        899 2.857143e-01
       900       1002 2.380952e-01
       900       1000 4.761905e-01
       900        900 2.857143e-01
       901       1003 2.380952e-01
       901       1001 4.761905e-01
       901        901 2.857143e-01
       902       1004 2.380952e-01
       902       1002 4.761905e-01
       902        902 2.857143e-01
       903       1005 2.380952e-01
       903       1003 4.761905e-01
       903        903 2.857143e-01
       904       1006 2.380952e-01
       904       1004 4.761905e-01
       904        904 2.857143e-01
       905       1007 2.380952e-01
       905       1005 4.761905e-01
       905        905 2.857143e-01
       906       1008 2.380952e-01
       906       1006 4.761905e-01
       906        906 2.857143e-01
       907       1009 2.380952e-01
       907       1007 4.761905e-01
       907        907 2.857143e-01
       908       1008 4.761905e-01
       908        908 5.238095e-01
       909       1011 2.380952e-01
       909        909 7.619048e-01
       910       1012 2.380952e-01
       910       1010 4.761905e-02
       910        910 7.142857e-01
       911       1013 2.380952e-01
       911       1011 9.523810e-02
       911        911 6.666667e-01
       912       1014 2.380952e-01
       912       1012 1.428571e-01
       912        912 6.190476e-01
       913       1015 2.380952e-01
       913       1013 1.904762e-01
       913        913 5.714286e-01
       914       1016 2.380952e-01
       914       1014 2.380952e-01
       914        914 5.238095e-01
       915       1017 2.380952e-01
       915       1015 2.857143e-01
       915        915 4.761905e-01
       916       1018 2.380952e-01
       916       1016 3.333333e-01
       916        916 4.285714e-01
       917       1019 2.380952e-01
       917       1017 3.809524e-01
       917        917 3.809524e-01
       918       1020 2.380952e-01
       918       1018 4.285714e-01
       918        918 3.333333e-01
       919       1021 2.380952e-01
       919       1019 4.761905e-01
       919        919 2.857143e-01
       920       1022 2.380952e-01
       920       1020 5.238095e-01
       920        920 2.380952e-01
       921       1023 2.380952e-01
       921       1021 5.238095e-01
       921        921 2.380952e-01
       922       1024 2.380952e-01
       922       1022 5.238095e-01
       922        922 2.380952e-01
       923       1025 2.380952e-01
       923       1023 5.238095e-01
       923        923 2.380952e-01
       924       1026 2.380952e-01
       924       1024 5.238095e-01
       924        924 2.380952e-01
       925       1027 2.380952e-01
       925       1025 5.238095e-01
       925        925 2.380952e-01
       926       1028 2.380952e-01
       926       1026 5.238095e-01
       926        926 2.380952e-01
       927       1029 2.380952e-01
       927       1027 5.238095e-01
       927        927 2.380952e-01
       928       1030 2.380952e-01
       928       1028 5.238095e-01
       928        928 2.380952e-01
       929       1031 2.380952e-01
       929       1029 5.238095e-01
       929        929 2.380952e-01
       930       1032 2.380952e-01
       930       1030 5.238095e-01
       930        930 2.380952e-01
       931       1033 2.380952e-01
       931       1031 5.238095e-01
       931        931 2.380952e-01
       932       1034 2.380952e-01
       932       1032 5.238095e-01
       932        932 2.380952e-01
       933       1035 2.380952e-01
       933       1033 5.238095e-01
       933        933 2.380952e-01
       934       1036 2.380952e-01
       934       1034 5.238095e-01
       934        934 2.380952e-01
       935       1037 2.380952e-01
       935       1035 5.238095e-01
       935        935 2.380952e-01
       936       1038 2.380952e-01
       936       1036 5.238095e-01
       936        936 2.380952e-01
       937       1039 2.380952e-01
       937       1037 5.238095e-01
       937        937 2.380952e-01
       938       1040 2.380952e-01
       938       1038 5.238095e-01
       938        938 2.380952e-01
       939       1041 2.380952e-01
       939       1039 5.238095e-01
       939        939 2.380952e-01
       940       1042 2.380952e-01
       940       1040 5.238095e-01
       940        940 2.380952e-01
       941       1043 2.380952e-01
       941       1041 5.238095e-01
       941        941 2.380952e-01
       942       1044 2.380952e-01
       942       1042 5.238095e-01
       942        942 2.380952e-01
       943       1045 2.380952e-01
       943       1043 5.238095e-01
       943        943 2.380952e-01
       944       1046 2.380952e-01
       944       1044 5.238095e-01
       944        944 2.380952e-01
       945       1047 2.380952e-01
       945       1045 5.238095e-01
       945        945 2.380952e-01
       946       1048 2.380952e-01
       946       1046 5.238095e-01
       946        946 2.380952e-01
       947       1049 2.380952e-01
       947       1047 5.238095e-01
       947        947 2.380952e-01
       948       1050 2.380952e-01
       948       1048 5.238095e-01
       948        948 2.380952e-01
       949       1051 2.380952e-01
       949       1049 5.238095e-01
       949        949 2.380952e-01
       950       1052 2.380952e-01
       950       1050 5.238095e-01
       950        950 2.380952e-01
       951       1053 2.380952e-01
       951       1051 5.238095e-01
       951        951 2.380952e-01
       952       1054 2.380952e-01
       952       1052 5.238095e-01
       952        952 2.380952e-01
       953       1055 2.380952e-01
       953       1053 5.238095e-01
       953        953 2.380952e-01
       954       1056 2.380952e-01
       954       1054 5.238095e-01
       954        954 2.380952e-01
       955       1057 2.380952e-01
       955       1055 5.238095e-01
       955        955 2.380952e-01
       956       1058 2.380952e-01
       956       1056 5.238095e-01
       956        956 2.380952e-01
       957       1059 2.380952e-01
       957       1057 5.238095e-01
       957        957 2.380952e-01
       958       1060 2.380952e-01
       958       1058 5.238095e-01
       958        958 2.380952e-01
       959       1061 2.380952e-01
       959       1059 5.238095e-01
       959        959 2.380952e-01
       960       1062 2.380952e-01
       960       1060 5.238095e-01
       960        960 2.380952e-01
       961       1063 2.380952e-01
       961       1061 5.238095e-01
       961        961 2.380952e-01
       962       1064 2.380952e-01
       962       1062 5.238095e-01
       962        962 2.380952e-01
       963       1065 2.380952e-01
       963       1063 5.238095e-01
       963        963 2.380952e-01
       964       1066 2.380952e-01
       964       1064 5.238095e-01
       964        964 2.380952e-01
       965       1067 2.380952e-01
       965       1065 5.238095e-01
       965        965 2.380952e-01
       966       1068 2.380952e-01
       966       1066 5.238095e-01
       966        966 2.380952e-01
       967       1069 2.380952e-01
       967       1067 5.238095e-01
       967        967 2.380952e-01
       968       1070 2.380952e-01
       968       1068 5.238095e-01
       968        968 2.380952e-01
       969       1071 2.380952e-01
       969       1069 5.238095e-01
       969        969 2.380952e-01
       970       1072 2.380952e-01
       970       1070 5.238095e-01
       970        970 2.380952e-01
       971       1073 2.380952e-01
       971       1071 5.238095e-01
       971        971 2.380952e-01
       972       1074 2.380952e-01
       972       1072 5.238095e-01
       972        972 2.380952e-01
       973       1075 2.380952e-01
       973       1073 5.238095e-01
       973        973 2.380952e-01
       974       1076 2.380952e-01
       974       1074 5.238095e-01
       974        974 2.380952e-01
       975       1077 2.380952e-01
       975       1075 5.238095e-01
       975        975 2.380952e-01
       976       1078 2.380952e-01
       976       1076 5.238095e-01
       976        976 2.380952e-01
       977       1079 2.380952e-01
       977       1077 5.238095e-01
       977        977 2.380952e-01
       978       1080 2.380952e-01
       978       1078 5.238095e-01
       978        978 2.380952e-01
       979       1081 2.380952e-01
       979       1079 5.238095e-01
       979        979 2.380952e-01
       980       1082 2.380952e-01
       980       1080 5.238095e-01
       980        980 2.380952e-01
       981       1083 2.380952e-01
       981       1081 5.238095e-01
       981        981 2.380952e-01
       982       1084 2.380952e-01
       982       1082 5.238095e-01
       982        982 2.380952e-01
       983       1085 2.380952e-01
       983       1083 5.238095e-01
       983        983 2.380952e-01
       984       1086 2.380952e-01
       984       1084 5.238095e-01
       984        984 2.380952e-01
       985       1087 2.380952e-01
       985       1085 5.238095e-01
       985        985 2.380952e-01
       986       1088 2.380952e-01
       986       1086 5.238095e-01
       986        986 2.380952e-01
       987       1089 2.380952e-01
       987       1087 5.238095e-01
       987        987 2.380952e-01
       988       1090 2.380952e-01
       988       1088 5.238095e-01
       988        988 2.380952e-01
       989       1091 2.380952e-01
       989       1089 5.238095e-01
       989        989 2.380952e-01
       990       1092 2.380952e-01
       990       1090 5.238095e-01
       990        990 2.380952e-01
       991       1093 2.380952e-01
       991       1091 5.238095e-01
       991        991 2.380952e-01
       992       1094 2.380952e-01
       992       1092 5.238095e-01
       992        992 2.380952e-01
       993       1095 2.380952e-01
       993       1093 5.238095e-01
       993        993 2.380952e-01
       994       1096 2.380952e-01
       994       1094 5.238095e-01
       994        994 2.380952e-01
       995       1097 2.380952e-01
       995       1095 5.238095e-01
       995        995 2.380952e-01
       996       1098 2.380952e-01
       996       1096 5.238095e-01
       996        996 2.380952e-01
       997       1099 2.380952e-01
       997       1097 5.238095e-01
       997        997 2.380952e-01
       998       1100 2.380952e-01
       998       1098 5.238095e-01
       998        998 2.380952e-01
       999       1101 2.380952e-01
       999       1099 5.238095e-01
       999        999 2.380952e-01
      1000       1102 2.380952e-01
      1000       1100 5.238095e-01
      1000       1000 2.380952e-01
      1001       1103 2.380952e-01
      1001       1101 5.238095e-01
      1001       1001 2.380952e-01
      1002       1104 2.380952e-01
      1002       1102 5.238095e-01
      1002       1002 2.380952e-01
      1003       1105 2.380952e-01
      1003       1103 5.238095e-01
      1003       1003 2.380952e-01
      1004       1106 2.380952e-01
      1004       1104 5.238095e-01
      1004       1004 2.380952e-01
      1005       1107 2.380952e-01
      1005       1105 5.238095e-01
      1005       1005 2.380952e-01
      1006       1108 2.380952e-01
      1006       1106 5.238095e-01
      1006       1006 2.380952e-01
      1007       1109 2.380952e-01
      1007       1107 5.238095e-01
      1007       1007 2.380952e-01
      1008       1110 2.380952e-01
      1008       1108 5.238095e-01
      1008       1008 2.380952e-01
      1009       1109 5.238095e-01
      1009       1009 4.761905e-01
      1010       1112 2.380952e-01
      1010       1010 7.619048e-01
      1011       1113 2.380952e-01
      1011       1111 4.761905e-02
      1011       1011 7.142857e-01
      1012       1114 2.380952e-01
      1012       1112 9.523810e-02
      1012       1012 6.666667e-01
      1013       1115 2.380952e-01
      1013       1113 1.428571e-01
      1013       1013 6.190476e-01
      1014       1116 2.380952e-01
      1014       1114 1.904762e-01
      1014       1014 5.714286e-01
      1015       1117 2.380952e-01
      1015       1115 2.380952e-01
      1015       1015 5.238095e-01
      1016       1118 2.380952e-01
      1016       1116 2.857143e-01
      1016       1016 4.761905e-01
      1017       1119 2.380952e-01
      1017       1117 3.333333e-01
      1017       1017 4.285714e-01
      1018       1120 2.380952e-01
      1018       1118 3.809524e-01
      1018       1018 3.809524e-01
      1019       1121 2.380952e-01
      1019       1119 4.285714e-01
      1019       1019 3.333333e-01
      1020       1122 2.380952e-01
      1020       1120 4.761905e-01
      1020       1020 2.857143e-01
      1021       1123 2.380952e-01
      1021       1121 5.238095e-01
      1021       1021 2.380952e-01
      1022       1124 2.380952e-01
      1022       1122 5.714286e-01
      1022       1022 1.904762e-01
      1023       1125 2.380952e-01
      1023       1123 5.714286e-01
      1023       1023 1.904762e-01
      1024       1126 2.380952e-01
      1024       1124 5.714286e-01
      1024       1024 1.904762e-01
      1025       1127 2.380952e-01
      1025       1125 5.714286e-01
      1025       1025 1.904762e-01
      1026       1128 2.380952e-01
      1026       1126 5.714286e-01
      1026       1026 1.904762e-01
      1027       1129 2.380952e-01
      1027       1127 5.714286e-01
      1027       1027 1.904762e-01
      1028       1130 2.380952e-01
      1028       1128 5.714286e-01
      1028       1028 1.904762e-01
      1029       1131 2.380952e-01
      1029       1129 5.714286e-01
      1029       1029 1.904762e-01
      1030       1132 2.380952e-01
      1030       1130 5.714286e-01
      1030       1030 1.904762e-01
      1031       1133 2.380952e-01
      1031       1131 5.714286e-01
      1031       1031 1.904762e-01
      1032       1134 2.380952e-01
      1032       1132 5.714286e-01
      1032       1032 1.904762e-01
      1033       1135 2.380952e-01
      1033       1133 5.714286e-01
      1033       1033 1.904762e-01
      1034       1136 2.380952e-01
      1034       1134 5.714286e-01
      1034       1034 1.904762e-01
      1035       1137 2.380952e-01
      1035       1135 5.714286e-01
      1035       1035 1.904762e-01
      1036       1138 2.380952e-01
      1036       1136 5.714286e-01
      1036       1036 1.904762e-01
      1037       1139 2.380952e-01
      1037       1137 5.714286e-01
      1037       1037 1.904762e-01
      1038       1140 2.380952e-01
      1038       1138 5.714286e-01
      1038       1038 1.904762e-01
      1039       1141 2.380952e-01
      1039       1139 5.714286e-01
      1039       1039 1.904762e-01
      1040       1142 2.380952e-01
      1040       1140 5.714286e-01
      1040       1040 1.904762e-01
      1041       1143 2.380952e-01
      1041       1141 5.714286e-01
      1041       1041 1.904762e-01
      1042       1144 2.380952e-01
      1042       1142 5.714286e-01
      1042       1042 1.904762e-01
      1043       1145 2.380952e-01
      1043       1143 5.714286e-01
      1043       1043 1.904762e-01
      1044       1146 2.380952e-01
      1044       1144 5.714286e-01
      1044       1044 1.904762e-01
      1045       1147 2.380952e-01
      1045       1145 5.714286e-01
      1045       1045 1.904762e-01
      1046       1148 2.380952e-01
      1046       1146 5.714286e-01
      1046       1046 1.904762e-01
      1047       1149 2.380952e-01
      1047       1147 5.714286e-01
      1047       1047 1.904762e-01
      1048       1150 2.380952e-01
      1048       1148 5.714286e-01
      1048       1048 1.904762e-01
      1049       1151 2.380952e-01
      1049       1149 5.714286e-01
      1049       1049 1.904762e-01
      1050       1152 2.380952e-01
      1050       1150 5.714286e-01
      1050       1050 1.904762e-01
      1051       1153 2.380952e-01
      1051       1151 5.714286e-01
      1051       1051 1.904762e-01
      1052       1154 2.380952e-01
      1052       1152 5.714286e-01
      1052       1052 1.904762e-01
      1053       1155 2.380952e-01
      1053       1153 5.714286e-01
      1053       1053 1.904762e-01
      1054       1156 2.380952e-01
      1054       1154 5.714286e-01
      1054       1054 1.904762e-01
      1055       1157 2.380952e-01
      1055       1155 5.714286e-01
      1055       1055 1.904762e-01
      1056       1158 2.380952e-01
      1056       1156 5.714286e-01
      1056       1056 1.904762e-01
      1057       1159 2.380952e-01
      1057       1157 5.714286e-01
      1057       1057 1.904762e-01
      1058       1160 2.380952e-01
      1058       1158 5.714286e-01
      1058       1058 1.904762e-01
      1059       1161 2.380952e-01
      1059       1159 5.714286e-01
      1059       1059 1.904762e-01
      1060       1162 2.380952e-01
      1060       1160 5.714286e-01
      1060       1060 1.904762e-01
      1061       1163 2.380952e-01
      1061       1161 5.714286e-01
      1061       1061 1.904762e-01
      1062       1164 2.380952e-01
      1062       1162 5.714286e-01
      1062       1062 1.904762e-01
      1063       1165 2.380952e-01
      1063       1163 5.714286e-01
      1063       1063 1.904762e-01
      1064       1166 2.380952e-01
      1064       1164 5.714286e-01
      1064       1064 1.904762e-01
      1065       1167 2.380952e-01
      1065       1165 5.714286e-01
      1065       1065 1.904762e-01
      1066       1168 2.380952e-01
      1066       1166 5.714286e-01
      1066       1066 1.904762e-01
      1067       1169 2.380952e-01
      1067       1167 5.714286e-01
      1067       1067 1.904762e-01
      1068       1170 2.380952e-01
      1068       1168 5.714286e-01
      1068       1068 1.904762e-01
      1069       1171 2.380952e-01
      1069       1169 5.714286e-01
      1069       1069 1.904762e-01
      1070       1172 2.380952e-01
      1070       1170 5.714286e-01
      1070       1070 1.904762e-01
      1071       1173 2.380952e-01
      1071       1171 5.714286e-01
      1071       1071 1.904762e-01
      1072       1174 2.380952e-01
      1072       1172 5.714286e-01
      1072       1072 1.904762e-01
      1073       1175 2.380952e-01
      1073       1173 5.714286e-01
      1073       1073 1.904762e-01
      1074       1176 2.380952e-01
      1074       1174 5.714286e-01
      1074       1074 1.904762e-01
      1075       1177 2.380952e-01
      1075       1175 5.714286e-01
      1075       1075 1.904762e-01
      1076       1178 2.380952e-01
      1076       1176 5.714286e-01
      1076       1076 1.904762e-01
      1077       1179 2.380952e-01
      1077       1177 5.714286e-01
      1077       1077 1.904762e-01
      1078       1180 2.380952e-01
      1078       1178 5.714286e-01
      1078       1078 1.904762e-01
      1079       1181 2.380952e-01
      1079       1179 5.714286e-01
      1079       1079 1.904762e-01
      1080       1182 2.380952e-01
      1080       1180 5.714286e-01
      1080       1080 1.904762e-01
      1081       1183 2.380952e-01
      1081       1181 5.714286e-01
      1081       1081 1.904762e-01
      1082       1184 2.380952e-01
      1082       1182 5.714286e-01
      1082       1082 1.904762e-01
      1083       1185 2.380952e-01
      1083       1183 5.714286e-01
      1083       1083 1.904762e-01
      1084       1186 2.380952e-01
      1084       1184 5.714286e-01
      1084       1084 1.904762e-01
      1085       1187 2.380952e-01
      1085       1185 5.714286e-01
      1085       1085 1.904762e-01
      1086       1188 2.380952e-01
      1086       1186 5.714286e-01
      1086       1086 1.904762e-01
      1087       1189 2.380952e-01
      1087       1187 5.714286e-01
      1087       1087 1.904762e-01
      1088       1190 2.380952e-01
      1088       1188 5.714286e-01
      1088       1088 1.904762e-01
      1089       1191 2.380952e-01
      1089       1189 5.714286e-01
      1089       1089 1.904762e-01
      1090       1192 2.380952e-01
      1090       1190 5.714286e-01
      1090       1090 1.904762e-01
      1091       1193 2.380952e-01
      1091       1191 5.714286e-01
      1091       1091 1.904762e-01
      1092       1194 2.380952e-01
      1092       1192 5.714286e-01
      1092       1092 1.904762e-01
      1093       1195 2.380952e-01
      1093       1193 5.714286e-01
      1093       1093 1.904762e-01
      1094       1196 2.380952e-01
      1094       1194 5.714286e-01
      1094       1094 1.904762e-01
      1095       1197 2.380952e-01
      1095       1195 5.714286e-01
      1095       1095 1.904762e-01
      1096       1198 2.380952e-01
      1096       1196 5.714286e-01
      1096       1096 1.904762e-01
      1097       1199 2.380952e-01
      1097       1197 5.714286e-01
      1097       1097 1.904762e-01
      1098       1200 2.380952e-01
      1098       1198 5.714286e-01
      1098       1098 1.904762e-01
      1099       1201 2.380952e-01
      1099       1199 5.714286e-01
      1099       1099 1.904762e-01
      1100       1202 2.380952e-01
      1100       1200 5.714286e-01
      1100       1100 1.904762e-01
      1101       1203 2.380952e-01
      1101       1201 5.714286e-01
      1101       1101 1.904762e-01
      1102       1204 2.380952e-01
      1102       1202 5.714286e-01
      1102       1102 1.904762e-01
      1103       1205 2.380952e-01
      1103       1203 5.714286e-01
      1103       1103 1.904762e-01
      1104       1206 2.380952e-01
      1104       1204 5.714286e-01
      1104       1104 1.904762e-01
      1105       1207 2.380952e-01
      1105       1205 5.714286e-01
      1105       1105 1.904762e-01
      1106       1208 2.380952e-01
      1106       1206 5.714286e-01
      1106       1106 1.904762e-01
      1107       1209 2.380952e-01
      1107       1207 5.714286e-01
      1107       1107 1.904762e-01
      1108       1210 2.380952e-01
      1108       1208 5.714286e-01
      1108       1108 1.904762e-01
      1109       1211 2.380952e-01
      1109       1209 5.714286e-01
      1109       1109 1.904762e-01
      1110       1210 5.714286e-01
      1110       1110 4.285714e-01
      1111       1213 2.380952e-01
      1111       1111 7.619048e-01
      1112       1214 2.380952e-01
      1112       1212 4.761905e-02
      1112       1112 7.142857e-01
      1113       1215 2.380952e-01
      1113       1213 9.523810e-02
      1113       1113 6.666667e-01
      1114       1216 2.380952e-01
      1114       1214 1.428571e-01
      1114       1114 6.190476e-01
      1115       1217 2.380952e-01
      1115       1215 1.904762e-01
      1115       1115 5.714286e-01
      1116       1218 2.380952e-01
      1116       1216 2.380952e-01
      1116       1116 5.238095e-01
      1117       1219 2.380952e-01
      1117       1217 2.857143e-01
      1117       1117 4.761905e-01
      1118       1220 2.380952e-01
      1118       1218 3.333333e-01
      1118       1118 4.285714e-01
      1119       1221 2.380952e-01
      1119       1219 3.809524e-01
      1119       1119 3.809524e-01
      1120       1222 2.380952e-01
      1120       1220 4.285714e-01
      1120       1120 3.333333e-01
      1121       1223 2.380952e-01
      1121       1221 4.761905e-01
      1121       1121 2.857143e-01
      1122       1224 2.380952e-01
      1122       1222 5.238095e-01
      1122       1122 2.380952e-01
      1123       1225 2.380952e-01
      1123       1223 5.714286e-01
      1123       1123 1.904762e-01
      1124       1226 2.380952e-01
      1124       1224 6.190476e-01
      1124       1124 1.428571e-01
      1125       1227 2.380952e-01
      1125       1225 6.190476e-01
      1125       1125 1.428571e-01
      1126       1228 2.380952e-01
      1126       1226 6.190476e-01
      1126       1126 1.428571e-01
      1127       1229 2.380952e-01
      1127       1227 6.190476e-01
      1127       1127 1.428571e-01
      1128       1230 2.380952e-01
      1128       1228 6.190476e-01
      1128       1128 1.428571e-01
      1129       1231 2.380952e-01
      1129       1229 6.190476e-01
      1129       1129 1.428571e-01
      1130       1232 2.380952e-01
      1130       1230 6.190476e-01
      1130       1130 1.428571e-01
      1131       1233 2.380952e-01
      1131       1231 6.190476e-01
      1131       1131 1.428571e-01
      1132       1234 2.380952e-01
      1132       1232 6.190476e-01
      1132       1132 1.428571e-01
      1133       1235 2.380952e-01
      1133       1233 6.190476e-01
      1133       1133 1.428571e-01
      1134       1236 2.380952e-01
      1134       1234 6.190476e-01
      1134       1134 1.428571e-01
      1135       1237 2.380952e-01
      1135       1235 6.190476e-01
      1135       1135 1.428571e-01
      1136       1238 2.380952e-01
      1136       1236 6.190476e-01
      1136       1136 1.428571e-01
      1137       1239 2.380952e-01
      1137       1237 6.190476e-01
      1137       1137 1.428571e-01
      1138       1240 2.380952e-01
      1138       1238 6.190476e-01
      1138       1138 1.428571e-01
      1139       1241 2.380952e-01
      1139       1239 6.190476e-01
      1139       1139 1.428571e-01
      1140       1242 2.380952e-01
      1140       1240 6.190476e-01
      1140       1140 1.428571e-01
      1141       1243 2.380952e-01
      1141       1241 6.190476e-01
      1141       1141 1.428571e-01
      1142       1244 2.380952e-01
      1142       1242 6.190476e-01
      1142       1142 1.428571e-01
      1143       1245 2.380952e-01
      1143       1243 6.190476e-01
      1143       1143 1.428571e-01
      1144       1246 2.380952e-01
      1144       1244 6.190476e-01
      1144       1144 1.428571e-01
      1145       1247 2.380952e-01
      1145       1245 6.190476e-01
      1145       1145 1.428571e-01
      1146       1248 2.380952e-01
      1146       1246 6.190476e-01
      1146       1146 1.428571e-01
      1147       1249 2.380952e-01
      1147       1247 6.190476e-01
      1147       1147 1.428571e-01
      1148       1250 2.380952e-01
      1148       1248 6.190476e-01
      1148       1148 1.428571e-01
      1149       1251 2.380952e-01
      1149       1249 6.190476e-01
      1149       1149 1.428571e-01
      1150       1252 2.380952e-01
      1150       1250 6.190476e-01
      1150       1150 1.428571e-01
      1151       1253 2.380952e-01
      1151       1251 6.190476e-01
      1151       1151 1.428571e-01
      1152       1254 2.380952e-01
      1152       1252 6.190476e-01
      1152       1152 1.428571e-01
      1153       1255 2.380952e-01
      1153       1253 6.190476e-01
      1153       1153 1.428571e-01
      1154       1256 2.380952e-01
      1154       1254 6.190476e-01
      1154       1154 1.428571e-01
      1155       1257 2.380952e-01
      1155       1255 6.190476e-01
      1155       1155 1.428571e-01
      1156       1258 2.380952e-01
      1156       1256 6.190476e-01
      1156       1156 1.428571e-01
      1157       1259 2.380952e-01
      1157       1257 6.190476e-01
      1157       1157 1.428571e-01
      1158       1260 2.380952e-01
      1158       1258 6.190476e-01
      1158       1158 1.428571e-01
      1159       1261 2.380952e-01
      1159       1259 6.190476e-01
      1159       1159 1.428571e-01
      1160       1262 2.380952e-01
      1160       1260 6.190476e-01
      1160       1160 1.428571e-01
      1161       1263 2.380952e-01
      1161       1261 6.190476e-01
      1161       1161 1.428571e-01
      1162       1264 2.380952e-01
      1162       1262 6.190476e-01
      1162       1162 1.428571e-01
      1163       1265 2.380952e-01
      1163       1263 6.190476e-01
      1163       1163 1.428571e-01
      1164       1266 2.380952e-01
      1164       1264 6.190476e-01
      1164       1164 1.428571e-01
      1165       1267 2.380952e-01
      1165       1265 6.190476e-01
      1165       1165 1.428571e-01
      1166       1268 2.380952e-01
      1166       1266 6.190476e-01
      1166       1166 1.428571e-01
      1167       1269 2.380952e-01
      1167       1267 6.190476e-01
      1167       1167 1.428571e-01
      1168       1270 2.380952e-01
      1168       1268 6.190476e-01
      1168       1168 1.428571e-01
      1169       1271 2.380952e-01
      1169       1269 6.190476e-01
      1169       1169 1.428571e-01
      1170       1272 2.380952e-01
      1170       1270 6.190476e-01
      1170       1170 1.428571e-01
      1171       1273 2.380952e-01
      1171       1271 6.190476e-01
      1171       1171 1.428571e-01
      1172       1274 2.380952e-01
      1172       1272 6.190476e-01
      1172       1172 1.428571e-01
      1173       1275 2.380952e-01
      1173       1273 6.190476e-01
      1173       1173 1.428571e-01
      1174       1276 2.380952e-01
      1174       1274 6.190476e-01
      1174       1174 1.428571e-01
      1175       1277 2.380952e-01
      1175       1275 6.190476e-01
      1175       1175 1.428571e-01
      1176       1278 2.380952e-01
      1176       1276 6.190476e-01
      1176       1176 1.428571e-01
      1177       1279 2.380952e-01
      1177       1277 6.190476e-01
      1177       1177 1.428571e-01
      1178       1280 2.380952e-01
      1178       1278 6.190476e-01
      1178       1178 1.428571e-01
      1179       1281 2.380952e-01
      1179       1279 6.190476e-01
      1179       1179 1.428571e-01
      1180       1282 2.380952e-01
      1180       1280 6.190476e-01
      1180       1180 1.428571e-01
      1181       1283 2.380952e-01
      1181       1281 6.190476e-01
      1181       1181 1.428571e-01
      1182       1284 2.380952e-01
      1182       1282 6.190476e-01
      1182       1182 1.428571e-01
      1183       1285 2.380952e-01
      1183       1283 6.190476e-01
      1183       1183 1.428571e-01
      1184       1286 2.380952e-01
      1184       1284 6.190476e-01
      1184       1184 1.428571e-01
      1185       1287 2.380952e-01
      1185       1285 6.190476e-01
      1185       1185 1.428571e-01
      1186       1288 2.380952e-01
      1186       1286 6.190476e-01
      1186       1186 1.428571e-01
      1187       1289 2.380952e-01
      1187       1287 6.190476e-01
      1187       1187 1.428571e-01
      1188       1290 2.380952e-01
      1188       1288 6.190476e-01
      1188       1188 1.428571e-01
      1189       1291 2.380952e-01
      1189       1289 6.190476e-01
      1189       1189 1.428571e-01
      1190       1292 2.380952e-01
      1190       1290 6.190476e-01
      1190       1190 1.428571e-01
      1191       1293 2.380952e-01
      1191       1291 6.190476e-01
      1191       1191 1.428571e-01
      1192       1294 2.380952e-01
      1192       1292 6.190476e-01
      1192       1192 1.428571e-01
      1193       1295 2.380952e-01
      1193       1293 6.190476e-01
      1193       1193 1.428571e-01
      1194       1296 2.380952e-01
      1194       1294 6.190476e-01
      1194       1194 1.428571e-01
      1195       1297 2.380952e-01
      1195       1295 6.190476e-01
      1195       1195 1.428571e-01
      1196       1298 2.380952e-01
      1196       1296 6.190476e-01
      1196       1196 1.428571e-01
      1197       1299 2.380952e-01
      1197       1297 6.190476e-01
      1197       1197 1.428571e-01
      1198       1300 2.380952e-01
      1198       1298 6.190476e-01
      1198       1198 1.428571e-01
      1199       1301 2.380952e-01
      1199       1299 6.190476e-01
      1199       1199 1.428571e-01
      1200       1302 2.380952e-01
      1200       1300 6.190476e-01
      1200       1200 1.428571e-01
      1201       1303 2.380952e-01
      1201       1301 6.190476e-01
      1201       1201 1.428571e-01
      1202       1304 2.380952e-01
      1202       1302 6.190476e-01
      1202       1202 1.428571e-01
      1203       1305 2.380952e-01
      1203       1303 6.190476e-01
      1203       1203 1.428571e-01
      1204       1306 2.380952e-01
      1204       1304 6.190476e-01
      1204       1204 1.428571e-01
      1205       1307 2.380952e-01
      1205       1305 6.190476e-01
      1205       1205 1.428571e-01
      1206       1308 2.380952e-01
      1206       1306 6.190476e-01
      1206       1206 1.428571e-01
      1207       1309 2.380952e-01
      1207       1307 6.190476e-01
      1207       1207 1.428571e-01
      1208       1310 2.380952e-01
      1208       1308 6.190476e-01
      1208       1208 1.428571e-01
      1209       1311 2.380952e-01
      1209       1309 6.190476e-01
      1209       1209 1.428571e-01
      1210       1312 2.380952e-01
      1210       1310 6.190476e-01
      1210       1210 1.428571e-01
      1211       1311 6.190476e-01
      1211       1211 3.809524e-01
      1212       1314 2.380952e-01
      1212       1212 7.619048e-01
      1213       1315 2.380952e-01
      1213       1313 4.761905e-02
      1213       1213 7.142857e-01
      1214       1316 2.380952e-01
      1214       1314 9.523810e-02
      1214       1214 6.666667e-01
      1215       1317 2.380952e-01
      1215       1315 1.428571e-01
      1215       1215 6.190476e-01
      1216       1318 2.380952e-01
      1216       1316 1.904762e-01
      1216       1216 5.714286e-01
      1217       1319 2.380952e-01
      1217       1317 2.380952e-01
      1217       1217 5.238095e-01
      1218       1320 2.380952e-01
      1218       1318 2.857143e-01
      1218       1218 4.761905e-01
      1219       1321 2.380952e-01
      1219       1319 3.333333e-01
      1219       1219 4.285714e-01
      1220       1322 2.380952e-01
      1220       1320 3.809524e-01
      1220       1220 3.809524e-01
      1221       1323 2.380952e-01
      1221       1321 4.285714e-01
      1221       1221 3.333333e-01
      1222       1324 2.380952e-01
      1222       1322 4.761905e-01
      1222       1222 2.857143e-01
      1223       1325 2.380952e-01
      1223       1323 5.238095e-01
      1223       1223 2.380952e-01
      1224       1326 2.380952e-01
      1224       1324 5.714286e-01
      1224       1224 1.904762e-01
      1225       1327 2.380952e-01
      1225       1325 6.190476e-01
      1225       1225 1.428571e-01
      1226       1328 2.380952e-01
      1226       1326 6.666667e-01
      1226       1226 9.523810e-02
      1227       1329 2.380952e-01
      1227       1327 6.666667e-01
      1227       1227 9.523810e-02
      1228       1330 2.380952e-01
      1228       1328 6.666667e-01
      1228       1228 9.523810e-02
      1229       1331 2.380952e-01
      1229       1329 6.666667e-01
      1229       1229 9.523810e-02
      1230       1332 2.380952e-01
      1230       1330 6.666667e-01
      1230       1230 9.523810e-02
      1231       1333 2.380952e-01
      1231       1331 6.666667e-01
      1231       1231 9.523810e-02
      1232       1334 2.380952e-01
      1232       1332 6.666667e-01
      1232       1232 9.523810e-02
      1233       1335 2.380952e-01
      1233       1333 6.666667e-01
      1233       1233 9.523810e-02
      1234       1336 2.380952e-01
      1234       1334 6.666667e-01
      1234       1234 9.523810e-02
      1235       1337 2.380952e-01
      1235       1335 6.666667e-01
      1235       1235 9.523810e-02
      1236       1338 2.380952e-01
      1236       1336 6.666667e-01
      1236       1236 9.523810e-02
      1237       1339 2.380952e-01
      1237       1337 6.666667e-01
      1237       1237 9.523810e-02
      1238       1340 2.380952e-01
      1238       1338 6.666667e-01
      1238       1238 9.523810e-02
      1239       1341 2.380952e-01
      1239       1339 6.666667e-01
      1239       1239 9.523810e-02
      1240       1342 2.380952e-01
      1240       1340 6.666667e-01
      1240       1240 9.523810e-02
      1241       1343 2.380952e-01
      1241       1341 6.666667e-01
      1241       1241 9.523810e-02
      1242       1344 2.380952e-01
      1242       1342 6.666667e-01
      1242       1242 9.523810e-02
      1243       1345 2.380952e-01
      1243       1343 6.666667e-01
      1243       1243 9.523810e-02
      1244       1346 2.380952e-01
      1244       1344 6.666667e-01
      1244       1244 9.523810e-02
      1245       1347 2.380952e-01
      1245       1345 6.666667e-01
      1245       1245 9.523810e-02
      1246       1348 2.380952e-01
      1246       1346 6.666667e-01
      1246       1246 9.523810e-02
      1247       1349 2.380952e-01
      1247       1347 6.666667e-01
      1247       1247 9.523810e-02
      1248       1350 2.380952e-01
      1248       1348 6.666667e-01
      1248       1248 9.523810e-02
      1249       1351 2.380952e-01
      1249       1349 6.666667e-01
      1249       1249 9.523810e-02
      1250       1352 2.380952e-01
      1250       1350 6.666667e-01
      1250       1250 9.523810e-02
      1251       1353 2.380952e-01
      1251       1351 6.666667e-01
      1251       1251 9.523810e-02
      1252       1354 2.380952e-01
      1252       1352 6.666667e-01
      1252       1252 9.523810e-02
      1253       1355 2.380952e-01
      1253       1353 6.666667e-01
      1253       1253 9.523810e-02
      1254       1356 2.380952e-01
      1254       1354 6.666667e-01
      1254       1254 9.523810e-02
      1255       1357 2.380952e-01
      1255       1355 6.666667e-01
      1255       1255 9.523810e-02
      1256       1358 2.380952e-01
      1256       1356 6.666667e-01
      1256       1256 9.523810e-02
      1257       1359 2.380952e-01
      1257       1357 6.666667e-01
      1257       1257 9.523810e-02
      1258       1360 2.380952e-01
      1258       1358 6.666667e-01
      1258       1258 9.523810e-02
      1259       1361 2.380952e-01
      1259       1359 6.666667e-01
      1259       1259 9.523810e-02
      1260       1362 2.380952e-01
      1260       1360 6.666667e-01
      1260       1260 9.523810e-02
      1261       1363 2.380952e-01
      1261       1361 6.666667e-01
      1261       1261 9.523810e-02
      1262       1364 2.380952e-01
      1262       1362 6.666667e-01
      1262       1262 9.523810e-02
      1263       1365 2.380952e-01
      1263       1363 6.666667e-01
      1263       1263 9.523810e-02
      1264       1366 2.380952e-01
      1264       1364 6.666667e-01
      1264       1264 9.523810e-02
      1265       1367 2.380952e-01
      1265       1365 6.666667e-01
      1265       1265 9.523810e-02
      1266       1368 2.380952e-01
      1266       1366 6.666667e-01
      1266       1266 9.523810e-02
      1267       1369 2.380952e-01
      1267       1367 6.666667e-01
      1267       1267 9.523810e-02
      1268       1370 2.380952e-01
      1268       1368 6.666667e-01
      1268       1268 9.523810e-02
      1269       1371 2.380952e-01
      1269       1369 6.666667e-01
      1269       1269 9.523810e-02
      1270       1372 2.380952e-01
      1270       1370 6.666667e-01
      1270       1270 9.523810e-02
      1271       1373 2.380952e-01
      1271       1371 6.666667e-01
      1271       1271 9.523810e-02
      1272       1374 2.380952e-01
      1272       1372 6.666667e-01
      1272       1272 9.523810e-02
      1273       1375 2.380952e-01
      1273       1373 6.666667e-01
      1273       1273 9.523810e-02
      1274       1376 2.380952e-01
      1274       1374 6.666667e-01
      1274       1274 9.523810e-02
      1275       1377 2.380952e-01
      1275       1375 6.666667e-01
      1275       1275 9.523810e-02
      1276       1378 2.380952e-01
      1276       1376 6.666667e-01
      1276       1276 9.523810e-02
      1277       1379 2.380952e-01
      1277       1377 6.666667e-01
      1277       1277 9.523810e-02
      1278       1380 2.380952e-01
      1278       1378 6.666667e-01
      1278       1278 9.523810e-02
      1279       1381 2.380952e-01
      1279       1379 6.666667e-01
      1279       1279 9.523810e-02
      1280       1382 2.380952e-01
      1280       1380 6.666667e-01
      1280       1280 9.523810e-02
      1281       1383 2.380952e-01
      1281       1381 6.666667e-01
      1281       1281 9.523810e-02
      1282       1384 2.380952e-01
      1282       1382 6.666667e-01
      1282       1282 9.523810e-02
      1283       1385 2.380952e-01
      1283       1383 6.666667e-01
      1283       1283 9.523810e-02
      1284       1386 2.380952e-01
      1284       1384 6.666667e-01
      1284       1284 9.523810e-02
      1285       1387 2.380952e-01
      1285       1385 6.666667e-01
      1285       1285 9.523810e-02
      1286       1388 2.380952e-01
      1286       1386 6.666667e-01
      1286       1286 9.523810e-02
      1287       1389 2.380952e-01
      1287       1387 6.666667e-01
      1287       1287 9.523810e-02
      1288       1390 2.380952e-01
      1288       1388 6.666667e-01
      1288       1288 9.523810e-02
      1289       1391 2.380952e-01
      1289       1389 6.666667e-01
      1289       1289 9.523810e-02
      1290       1392 2.380952e-01
      1290       1390 6.666667e-01
      1290       1290 9.523810e-02
      1291       1393 2.380952e-01
      1291       1391 6.666667e-01
      1291       1291 9.523810e-02
      1292       1394 2.380952e-01
      1292       1392 6.666667e-01
      1292       1292 9.523810e-02
      1293       1395 2.380952e-01
      1293       1393 6.666667e-01
      1293       1293 9.523810e-02
      1294       1396 2.380952e-01
      1294       1394 6.666667e-01
      1294       1294 9.523810e-02
      1295       1397 2.380952e-01
      1295       1395 6.666667e-01
      1295       1295 9.523810e-02
      1296       1398 2.380952e-01
      1296       1396 6.666667e-01
      1296       1296 9.523810e-02
      1297       1399 2.380952e-01
      1297       1397 6.666667e-01
      1297       1297 9.523810e-02
      1298       1400 2.380952e-01
      1298       1398 6.666667e-01
      1298       1298 9.523810e-02
      1299       1401 2.380952e-01
      1299       1399 6.666667e-01
      1299       1299 9.523810e-02
      1300       1402 2.380952e-01
      1300       1400 6.666667e-01
      1300       1300 9.523810e-02
      1301       1403 2.380952e-01
      1301       1401 6.666667e-01
      1301       1301 9.523810e-02
      1302       1404 2.380952e-01
      1302       1402 6.666667e-01
      1302       1302 9.523810e-02
      1303       1405 2.380952e-01
      1303       1403 6.666667e-01
      1303       1303 9.523810e-02
      1304       1406 2.380952e-01
      1304       1404 6.666667e-01
      1304       1304 9.523810e-02
      1305       1407 2.380952e-01
      1305       1405 6.666667e-01
      1305       1305 9.523810e-02
      1306       1408 2.380952e-01
      1306       1406 6.666667e-01
      1306       1306 9.523810e-02
      1307       1409 2.380952e-01
      1307       1407 6.666667e-01
      1307       1307 9.523810e-02
      1308       1410 2.380952e-01
      1308       1408 6.666667e-01
      1308       1308 9.523810e-02
      1309       1411 2.380952e-01
      1309       1409 6.666667e-01
      1309       1309 9.523810e-02
      1310       1412 2.380952e-01
      1310       1410 6.666667e-01
      1310       1310 9.523810e-02
      1311       1413 2.380952e-01
      1311       1411 6.666667e-01
      1311       1311 9.523810e-02
      1312       1412 6.666667e-01
      1312       1312 3.333333e-01
      1313       1415 2.380952e-01
      1313       1313 7.619048e-01
      1314       1416 2.380952e-01
      1314       1414 4.761905e-02
      1314       1314 7.142857e-01
      1315       1417 2.380952e-01
      1315       1415 9.523810e-02
      1315       1315 6.666667e-01
      1316       1418 2.380952e-01
      1316       1416 1.428571e-01
      1316       1316 6.190476e-01
      1317       1419 2.380952e-01
      1317       1417 1.904762e-01
      1317       1317 5.714286e-01
      1318       1420 2.380952e-01
      1318       1418 2.380952e-01
      1318       1318 5.238095e-01
      1319       1421 2.380952e-01
      1319       1419 2.857143e-01
      1319       1319 4.761905e-01
      1320       1422 2.380952e-01
      1320       1420 3.333333e-01
      1320       1320 4.285714e-01
      1321       1423 2.380952e-01
      1321       1421 3.809524e-01
      1321       1321 3.809524e-01
      1322       1424 2.380952e-01
      1322       1422 4.285714e-01
      1322       1322 3.333333e-01
      1323       1425 2.380952e-01
      1323       1423 4.761905e-01
      1323       1323 2.857143e-01
      1324       1426 2.380952e-01
      1324       1424 5.238095e-01
      1324       1324 2.380952e-01
      1325       1427 2.380952e-01
      1325       1425 5.714286e-01
      1325       1325 1.904762e-01
      1326       1428 2.380952e-01
      1326       1426 6.190476e-01
      1326       1326 1.428571e-01
      1327       1429 2.380952e-01
      1327       1427 6.666667e-01
      1327       1327 9.523810e-02
      1328       1430 2.380952e-01
      1328       1428 7.142857e-01
      1328       1328 4.761905e-02
      1329       1431 2.380952e-01
      1329       1429 7.142857e-01
      1329       1329 4.761905e-02
      1330       1432 2.380952e-01
      1330       1430 7.142857e-01
      1330       1330 4.761905e-02
      1331       1433 2.380952e-01
      1331       1431 7.142857e-01
      1331       1331 4.761905e-02
      1332       1434 2.380952e-01
      1332       1432 7.142857e-01
      1332       1332 4.761905e-02
      1333       1435 2.380952e-01
      1333       1433 7.142857e-01
      1333       1333 4.761905e-02
      1334       1436 2.380952e-01
      1334       1434 7.142857e-01
      1334       1334 4.761905e-02
      1335       1437 2.380952e-01
      1335       1435 7.142857e-01
      1335       1335 4.761905e-02
      1336       1438 2.380952e-01
      1336       1436 7.142857e-01
      1336       1336 4.761905e-02
      1337       1439 2.380952e-01
      1337       1437 7.142857e-01
      1337       1337 4.761905e-02
      1338       1440 2.380952e-01
      1338       1438 7.142857e-01
      1338       1338 4.761905e-02
      1339       1441 2.380952e-01
      1339       1439 7.142857e-01
      1339       1339 4.761905e-02
      1340       1442 2.380952e-01
      1340       1440 7.142857e-01
      1340       1340 4.761905e-02
      1341       1443 2.380952e-01
      1341       1441 7.142857e-01
      1341       1341 4.761905e-02
      1342       1444 2.380952e-01
      1342       1442 7.142857e-01
      1342       1342 4.761905e-02
      1343       1445 2.380952e-01
      1343       1443 7.142857e-01
      1343       1343 4.761905e-02
      1344       1446 2.380952e-01
      1344       1444 7.142857e-01
      1344       1344 4.761905e-02
      1345       1447 2.380952e-01
      1345       1445 7.142857e-01
      1345       1345 4.761905e-02
      1346       1448 2.380952e-01
      1346       1446 7.142857e-01
      1346       1346 4.761905e-02
      1347       1449 2.380952e-01
      1347       1447 7.142857e-01
      1347       1347 4.761905e-02
      1348       1450 2.380952e-01
      1348       1448 7.142857e-01
      1348       1348 4.761905e-02
      1349       1451 2.380952e-01
      1349       1449 7.142857e-01
      1349       1349 4.761905e-02
      1350       1452 2.380952e-01
      1350       1450 7.142857e-01
      1350       1350 4.761905e-02
      1351       1453 2.380952e-01
      1351       1451 7.142857e-01
      1351       1351 4.761905e-02
      1352       1454 2.380952e-01
      1352       1452 7.142857e-01
      1352       1352 4.761905e-02
      1353       1455 2.380952e-01
      1353       1453 7.142857e-01
      1353       1353 4.761905e-02
      1354       1456 2.380952e-01
      1354       1454 7.142857e-01
      1354       1354 4.761905e-02
      1355       1457 2.380952e-01
      1355       1455 7.142857e-01
      1355       1355 4.761905e-02
      1356       1458 2.380952e-01
      1356       1456 7.142857e-01
      1356       1356 4.761905e-02
      1357       1459 2.380952e-01
      1357       1457 7.142857e-01
      1357       1357 4.761905e-02
      1358       1460 2.380952e-01
      1358       1458 7.142857e-01
      1358       1358 4.761905e-02
      1359       1461 2.380952e-01
      1359       1459 7.142857e-01
      1359       1359 4.761905e-02
      1360       1462 2.380952e-01
      1360       1460 7.142857e-01
      1360       1360 4.761905e-02
      1361       1463 2.380952e-01
      1361       1461 7.142857e-01
      1361       1361 4.761905e-02
      1362       1464 2.380952e-01
      1362       1462 7.142857e-01
      1362       1362 4.761905e-02
      1363       1465 2.380952e-01
      1363       1463 7.142857e-01
      1363       1363 4.761905e-02
      1364       1466 2.380952e-01
      1364       1464 7.142857e-01
      1364       1364 4.761905e-02
      1365       1467 2.380952e-01
      1365       1465 7.142857e-01
      1365       1365 4.761905e-02
      1366       1468 2.380952e-01
      1366       1466 7.142857e-01
      1366       1366 4.761905e-02
      1367       1469 2.380952e-01
      1367       1467 7.142857e-01
      1367       1367 4.761905e-02
      1368       1470 2.380952e-01
      1368       1468 7.142857e-01
      1368       1368 4.761905e-02
      1369       1471 2.380952e-01
      1369       1469 7.142857e-01
      1369       1369 4.761905e-02
      1370       1472 2.380952e-01
      1370       1470 7.142857e-01
      1370       1370 4.761905e-02
      1371       1473 2.380952e-01
      1371       1471 7.142857e-01
      1371       1371 4.761905e-02
      1372       1474 2.380952e-01
      1372       1472 7.142857e-01
      1372       1372 4.761905e-02
      1373       1475 2.380952e-01
      1373       1473 7.142857e-01
      1373       1373 4.761905e-02
      1374       1476 2.380952e-01
      1374       1474 7.142857e-01
      1374       1374 4.761905e-02
      1375       1477 2.380952e-01
      1375       1475 7.142857e-01
      1375       1375 4.761905e-02
      1376       1478 2.380952e-01
      1376       1476 7.142857e-01
      1376       1376 4.761905e-02
      1377       1479 2.380952e-01
      1377       1477 7.142857e-01
      1377       1377 4.761905e-02
      1378       1480 2.380952e-01
      1378       1478 7.142857e-01
      1378       1378 4.761905e-02
      1379       1481 2.380952e-01
      1379       1479 7.142857e-01
      1379       1379 4.761905e-02
      1380       1482 2.380952e-01
      1380       1480 7.142857e-01
      1380       1380 4.761905e-02
      1381       1483 2.380952e-01
      1381       1481 7.142857e-01
      1381       1381 4.761905e-02
      1382       1484 2.380952e-01
      1382       1482 7.142857e-01
      1382       1382 4.761905e-02
      1383       1485 2.380952e-01
      1383       1483 7.142857e-01
      1383       1383 4.761905e-02
      1384       1486 2.380952e-01
      1384       1484 7.142857e-01
      1384       1384 4.761905e-02
      1385       1487 2.380952e-01
      1385       1485 7.142857e-01
      1385       1385 4.761905e-02
      1386       1488 2.380952e-01
      1386       1486 7.142857e-01
      1386       1386 4.761905e-02
      1387       1489 2.380952e-01
      1387       1487 7.142857e-01
      1387       1387 4.761905e-02
      1388       1490 2.380952e-01
      1388       1488 7.142857e-01
      1388       1388 4.761905e-02
      1389       1491 2.380952e-01
      1389       1489 7.142857e-01
      1389       1389 4.761905e-02
      1390       1492 2.380952e-01
      1390       1490 7.142857e-01
      1390       1390 4.761905e-02
      1391       1493 2.380952e-01
      1391       1491 7.142857e-01
      1391       1391 4.761905e-02
      1392       1494 2.380952e-01
      1392       1492 7.142857e-01
      1392       1392 4.761905e-02
      1393       1495 2.380952e-01
      1393       1493 7.142857e-01
      1393       1393 4.761905e-02
      1394       1496 2.380952e-01
      1394       1494 7.142857e-01
      1394       1394 4.761905e-02
      1395       1497 2.380952e-01
      1395       1495 7.142857e-01
      1395       1395 4.761905e-02
      1396       1498 2.380952e-01
      1396       1496 7.142857e-01
      1396       1396 4.761905e-02
      1397       1499 2.380952e-01
      1397       1497 7.142857e-01
      1397       1397 4.761905e-02
      1398       1500 2.380952e-01
      1398       1498 7.142857e-01
      1398       1398 4.761905e-02
      1399       1501 2.380952e-01
      1399       1499 7.142857e-01
      1399       1399 4.761905e-02
      1400       1502 2.380952e-01
      1400       1500 7.142857e-01
      1400       1400 4.761905e-02
      1401       1503 2.380952e-01
      1401       1501 7.142857e-01
      1401       1401 4.761905e-02
      1402       1504 2.380952e-01
      1402       1502 7.142857e-01
      1402       1402 4.761905e-02
      1403       1505 2.380952e-01
      1403       1503 7.142857e-01
      1403       1403 4.761905e-02
      1404       1506 2.380952e-01
      1404       1504 7.142857e-01
      1404       1404 4.761905e-02
      1405       1507 2.380952e-01
      1405       1505 7.142857e-01
      1405       1405 4.761905e-02
      1406       1508 2.380952e-01
      1406       1506 7.142857e-01
      1406       1406 4.761905e-02
      1407       1509 2.380952e-01
      1407       1507 7.142857e-01
      1407       1407 4.761905e-02
      1408       1510 2.380952e-01
      1408       1508 7.142857e-01
      1408       1408 4.761905e-02
      1409       1511 2.380952e-01
      1409       1509 7.142857e-01
      1409       1409 4.761905e-02
      1410       1512 2.380952e-01
      1410       1510 7.142857e-01
      1410       1410 4.761905e-02
      1411       1513 2.380952e-01
      1411       1511 7.142857e-01
      1411       1411 4.761905e-02
      1412       1514 2.380952e-01
      1412       1512 7.142857e-01
      1412       1412 4.761905e-02
      1413       1513 7.142857e-01
      1413       1413 2.857143e-01
      1414       1516 2.380952e-01
      1414       1414 7.619048e-01
      1415       1517 2.380952e-01
      1415       1515 4.761905e-02
      1415       1415 7.142857e-01
      1416       1518 2.380952e-01
      1416       1516 9.523810e-02
      1416       1416 6.666667e-01
      1417       1519 2.380952e-01
      1417       1517 1.428571e-01
      1417       1417 6.190476e-01
      1418       1520 2.380952e-01
      1418       1518 1.904762e-01
      1418       1418 5.714286e-01
      1419       1521 2.380952e-01
      1419       1519 2.380952e-01
      1419       1419 5.238095e-01
      1420       1522 2.380952e-01
      1420       1520 2.857143e-01
      1420       1420 4.761905e-01
      1421       1523 2.380952e-01
      1421       1521 3.333333e-01
      1421       1421 4.285714e-01
      1422       1524 2.380952e-01
      1422       1522 3.809524e-01
      1422       1422 3.809524e-01
      1423       1525 2.380952e-01
      1423       1523 4.285714e-01
      1423       1423 3.333333e-01
      1424       1526 2.380952e-01
      1424       1524 4.761905e-01
      1424       1424 2.857143e-01
      1425       1527 2.380952e-01
      1425       1525 5.238095e-01
      1425       1425 2.380952e-01
      1426       1528 2.380952e-01
      1426       1526 5.714286e-01
      1426       1426 1.904762e-01
      1427       1529 2.380952e-01
      1427       1527 6.190476e-01
      1427       1427 1.428571e-01
      1428       1530 2.380952e-01
      1428       1528 6.666667e-01
      1428       1428 9.523810e-02
      1429       1531 2.380952e-01
      1429       1529 7.142857e-01
      1429       1429 4.761905e-02
      1430       1532 2.380952e-01
      1430       1530 7.619048e-01
      1431       1533 2.380952e-01
      1431       1531 7.619048e-01
      1432       1534 2.380952e-01
      1432       1532 7.619048e-01
      1433       1535 2.380952e-01
      1433       1533 7.619048e-01
      1434       1536 2.380952e-01
      1434       1534 7.619048e-01
      1435       1537 2.380952e-01
      1435       1535 7.619048e-01
      1436       1538 2.380952e-01
      1436       1536 7.619048e-01
      1437       1539 2.380952e-01
      1437       1537 7.619048e-01
      1438       1540 2.380952e-01
      1438       1538 7.619048e-01
      1439       1541 2.380952e-01
      1439       1539 7.619048e-01
      1440       1542 2.380952e-01
      1440       1540 7.619048e-01
      1441       1543 2.380952e-01
      1441       1541 7.619048e-01
      1442       1544 2.380952e-01
      1442       1542 7.619048e-01
      1443       1545 2.380952e-01
      1443       1543 7.619048e-01
      1444       1546 2.380952e-01
      1444       1544 7.619048e-01
      1445       1547 2.380952e-01
      1445       1545 7.619048e-01
      1446       1548 2.380952e-01
      1446       1546 7.619048e-01
      1447       1549 2.380952e-01
      1447       1547 7.619048e-01
      1448       1550 2.380952e-01
      1448       1548 7.619048e-01
      1449       1551 2.380952e-01
      1449       1549 7.619048e-01
      1450       1552 2.380952e-01
      1450       1550 7.619048e-01
      1451       1553 2.380952e-01
      1451       1551 7.619048e-01
      1452       1554 2.380952e-01
      1452       1552 7.619048e-01
      1453       1555 2.380952e-01
      1453       1553 7.619048e-01
      1454       1556 2.380952e-01
      1454       1554 7.619048e-01
      1455       1557 2.380952e-01
      1455       1555 7.619048e-01
      1456       1558 2.380952e-01
      1456       1556 7.619048e-01
      1457       1559 2.380952e-01
      1457       1557 7.619048e-01
      1458       1560 2.380952e-01
      1458       1558 7.619048e-01
      1459       1561 2.380952e-01
      1459       1559 7.619048e-01
      1460       1562 2.380952e-01
      1460       1560 7.619048e-01
      1461       1563 2.380952e-01
      1461       1561 7.619048e-01
      1462       1564 2.380952e-01
      1462       1562 7.619048e-01
      1463       1565 2.380952e-01
      1463       1563 7.619048e-01
      1464       1566 2.380952e-01
      1464       1564 7.619048e-01
      1465       1567 2.380952e-01
      1465       1565 7.619048e-01
      1466       1568 2.380952e-01
      1466       1566 7.619048e-01
      1467       1569 2.380952e-01
      1467       1567 7.619048e-01
      1468       1570 2.380952e-01
      1468       1568 7.619048e-01
      1469       1571 2.380952e-01
      1469       1569 7.619048e-01
      1470       1572 2.380952e-01
      1470       1570 7.619048e-01
      1471       1573 2.380952e-01
      1471       1571 7.619048e-01
      1472       1574 2.380952e-01
      1472       1572 7.619048e-01
      1473       1575 2.380952e-01
      1473       1573 7.619048e-01
      1474       1576 2.380952e-01
      1474       1574 7.619048e-01
      1475       1577 2.380952e-01
      1475       1575 7.619048e-01
      1476       1578 2.380952e-01
      1476       1576 7.619048e-01
      1477       1579 2.380952e-01
      1477       1577 7.619048e-01
      1478       1580 2.380952e-01
      1478       1578 7.619048e-01
      1479       1581 2.380952e-01
      1479       1579 7.619048e-01
      1480       1582 2.380952e-01
      1480       1580 7.619048e-01
      1481       1583 2.380952e-01
      1481       1581 7.619048e-01
      1482       1584 2.380952e-01
      1482       1582 7.619048e-01
      1483       1585 2.380952e-01
      1483       1583 7.619048e-01
      1484       1586 2.380952e-01
      1484       1584 7.619048e-01
      1485       1587 2.380952e-01
      1485       1585 7.619048e-01
      1486       1588 2.380952e-01
      1486       1586 7.619048e-01
      1487       1589 2.380952e-01
      1487       1587 7.619048e-01
      1488       1590 2.380952e-01
      1488       1588 7.619048e-01
      1489       1591 2.380952e-01
      1489       1589 7.619048e-01
      1490       1592 2.380952e-01
      1490       1590 7.619048e-01
      1491       1593 2.380952e-01
      1491       1591 7.619048e-01
      1492       1594 2.380952e-01
      1492       1592 7.619048e-01
      1493       1595 2.380952e-01
      1493       1593 7.619048e-01
      1494       1596 2.380952e-01
      1494       1594 7.619048e-01
      1495       1597 2.380952e-01
      1495       1595 7.619048e-01
      1496       1598 2.380952e-01
      1496       1596 7.619048e-01
      1497       1599 2.380952e-01
      1497       1597 7.619048e-01
      1498       1600 2.380952e-01
      1498       1598 7.619048e-01
      1499       1601 2.380952e-01
      1499       1599 7.619048e-01
      1500       1602 2.380952e-01
      1500       1600 7.619048e-01
      1501       1603 2.380952e-01
      1501       1601 7.619048e-01
      1502       1604 2.380952e-01
      1502       1602 7.619048e-01
      1503       1605 2.380952e-01
      1503       1603 7.619048e-01
      1504       1606 2.380952e-01
      1504       1604 7.619048e-01
      1505       1607 2.380952e-01
      1505       1605 7.619048e-01
      1506       1608 2.380952e-01
      1506       1606 7.619048e-01
      1507       1609 2.380952e-01
      1507       1607 7.619048e-01
      1508       1610 2.380952e-01
      1508       1608 7.619048e-01
      1509       1611 2.380952e-01
      1509       1609 7.619048e-01
      1510       1612 2.380952e-01
      1510       1610 7.619048e-01
      1511       1613 2.380952e-01
      1511       1611 7.619048e-01
      1512       1614 2.380952e-01
      1512       1612 7.619048e-01
      1513       1615 2.380952e-01
      1513       1613 7.619048e-01
      1514       1614 7.619048e-01
      1514       1514 2.380952e-01
      1515       1515 1.000000e+00
      1516       1517 2.380952e-01
      1516       1515 4.761905e-02
      1516       1516 7.142857e-01
      1517       1518 2.380952e-01
      1517       1516 9.523810e-02
      1517       1517 6.666667e-01
      1518       1519 2.380952e-01
      1518       1517 1.428571e-01
      1518       1518 6.190476e-01
      1519       1520 2.380952e-01
      1519       1518 1.904762e-01
      1519       1519 5.714286e-01
      1520       1521 2.380952e-01
      1520       1519 2.380952e-01
      1520       1520 5.238095e-01
      1521       1522 2.380952e-01
      1521       1520 2.857143e-01
      1521       1521 4.761905e-01
      1522       1523 2.380952e-01
      1522       1521 3.333333e-01
      1522       1522 4.285714e-01
      1523       1524 2.380952e-01
      1523       1522 3.809524e-01
      1523       1523 3.809524e-01
      1524       1525 2.380952e-01
      1524       1523 4.285714e-01
      1524       1524 3.333333e-01
      1525       1526 2.380952e-01
      1525       1524 4.761905e-01
      1525       1525 2.857143e-01
      1526       1527 2.380952e-01
      1526       1525 5.238095e-01
      1526       1526 2.380952e-01
      1527       1528 2.380952e-01
      1527       1526 5.714286e-01
      1527       1527 1.904762e-01
      1528       1529 2.380952e-01
      1528       1527 6.190476e-01
      1528       1528 1.428571e-01
      1529       1530 2.380952e-01
      1529       1528 6.666667e-01
      1529       1529 9.523810e-02
      1530       1531 2.380952e-01
      1530       1529 7.142857e-01
      1530       1530 4.761905e-02
      1531       1532 2.380952e-01
      1531       1530 7.619048e-01
      1532       1533 2.380952e-01
      1532       1531 7.619048e-01
      1533       1534 2.380952e-01
      1533       1532 7.619048e-01
      1534       1535 2.380952e-01
      1534       1533 7.619048e-01
      1535       1536 2.380952e-01
      1535       1534 7.619048e-01
      1536       1537 2.380952e-01
      1536       1535 7.619048e-01
      1537       1538 2.380952e-01
      1537       1536 7.619048e-01
      1538       1539 2.380952e-01
      1538       1537 7.619048e-01
      1539       1540 2.380952e-01
      1539       1538 7.619048e-01
      1540       1541 2.380952e-01
      1540       1539 7.619048e-01
      1541       1542 2.380952e-01
      1541       1540 7.619048e-01
      1542       1543 2.380952e-01
      1542       1541 7.619048e-01
      1543       1544 2.380952e-01
      1543       1542 7.619048e-01
      1544       1545 2.380952e-01
      1544       1543 7.619048e-01
      1545       1546 2.380952e-01
      1545       1544 7.619048e-01
      1546       1547 2.380952e-01
      1546       1545 7.619048e-01
      1547       1548 2.380952e-01
      1547       1546 7.619048e-01
      1548       1549 2.380952e-01
      1548       1547 7.619048e-01
      1549       1550 2.380952e-01
      1549       1548 7.619048e-01
      1550       1551 2.380952e-01
      1550       1549 7.619048e-01
      1551       1552 2.380952e-01
      1551       1550 7.619048e-01
      1552       1553 2.380952e-01
      1552       1551 7.619048e-01
      1553       1554 2.380952e-01
      1553       1552 7.619048e-01
      1554       1555 2.380952e-01
      1554       1553 7.619048e-01
      1555       1556 2.380952e-01
      1555       1554 7.619048e-01
      1556       1557 2.380952e-01
      1556       1555 7.619048e-01
      1557       1558 2.380952e-01
      1557       1556 7.619048e-01
      1558       1559 2.380952e-01
      1558       1557 7.619048e-01
      1559       1560 2.380952e-01
      1559       1558 7.619048e-01
      1560       1561 2.380952e-01
      1560       1559 7.619048e-01
      1561       1562 2.380952e-01
      1561       1560 7.619048e-01
      1562       1563 2.380952e-01
      1562       1561 7.619048e-01
      1563       1564 2.380952e-01
      1563       1562 7.619048e-01
      1564       1565 2.380952e-01
      1564       1563 7.619048e-01
      1565       1566 2.380952e-01
      1565       1564 7.619048e-01
      1566       1567 2.380952e-01
      1566       1565 7.619048e-01
      1567       1568 2.380952e-01
      1567       1566 7.619048e-01
      1568       1569 2.380952e-01
      1568       1567 7.619048e-01
      1569       1570 2.380952e-01
      1569       1568 7.619048e-01
      1570       1571 2.380952e-01
      1570       1569 7.619048e-01
      1571       1572 2.380952e-01
      1571       1570 7.619048e-01
      1572       1573 2.380952e-01
      1572       1571 7.619048e-01
      1573       1574 2.380952e-01
      1573       1572 7.619048e-01
      1574       1575 2.380952e-01
      1574       1573 7.619048e-01
      1575       1576 2.380952e-01
      1575       1574 7.619048e-01
      1576       1577 2.380952e-01
      1576       1575 7.619048e-01
      1577       1578 2.380952e-01
      1577       1576 7.619048e-01
      1578       1579 2.380952e-01
      1578       1577 7.619048e-01
      1579       1580 2.380952e-01
      1579       1578 7.619048e-01
      1580       1581 2.380952e-01
      1580       1579 7.619048e-01
      1581       1582 2.380952e-01
      1581       1580 7.619048e-01
      1582       1583 2.380952e-01
      1582       1581 7.619048e-01
      1583       1584 2.380952e-01
      1583       1582 7.619048e-01
      1584       1585 2.380952e-01
      1584       1583 7.619048e-01
      1585       1586 2.380952e-01
      1585       1584 7.619048e-01
      1586       1587 2.380952e-01
      1586       1585 7.619048e-01
      1587       1588 2.380952e-01
      1587       1586 7.619048e-01
      1588       1589 2.380952e-01
      1588       1587 7.619048e-01
      1589       1590 2.380952e-01
      1589       1588 7.619048e-01
      1590       1591 2.380952e-01
      1590       1589 7.619048e-01
      1591       1592 2.380952e-01
      1591       1590 7.619048e-01
      1592       1593 2.380952e-01
      1592       1591 7.619048e-01
      1593       1594 2.380952e-01
      1593       1592 7.619048e-01
      1594       1595 2.380952e-01
      1594       1593 7.619048e-01
      1595       1596 2.380952e-01
      1595       1594 7.619048e-01
      1596       1597 2.380952e-01
      1596       1595 7.619048e-01
      1597       1598 2.380952e-01
      1597       1596 7.619048e-01
      1598       1599 2.380952e-01
      1598       1597 7.619048e-01
      1599       1600 2.380952e-01
      1599       1598 7.619048e-01
      1600       1601 2.380952e-01
      1600       1599 7.619048e-01
      1601       1602 2.380952e-01
      1601       1600 7.619048e-01
      1602       1603 2.380952e-01
      1602       1601 7.619048e-01
      1603       1604 2.380952e-01
      1603       1602 7.619048e-01
      1604       1605 2.380952e-01
      1604       1603 7.619048e-01
      1605       1606 2.380952e-01
      1605       1604 7.619048e-01
      1606       1607 2.380952e-01
      1606       1605 7.619048e-01
      1607       1608 2.380952e-01
      1607       1606 7.619048e-01
      1608       1609 2.380952e-01
      1608       1607 7.619048e-01
      1609       1610 2.380952e-01
      1609       1608 7.619048e-01
      1610       1611 2.380952e-01
      1610       1609 7.619048e-01
      1611       1612 2.380952e-01
      1611       1610 7.619048e-01
      1612       1613 2.380952e-01
      1612       1611 7.619048e-01
      1613       1614 2.380952e-01
      1613       1612 7.619048e-01
      1614       1615 2.380952e-01
      1614       1613 7.619048e-01
      1615       1615 1.000000e+00

#############################################
Reward Matrix (state,action):
         0          0 3.333333e-03
         0          1 2.380952e-03
         0          2 5.714286e-03
         1          0 5.714286e-03
         1          1 4.761905e-03
         1          2 8.095238e-03
         2          0 8.095238e-03
         2          1 7.142857e-03
         2          2 1.047619e-02
         3          0 1.047619e-02
         3          1 9.523810e-03
         3          2 1.285714e-02
         4          0 1.285714e-02
         4          1 1.190476e-02
         4          2 1.523810e-02
         5          0 1.523810e-02
         5          1 1.428571e-02
         5          2 1.761905e-02
         6          0 1.761905e-02
         6          1 1.666667e-02
         6          2 2.000000e-02
         7          0 2.000000e-02
         7          1 1.904762e-02
         7          2 2.238095e-02
         8          0 2.238095e-02
         8          1 2.142857e-02
         8          2 2.476190e-02
         9          0 2.476190e-02
         9          1 2.380952e-02
         9          2 2.714286e-02
        10          0 2.714286e-02
        10          1 2.619048e-02
        10          2 2.952381e-02
        11          0 2.952381e-02
        11          1 2.857143e-02
        11          2 3.190476e-02
        12          0 3.190476e-02
        12          1 3.095238e-02
        12          2 3.428571e-02
        13          0 3.428571e-02
        13          1 3.333333e-02
        13          2 3.666667e-02
        14          0 3.666667e-02
        14          1 3.571429e-02
        14          2 3.904762e-02
        15          0 3.904762e-02
        15          1 3.809524e-02
        15          2 4.142857e-02
        16          0 4.142857e-02
        16          1 4.047619e-02
        16          2 4.380952e-02
        17          0 4.380952e-02
        17          1 4.285714e-02
        17          2 4.619048e-02
        18          0 4.619048e-02
        18          1 4.523810e-02
        18          2 4.857143e-02
        19          0 4.857143e-02
        19          1 4.761905e-02
        19          2 5.095238e-02
        20          0 5.095238e-02
        20          1 5.000000e-02
        20          2 5.333333e-02
        21          0 5.333333e-02
        21          1 5.238095e-02
        21          2 5.571429e-02
        22          0 5.571429e-02
        22          1 5.476190e-02
        22          2 5.809524e-02
        23          0 5.809524e-02
        23          1 5.714286e-02
        23          2 6.047619e-02
        24          0 6.047619e-02
        24          1 5.952381e-02
        24          2 6.285714e-02
        25          0 6.285714e-02
        25          1 6.190476e-02
        25          2 6.523810e-02
        26          0 6.523810e-02
        26          1 6.428571e-02
        26          2 6.761905e-02
        27          0 6.761905e-02
        27          1 6.666667e-02
        27          2 7.000000e-02
        28          0 7.000000e-02
        28          1 6.904762e-02
        28          2 7.238095e-02
        29          0 7.238095e-02
        29          1 7.142857e-02
        29          2 7.476190e-02
        30          0 7.476190e-02
        30          1 7.380952e-02
        30          2 7.714286e-02
        31          0 7.714286e-02
        31          1 7.619048e-02
        31          2 7.952381e-02
        32          0 7.952381e-02
        32          1 7.857143e-02
        32          2 8.190476e-02
        33          0 8.190476e-02
        33          1 8.095238e-02
        33          2 8.428571e-02
        34          0 8.428571e-02
        34          1 8.333333e-02
        34          2 8.666667e-02
        35          0 8.666667e-02
        35          1 8.571429e-02
        35          2 8.904762e-02
        36          0 8.904762e-02
        36          1 8.809524e-02
        36          2 9.142857e-02
        37          0 9.142857e-02
        37          1 9.047619e-02
        37          2 9.380952e-02
        38          0 9.380952e-02
        38          1 9.285714e-02
        38          2 9.619048e-02
        39          0 9.619048e-02
        39          1 9.523810e-02
        39          2 9.857143e-02
        40          0 9.857143e-02
        40          1 9.761905e-02
        40          2 1.009524e-01
        41          0 1.009524e-01
        41          1 1.000000e-01
        41          2 1.033333e-01
        42          0 1.033333e-01
        42          1 1.023810e-01
        42          2 1.057143e-01
        43          0 1.057143e-01
        43          1 1.047619e-01
        43          2 1.080952e-01
        44          0 1.080952e-01
        44          1 1.071429e-01
        44          2 1.104762e-01
        45          0 1.104762e-01
        45          1 1.095238e-01
        45          2 1.128571e-01
        46          0 1.128571e-01
        46          1 1.119048e-01
        46          2 1.152381e-01
        47          0 1.152381e-01
        47          1 1.142857e-01
        47          2 1.176190e-01
        48          0 1.176190e-01
        48          1 1.166667e-01
        48          2 1.200000e-01
        49          0 1.200000e-01
        49          1 1.190476e-01
        49          2 1.223810e-01
        50          0 1.223810e-01
        50          1 1.214286e-01
        50          2 1.247619e-01
        51          0 1.247619e-01
        51          1 1.238095e-01
        51          2 1.271429e-01
        52          0 1.271429e-01
        52          1 1.261905e-01
        52          2 1.295238e-01
        53          0 1.295238e-01
        53          1 1.285714e-01
        53          2 1.319048e-01
        54          0 1.319048e-01
        54          1 1.309524e-01
        54          2 1.342857e-01
        55          0 1.342857e-01
        55          1 1.333333e-01
        55          2 1.366667e-01
        56          0 1.366667e-01
        56          1 1.357143e-01
        56          2 1.390476e-01
        57          0 1.390476e-01
        57          1 1.380952e-01
        57          2 1.414286e-01
        58          0 1.414286e-01
        58          1 1.404762e-01
        58          2 1.438095e-01
        59          0 1.438095e-01
        59          1 1.428571e-01
        59          2 1.461905e-01
        60          0 1.461905e-01
        60          1 1.452381e-01
        60          2 1.485714e-01
        61          0 1.485714e-01
        61          1 1.476190e-01
        61          2 1.509524e-01
        62          0 1.509524e-01
        62          1 1.500000e-01
        62          2 1.533333e-01
        63          0 1.533333e-01
        63          1 1.523810e-01
        63          2 1.557143e-01
        64          0 1.557143e-01
        64          1 1.547619e-01
        64          2 1.580952e-01
        65          0 1.580952e-01
        65          1 1.571429e-01
        65          2 1.604762e-01
        66          0 1.604762e-01
        66          1 1.595238e-01
        66          2 1.628571e-01
        67          0 1.628571e-01
        67          1 1.619048e-01
        67          2 1.652381e-01
        68          0 1.652381e-01
        68          1 1.642857e-01
        68          2 1.676190e-01
        69          0 1.676190e-01
        69          1 1.666667e-01
        69          2 1.700000e-01
        70          0 1.700000e-01
        70          1 1.690476e-01
        70          2 1.723810e-01
        71          0 1.723810e-01
        71          1 1.714286e-01
        71          2 1.747619e-01
        72          0 1.747619e-01
        72          1 1.738095e-01
        72          2 1.771429e-01
        73          0 1.771429e-01
        73          1 1.761905e-01
        73          2 1.795238e-01
        74          0 1.795238e-01
        74          1 1.785714e-01
        74          2 1.819048e-01
        75          0 1.819048e-01
        75          1 1.809524e-01
        75          2 1.842857e-01
        76          0 1.842857e-01
        76          1 1.833333e-01
        76          2 1.866667e-01
        77          0 1.866667e-01
        77          1 1.857143e-01
        77          2 1.890476e-01
        78          0 1.890476e-01
        78          1 1.880952e-01
        78          2 1.914286e-01
        79          0 1.914286e-01
        79          1 1.904762e-01
        79          2 1.938095e-01
        80          0 1.938095e-01
        80          1 1.928571e-01
        80          2 1.961905e-01
        81          0 1.961905e-01
        81          1 1.952381e-01
        81          2 1.985714e-01
        82          0 1.985714e-01
        82          1 1.976190e-01
        82          2 2.009524e-01
        83          0 2.009524e-01
        83          1 2.000000e-01
        83          2 2.033333e-01
        84          0 2.033333e-01
        84          1 2.023810e-01
        84          2 2.057143e-01
        85          0 2.057143e-01
        85          1 2.047619e-01
        85          2 2.080952e-01
        86          0 2.080952e-01
        86          1 2.071429e-01
        86          2 2.104762e-01
        87          0 2.104762e-01
        87          1 2.095238e-01
        87          2 2.128571e-01
        88          0 2.128571e-01
        88          1 2.119048e-01
        88          2 2.152381e-01
        89          0 2.152381e-01
        89          1 2.142857e-01
        89          2 2.176190e-01
        90          0 2.176190e-01
        90          1 2.166667e-01
        90          2 2.200000e-01
        91          0 2.200000e-01
        91          1 2.190476e-01
        91          2 2.223810e-01
        92          0 2.223810e-01
        92          1 2.214286e-01
        92          2 2.247619e-01
        93          0 2.247619e-01
        93          1 2.238095e-01
        93          2 2.271429e-01
        94          0 2.271429e-01
        94          1 2.261905e-01
        94          2 2.295238e-01
        95          0 2.295238e-01
        95          1 2.285714e-01
        95          2 2.319048e-01
        96          0 2.319048e-01
        96          1 2.309524e-01
        96          2 2.342857e-01
        97          0 2.342857e-01
        97          1 2.333333e-01
        97          2 2.366667e-01
        98          0 2.366667e-01
        98          1 2.357143e-01
        98          2 2.390476e-01
        99          0 2.390476e-01
        99          1 2.380952e-01
        99          2 2.414286e-01
       100          0 2.622381e+00
       100          1 2.621429e+00
       100          2 2.624762e+00
       101          0 3.333333e-03
       101          1 2.380952e-03
       101          2 8.095238e-03
       102          0 5.714286e-03
       102          1 7.142857e-03
       102          2 1.047619e-02
       103          0 8.095238e-03
       103          1 1.190476e-02
       103          2 1.285714e-02
       104          0 1.047619e-02
       104          1 1.666667e-02
       104          2 1.523810e-02
       105          0 1.285714e-02
       105          1 2.142857e-02
       105          2 1.761905e-02
       106          0 1.523810e-02
       106          1 2.619048e-02
       106          2 2.000000e-02
       107          0 1.761905e-02
       107          1 3.095238e-02
       107          2 2.238095e-02
       108          0 2.000000e-02
       108          1 3.571429e-02
       108          2 2.476190e-02
       109          0 2.238095e-02
       109          1 4.047619e-02
       109          2 2.714286e-02
       110          0 2.476190e-02
       110          1 4.523810e-02
       110          2 2.952381e-02
       111          0 2.714286e-02
       111          1 5.000000e-02
       111          2 3.190476e-02
       112          0 2.952381e-02
       112          1 5.476190e-02
       112          2 3.428571e-02
       113          0 3.190476e-02
       113          1 5.952381e-02
       113          2 3.666667e-02
       114          0 3.428571e-02
       114          1 6.428571e-02
       114          2 3.904762e-02
       115          0 3.666667e-02
       115          1 6.904762e-02
       115          2 4.142857e-02
       116          0 3.904762e-02
       116          1 7.380952e-02
       116          2 4.380952e-02
       117          0 4.142857e-02
       117          1 7.857143e-02
       117          2 4.619048e-02
       118          0 4.380952e-02
       118          1 8.333333e-02
       118          2 4.857143e-02
       119          0 4.619048e-02
       119          1 8.809524e-02
       119          2 5.095238e-02
       120          0 4.857143e-02
       120          1 9.285714e-02
       120          2 5.333333e-02
       121          0 5.095238e-02
       121          1 9.761905e-02
       121          2 5.571429e-02
       122          0 5.333333e-02
       122          1 1.023810e-01
       122          2 5.809524e-02
       123          0 5.571429e-02
       123          1 1.071429e-01
       123          2 6.047619e-02
       124          0 5.809524e-02
       124          1 1.119048e-01
       124          2 6.285714e-02
       125          0 6.047619e-02
       125          1 1.166667e-01
       125          2 6.523810e-02
       126          0 6.285714e-02
       126          1 1.214286e-01
       126          2 6.761905e-02
       127          0 6.523810e-02
       127          1 1.261905e-01
       127          2 7.000000e-02
       128          0 6.761905e-02
       128          1 1.309524e-01
       128          2 7.238095e-02
       129          0 7.000000e-02
       129          1 1.357143e-01
       129          2 7.476190e-02
       130          0 7.238095e-02
       130          1 1.404762e-01
       130          2 7.714286e-02
       131          0 7.476190e-02
       131          1 1.452381e-01
       131          2 7.952381e-02
       132          0 7.714286e-02
       132          1 1.500000e-01
       132          2 8.190476e-02
       133          0 7.952381e-02
       133          1 1.547619e-01
       133          2 8.428571e-02
       134          0 8.190476e-02
       134          1 1.595238e-01
       134          2 8.666667e-02
       135          0 8.428571e-02
       135          1 1.642857e-01
       135          2 8.904762e-02
       136          0 8.666667e-02
       136          1 1.690476e-01
       136          2 9.142857e-02
       137          0 8.904762e-02
       137          1 1.738095e-01
       137          2 9.380952e-02
       138          0 9.142857e-02
       138          1 1.785714e-01
       138          2 9.619048e-02
       139          0 9.380952e-02
       139          1 1.833333e-01
       139          2 9.857143e-02
       140          0 9.619048e-02
       140          1 1.880952e-01
       140          2 1.009524e-01
       141          0 9.857143e-02
       141          1 1.928571e-01
       141          2 1.033333e-01
       142          0 1.009524e-01
       142          1 1.976190e-01
       142          2 1.057143e-01
       143          0 1.033333e-01
       143          1 2.023810e-01
       143          2 1.080952e-01
       144          0 1.057143e-01
       144          1 2.071429e-01
       144          2 1.104762e-01
       145          0 1.080952e-01
       145          1 2.119048e-01
       145          2 1.128571e-01
       146          0 1.104762e-01
       146          1 2.166667e-01
       146          2 1.152381e-01
       147          0 1.128571e-01
       147          1 2.214286e-01
       147          2 1.176190e-01
       148          0 1.152381e-01
       148          1 2.261905e-01
       148          2 1.200000e-01
       149          0 1.176190e-01
       149          1 2.309524e-01
       149          2 1.223810e-01
       150          0 1.200000e-01
       150          1 2.357143e-01
       150          2 1.247619e-01
       151          0 1.223810e-01
       151          1 2.404762e-01
       151          2 1.271429e-01
       152          0 1.247619e-01
       152          1 2.452381e-01
       152          2 1.295238e-01
       153          0 1.271429e-01
       153          1 2.500000e-01
       153          2 1.319048e-01
       154          0 1.295238e-01
       154          1 2.547619e-01
       154          2 1.342857e-01
       155          0 1.319048e-01
       155          1 2.595238e-01
       155          2 1.366667e-01
       156          0 1.342857e-01
       156          1 2.642857e-01
       156          2 1.390476e-01
       157          0 1.366667e-01
       157          1 2.690476e-01
       157          2 1.414286e-01
       158          0 1.390476e-01
       158          1 2.738095e-01
       158          2 1.438095e-01
       159          0 1.414286e-01
       159          1 2.785714e-01
       159          2 1.461905e-01
       160          0 1.438095e-01
       160          1 2.833333e-01
       160          2 1.485714e-01
       161          0 1.461905e-01
       161          1 2.880952e-01
       161          2 1.509524e-01
       162          0 1.485714e-01
       162          1 2.928571e-01
       162          2 1.533333e-01
       163          0 1.509524e-01
       163          1 2.976190e-01
       163          2 1.557143e-01
       164          0 1.533333e-01
       164          1 3.023810e-01
       164          2 1.580952e-01
       165          0 1.557143e-01
       165          1 3.071429e-01
       165          2 1.604762e-01
       166          0 1.580952e-01
       166          1 3.119048e-01
       166          2 1.628571e-01
       167          0 1.604762e-01
       167          1 3.166667e-01
       167          2 1.652381e-01
       168          0 1.628571e-01
       168          1 3.214286e-01
       168          2 1.676190e-01
       169          0 1.652381e-01
       169          1 3.261905e-01
       169          2 1.700000e-01
       170          0 1.676190e-01
       170          1 3.309524e-01
       170          2 1.723810e-01
       171          0 1.700000e-01
       171          1 3.357143e-01
       171          2 1.747619e-01
       172          0 1.723810e-01
       172          1 3.404762e-01
       172          2 1.771429e-01
       173          0 1.747619e-01
       173          1 3.452381e-01
       173          2 1.795238e-01
       174          0 1.771429e-01
       174          1 3.500000e-01
       174          2 1.819048e-01
       175          0 1.795238e-01
       175          1 3.547619e-01
       175          2 1.842857e-01
       176          0 1.819048e-01
       176          1 3.595238e-01
       176          2 1.866667e-01
       177          0 1.842857e-01
       177          1 3.642857e-01
       177          2 1.890476e-01
       178          0 1.866667e-01
       178          1 3.690476e-01
       178          2 1.914286e-01
       179          0 1.890476e-01
       179          1 3.738095e-01
       179          2 1.938095e-01
       180          0 1.914286e-01
       180          1 3.785714e-01
       180          2 1.961905e-01
       181          0 1.938095e-01
       181          1 3.833333e-01
       181          2 1.985714e-01
       182          0 1.961905e-01
       182          1 3.880952e-01
       182          2 2.009524e-01
       183          0 1.985714e-01
       183          1 3.928571e-01
       183          2 2.033333e-01
       184          0 2.009524e-01
       184          1 3.976190e-01
       184          2 2.057143e-01
       185          0 2.033333e-01
       185          1 4.023810e-01
       185          2 2.080952e-01
       186          0 2.057143e-01
       186          1 4.071429e-01
       186          2 2.104762e-01
       187          0 2.080952e-01
       187          1 4.119048e-01
       187          2 2.128571e-01
       188          0 2.104762e-01
       188          1 4.166667e-01
       188          2 2.152381e-01
       189          0 2.128571e-01
       189          1 4.214286e-01
       189          2 2.176190e-01
       190          0 2.152381e-01
       190          1 4.261905e-01
       190          2 2.200000e-01
       191          0 2.176190e-01
       191          1 4.309524e-01
       191          2 2.223810e-01
       192          0 2.200000e-01
       192          1 4.357143e-01
       192          2 2.247619e-01
       193          0 2.223810e-01
       193          1 4.404762e-01
       193          2 2.271429e-01
       194          0 2.247619e-01
       194          1 4.452381e-01
       194          2 2.295238e-01
       195          0 2.271429e-01
       195          1 4.500000e-01
       195          2 2.319048e-01
       196          0 2.295238e-01
       196          1 4.547619e-01
       196          2 2.342857e-01
       197          0 2.319048e-01
       197          1 4.595238e-01
       197          2 2.366667e-01
       198          0 2.342857e-01
       198          1 4.642857e-01
       198          2 2.390476e-01
       199          0 2.366667e-01
       199          1 4.690476e-01
       199          2 2.414286e-01
       200          0 2.390476e-01
       200          1 4.738095e-01
       200          2 2.438095e-01
       201          0 2.622381e+00
       201          1 2.623810e+00
       201          2 2.627143e+00
       202          0 5.714286e-03
       202          1 2.380952e-03
       202          2 1.047619e-02
       203          0 8.095238e-03
       203          1 9.523810e-03
       203          2 1.285714e-02
       204          0 1.047619e-02
       204          1 1.666667e-02
       204          2 1.523810e-02
       205          0 1.285714e-02
       205          1 2.380952e-02
       205          2 1.761905e-02
       206          0 1.523810e-02
       206          1 3.095238e-02
       206          2 2.000000e-02
       207          0 1.761905e-02
       207          1 3.809524e-02
       207          2 2.238095e-02
       208          0 2.000000e-02
       208          1 4.523810e-02
       208          2 2.476190e-02
       209          0 2.238095e-02
       209          1 5.238095e-02
       209          2 2.714286e-02
       210          0 2.476190e-02
       210          1 5.952381e-02
       210          2 2.952381e-02
       211          0 2.714286e-02
       211          1 6.666667e-02
       211          2 3.190476e-02
       212          0 2.952381e-02
       212          1 7.380952e-02
       212          2 3.428571e-02
       213          0 3.190476e-02
       213          1 8.095238e-02
       213          2 3.666667e-02
       214          0 3.428571e-02
       214          1 8.809524e-02
       214          2 3.904762e-02
       215          0 3.666667e-02
       215          1 9.523810e-02
       215          2 4.142857e-02
       216          0 3.904762e-02
       216          1 1.023810e-01
       216          2 4.380952e-02
       217          0 4.142857e-02
       217          1 1.095238e-01
       217          2 4.619048e-02
       218          0 4.380952e-02
       218          1 1.166667e-01
       218          2 4.857143e-02
       219          0 4.619048e-02
       219          1 1.238095e-01
       219          2 5.095238e-02
       220          0 4.857143e-02
       220          1 1.309524e-01
       220          2 5.333333e-02
       221          0 5.095238e-02
       221          1 1.380952e-01
       221          2 5.571429e-02
       222          0 5.333333e-02
       222          1 1.452381e-01
       222          2 5.809524e-02
       223          0 5.571429e-02
       223          1 1.523810e-01
       223          2 6.047619e-02
       224          0 5.809524e-02
       224          1 1.595238e-01
       224          2 6.285714e-02
       225          0 6.047619e-02
       225          1 1.666667e-01
       225          2 6.523810e-02
       226          0 6.285714e-02
       226          1 1.738095e-01
       226          2 6.761905e-02
       227          0 6.523810e-02
       227          1 1.809524e-01
       227          2 7.000000e-02
       228          0 6.761905e-02
       228          1 1.880952e-01
       228          2 7.238095e-02
       229          0 7.000000e-02
       229          1 1.952381e-01
       229          2 7.476190e-02
       230          0 7.238095e-02
       230          1 2.023810e-01
       230          2 7.714286e-02
       231          0 7.476190e-02
       231          1 2.095238e-01
       231          2 7.952381e-02
       232          0 7.714286e-02
       232          1 2.166667e-01
       232          2 8.190476e-02
       233          0 7.952381e-02
       233          1 2.238095e-01
       233          2 8.428571e-02
       234          0 8.190476e-02
       234          1 2.309524e-01
       234          2 8.666667e-02
       235          0 8.428571e-02
       235          1 2.380952e-01
       235          2 8.904762e-02
       236          0 8.666667e-02
       236          1 2.452381e-01
       236          2 9.142857e-02
       237          0 8.904762e-02
       237          1 2.523810e-01
       237          2 9.380952e-02
       238          0 9.142857e-02
       238          1 2.595238e-01
       238          2 9.619048e-02
       239          0 9.380952e-02
       239          1 2.666667e-01
       239          2 9.857143e-02
       240          0 9.619048e-02
       240          1 2.738095e-01
       240          2 1.009524e-01
       241          0 9.857143e-02
       241          1 2.809524e-01
       241          2 1.033333e-01
       242          0 1.009524e-01
       242          1 2.880952e-01
       242          2 1.057143e-01
       243          0 1.033333e-01
       243          1 2.952381e-01
       243          2 1.080952e-01
       244          0 1.057143e-01
       244          1 3.023810e-01
       244          2 1.104762e-01
       245          0 1.080952e-01
       245          1 3.095238e-01
       245          2 1.128571e-01
       246          0 1.104762e-01
       246          1 3.166667e-01
       246          2 1.152381e-01
       247          0 1.128571e-01
       247          1 3.238095e-01
       247          2 1.176190e-01
       248          0 1.152381e-01
       248          1 3.309524e-01
       248          2 1.200000e-01
       249          0 1.176190e-01
       249          1 3.380952e-01
       249          2 1.223810e-01
       250          0 1.200000e-01
       250          1 3.452381e-01
       250          2 1.247619e-01
       251          0 1.223810e-01
       251          1 3.523810e-01
       251          2 1.271429e-01
       252          0 1.247619e-01
       252          1 3.595238e-01
       252          2 1.295238e-01
       253          0 1.271429e-01
       253          1 3.666667e-01
       253          2 1.319048e-01
       254          0 1.295238e-01
       254          1 3.738095e-01
       254          2 1.342857e-01
       255          0 1.319048e-01
       255          1 3.809524e-01
       255          2 1.366667e-01
       256          0 1.342857e-01
       256          1 3.880952e-01
       256          2 1.390476e-01
       257          0 1.366667e-01
       257          1 3.952381e-01
       257          2 1.414286e-01
       258          0 1.390476e-01
       258          1 4.023810e-01
       258          2 1.438095e-01
       259          0 1.414286e-01
       259          1 4.095238e-01
       259          2 1.461905e-01
       260          0 1.438095e-01
       260          1 4.166667e-01
       260          2 1.485714e-01
       261          0 1.461905e-01
       261          1 4.238095e-01
       261          2 1.509524e-01
       262          0 1.485714e-01
       262          1 4.309524e-01
       262          2 1.533333e-01
       263          0 1.509524e-01
       263          1 4.380952e-01
       263          2 1.557143e-01
       264          0 1.533333e-01
       264          1 4.452381e-01
       264          2 1.580952e-01
       265          0 1.557143e-01
       265          1 4.523810e-01
       265          2 1.604762e-01
       266          0 1.580952e-01
       266          1 4.595238e-01
       266          2 1.628571e-01
       267          0 1.604762e-01
       267          1 4.666667e-01
       267          2 1.652381e-01
       268          0 1.628571e-01
       268          1 4.738095e-01
       268          2 1.676190e-01
       269          0 1.652381e-01
       269          1 4.809524e-01
       269          2 1.700000e-01
       270          0 1.676190e-01
       270          1 4.880952e-01
       270          2 1.723810e-01
       271          0 1.700000e-01
       271          1 4.952381e-01
       271          2 1.747619e-01
       272          0 1.723810e-01
       272          1 5.023810e-01
       272          2 1.771429e-01
       273          0 1.747619e-01
       273          1 5.095238e-01
       273          2 1.795238e-01
       274          0 1.771429e-01
       274          1 5.166667e-01
       274          2 1.819048e-01
       275          0 1.795238e-01
       275          1 5.238095e-01
       275          2 1.842857e-01
       276          0 1.819048e-01
       276          1 5.309524e-01
       276          2 1.866667e-01
       277          0 1.842857e-01
       277          1 5.380952e-01
       277          2 1.890476e-01
       278          0 1.866667e-01
       278          1 5.452381e-01
       278          2 1.914286e-01
       279          0 1.890476e-01
       279          1 5.523810e-01
       279          2 1.938095e-01
       280          0 1.914286e-01
       280          1 5.595238e-01
       280          2 1.961905e-01
       281          0 1.938095e-01
       281          1 5.666667e-01
       281          2 1.985714e-01
       282          0 1.961905e-01
       282          1 5.738095e-01
       282          2 2.009524e-01
       283          0 1.985714e-01
       283          1 5.809524e-01
       283          2 2.033333e-01
       284          0 2.009524e-01
       284          1 5.880952e-01
       284          2 2.057143e-01
       285          0 2.033333e-01
       285          1 5.952381e-01
       285          2 2.080952e-01
       286          0 2.057143e-01
       286          1 6.023810e-01
       286          2 2.104762e-01
       287          0 2.080952e-01
       287          1 6.095238e-01
       287          2 2.128571e-01
       288          0 2.104762e-01
       288          1 6.166667e-01
       288          2 2.152381e-01
       289          0 2.128571e-01
       289          1 6.238095e-01
       289          2 2.176190e-01
       290          0 2.152381e-01
       290          1 6.309524e-01
       290          2 2.200000e-01
       291          0 2.176190e-01
       291          1 6.380952e-01
       291          2 2.223810e-01
       292          0 2.200000e-01
       292          1 6.452381e-01
       292          2 2.247619e-01
       293          0 2.223810e-01
       293          1 6.523810e-01
       293          2 2.271429e-01
       294          0 2.247619e-01
       294          1 6.595238e-01
       294          2 2.295238e-01
       295          0 2.271429e-01
       295          1 6.666667e-01
       295          2 2.319048e-01
       296          0 2.295238e-01
       296          1 6.738095e-01
       296          2 2.342857e-01
       297          0 2.319048e-01
       297          1 6.809524e-01
       297          2 2.366667e-01
       298          0 2.342857e-01
       298          1 6.880952e-01
       298          2 2.390476e-01
       299          0 2.366667e-01
       299          1 6.952381e-01
       299          2 2.414286e-01
       300          0 2.390476e-01
       300          1 7.023810e-01
       300          2 2.438095e-01
       301          0 2.414286e-01
       301          1 7.095238e-01
       301          2 2.461905e-01
       302          0 2.624762e+00
       302          1 2.626190e+00
       302          2 2.629524e+00
       303          0 8.095238e-03
       303          1 2.380952e-03
       303          2 1.285714e-02
       304          0 1.047619e-02
       304          1 1.190476e-02
       304          2 1.523810e-02
       305          0 1.285714e-02
       305          1 2.142857e-02
       305          2 1.761905e-02
       306          0 1.523810e-02
       306          1 3.095238e-02
       306          2 2.000000e-02
       307          0 1.761905e-02
       307          1 4.047619e-02
       307          2 2.238095e-02
       308          0 2.000000e-02
       308          1 5.000000e-02
       308          2 2.476190e-02
       309          0 2.238095e-02
       309          1 5.952381e-02
       309          2 2.714286e-02
       310          0 2.476190e-02
       310          1 6.904762e-02
       310          2 2.952381e-02
       311          0 2.714286e-02
       311          1 7.857143e-02
       311          2 3.190476e-02
       312          0 2.952381e-02
       312          1 8.809524e-02
       312          2 3.428571e-02
       313          0 3.190476e-02
       313          1 9.761905e-02
       313          2 3.666667e-02
       314          0 3.428571e-02
       314          1 1.071429e-01
       314          2 3.904762e-02
       315          0 3.666667e-02
       315          1 1.166667e-01
       315          2 4.142857e-02
       316          0 3.904762e-02
       316          1 1.261905e-01
       316          2 4.380952e-02
       317          0 4.142857e-02
       317          1 1.357143e-01
       317          2 4.619048e-02
       318          0 4.380952e-02
       318          1 1.452381e-01
       318          2 4.857143e-02
       319          0 4.619048e-02
       319          1 1.547619e-01
       319          2 5.095238e-02
       320          0 4.857143e-02
       320          1 1.642857e-01
       320          2 5.333333e-02
       321          0 5.095238e-02
       321          1 1.738095e-01
       321          2 5.571429e-02
       322          0 5.333333e-02
       322          1 1.833333e-01
       322          2 5.809524e-02
       323          0 5.571429e-02
       323          1 1.928571e-01
       323          2 6.047619e-02
       324          0 5.809524e-02
       324          1 2.023810e-01
       324          2 6.285714e-02
       325          0 6.047619e-02
       325          1 2.119048e-01
       325          2 6.523810e-02
       326          0 6.285714e-02
       326          1 2.214286e-01
       326          2 6.761905e-02
       327          0 6.523810e-02
       327          1 2.309524e-01
       327          2 7.000000e-02
       328          0 6.761905e-02
       328          1 2.404762e-01
       328          2 7.238095e-02
       329          0 7.000000e-02
       329          1 2.500000e-01
       329          2 7.476190e-02
       330          0 7.238095e-02
       330          1 2.595238e-01
       330          2 7.714286e-02
       331          0 7.476190e-02
       331          1 2.690476e-01
       331          2 7.952381e-02
       332          0 7.714286e-02
       332          1 2.785714e-01
       332          2 8.190476e-02
       333          0 7.952381e-02
       333          1 2.880952e-01
       333          2 8.428571e-02
       334          0 8.190476e-02
       334          1 2.976190e-01
       334          2 8.666667e-02
       335          0 8.428571e-02
       335          1 3.071429e-01
       335          2 8.904762e-02
       336          0 8.666667e-02
       336          1 3.166667e-01
       336          2 9.142857e-02
       337          0 8.904762e-02
       337          1 3.261905e-01
       337          2 9.380952e-02
       338          0 9.142857e-02
       338          1 3.357143e-01
       338          2 9.619048e-02
       339          0 9.380952e-02
       339          1 3.452381e-01
       339          2 9.857143e-02
       340          0 9.619048e-02
       340          1 3.547619e-01
       340          2 1.009524e-01
       341          0 9.857143e-02
       341          1 3.642857e-01
       341          2 1.033333e-01
       342          0 1.009524e-01
       342          1 3.738095e-01
       342          2 1.057143e-01
       343          0 1.033333e-01
       343          1 3.833333e-01
       343          2 1.080952e-01
       344          0 1.057143e-01
       344          1 3.928571e-01
       344          2 1.104762e-01
       345          0 1.080952e-01
       345          1 4.023810e-01
       345          2 1.128571e-01
       346          0 1.104762e-01
       346          1 4.119048e-01
       346          2 1.152381e-01
       347          0 1.128571e-01
       347          1 4.214286e-01
       347          2 1.176190e-01
       348          0 1.152381e-01
       348          1 4.309524e-01
       348          2 1.200000e-01
       349          0 1.176190e-01
       349          1 4.404762e-01
       349          2 1.223810e-01
       350          0 1.200000e-01
       350          1 4.500000e-01
       350          2 1.247619e-01
       351          0 1.223810e-01
       351          1 4.595238e-01
       351          2 1.271429e-01
       352          0 1.247619e-01
       352          1 4.690476e-01
       352          2 1.295238e-01
       353          0 1.271429e-01
       353          1 4.785714e-01
       353          2 1.319048e-01
       354          0 1.295238e-01
       354          1 4.880952e-01
       354          2 1.342857e-01
       355          0 1.319048e-01
       355          1 4.976190e-01
       355          2 1.366667e-01
       356          0 1.342857e-01
       356          1 5.071429e-01
       356          2 1.390476e-01
       357          0 1.366667e-01
       357          1 5.166667e-01
       357          2 1.414286e-01
       358          0 1.390476e-01
       358          1 5.261905e-01
       358          2 1.438095e-01
       359          0 1.414286e-01
       359          1 5.357143e-01
       359          2 1.461905e-01
       360          0 1.438095e-01
       360          1 5.452381e-01
       360          2 1.485714e-01
       361          0 1.461905e-01
       361          1 5.547619e-01
       361          2 1.509524e-01
       362          0 1.485714e-01
       362          1 5.642857e-01
       362          2 1.533333e-01
       363          0 1.509524e-01
       363          1 5.738095e-01
       363          2 1.557143e-01
       364          0 1.533333e-01
       364          1 5.833333e-01
       364          2 1.580952e-01
       365          0 1.557143e-01
       365          1 5.928571e-01
       365          2 1.604762e-01
       366          0 1.580952e-01
       366          1 6.023810e-01
       366          2 1.628571e-01
       367          0 1.604762e-01
       367          1 6.119048e-01
       367          2 1.652381e-01
       368          0 1.628571e-01
       368          1 6.214286e-01
       368          2 1.676190e-01
       369          0 1.652381e-01
       369          1 6.309524e-01
       369          2 1.700000e-01
       370          0 1.676190e-01
       370          1 6.404762e-01
       370          2 1.723810e-01
       371          0 1.700000e-01
       371          1 6.500000e-01
       371          2 1.747619e-01
       372          0 1.723810e-01
       372          1 6.595238e-01
       372          2 1.771429e-01
       373          0 1.747619e-01
       373          1 6.690476e-01
       373          2 1.795238e-01
       374          0 1.771429e-01
       374          1 6.785714e-01
       374          2 1.819048e-01
       375          0 1.795238e-01
       375          1 6.880952e-01
       375          2 1.842857e-01
       376          0 1.819048e-01
       376          1 6.976190e-01
       376          2 1.866667e-01
       377          0 1.842857e-01
       377          1 7.071429e-01
       377          2 1.890476e-01
       378          0 1.866667e-01
       378          1 7.166667e-01
       378          2 1.914286e-01
       379          0 1.890476e-01
       379          1 7.261905e-01
       379          2 1.938095e-01
       380          0 1.914286e-01
       380          1 7.357143e-01
       380          2 1.961905e-01
       381          0 1.938095e-01
       381          1 7.452381e-01
       381          2 1.985714e-01
       382          0 1.961905e-01
       382          1 7.547619e-01
       382          2 2.009524e-01
       383          0 1.985714e-01
       383          1 7.642857e-01
       383          2 2.033333e-01
       384          0 2.009524e-01
       384          1 7.738095e-01
       384          2 2.057143e-01
       385          0 2.033333e-01
       385          1 7.833333e-01
       385          2 2.080952e-01
       386          0 2.057143e-01
       386          1 7.928571e-01
       386          2 2.104762e-01
       387          0 2.080952e-01
       387          1 8.023810e-01
       387          2 2.128571e-01
       388          0 2.104762e-01
       388          1 8.119048e-01
       388          2 2.152381e-01
       389          0 2.128571e-01
       389          1 8.214286e-01
       389          2 2.176190e-01
       390          0 2.152381e-01
       390          1 8.309524e-01
       390          2 2.200000e-01
       391          0 2.176190e-01
       391          1 8.404762e-01
       391          2 2.223810e-01
       392          0 2.200000e-01
       392          1 8.500000e-01
       392          2 2.247619e-01
       393          0 2.223810e-01
       393          1 8.595238e-01
       393          2 2.271429e-01
       394          0 2.247619e-01
       394          1 8.690476e-01
       394          2 2.295238e-01
       395          0 2.271429e-01
       395          1 8.785714e-01
       395          2 2.319048e-01
       396          0 2.295238e-01
       396          1 8.880952e-01
       396          2 2.342857e-01
       397          0 2.319048e-01
       397          1 8.976190e-01
       397          2 2.366667e-01
       398          0 2.342857e-01
       398          1 9.071429e-01
       398          2 2.390476e-01
       399          0 2.366667e-01
       399          1 9.166667e-01
       399          2 2.414286e-01
       400          0 2.390476e-01
       400          1 9.261905e-01
       400          2 2.438095e-01
       401          0 2.414286e-01
       401          1 9.357143e-01
       401          2 2.461905e-01
       402          0 2.438095e-01
       402          1 9.452381e-01
       402          2 2.485714e-01
       403          0 2.627143e+00
       403          1 2.628571e+00
       403          2 2.631905e+00
       404          0 1.047619e-02
       404          1 2.380952e-03
       404          2 1.523810e-02
       405          0 1.285714e-02
       405          1 1.428571e-02
       405          2 1.761905e-02
       406          0 1.523810e-02
       406          1 2.619048e-02
       406          2 2.000000e-02
       407          0 1.761905e-02
       407          1 3.809524e-02
       407          2 2.238095e-02
       408          0 2.000000e-02
       408          1 5.000000e-02
       408          2 2.476190e-02
       409          0 2.238095e-02
       409          1 6.190476e-02
       409          2 2.714286e-02
       410          0 2.476190e-02
       410          1 7.380952e-02
       410          2 2.952381e-02
       411          0 2.714286e-02
       411          1 8.571429e-02
       411          2 3.190476e-02
       412          0 2.952381e-02
       412          1 9.761905e-02
       412          2 3.428571e-02
       413          0 3.190476e-02
       413          1 1.095238e-01
       413          2 3.666667e-02
       414          0 3.428571e-02
       414          1 1.214286e-01
       414          2 3.904762e-02
       415          0 3.666667e-02
       415          1 1.333333e-01
       415          2 4.142857e-02
       416          0 3.904762e-02
       416          1 1.452381e-01
       416          2 4.380952e-02
       417          0 4.142857e-02
       417          1 1.571429e-01
       417          2 4.619048e-02
       418          0 4.380952e-02
       418          1 1.690476e-01
       418          2 4.857143e-02
       419          0 4.619048e-02
       419          1 1.809524e-01
       419          2 5.095238e-02
       420          0 4.857143e-02
       420          1 1.928571e-01
       420          2 5.333333e-02
       421          0 5.095238e-02
       421          1 2.047619e-01
       421          2 5.571429e-02
       422          0 5.333333e-02
       422          1 2.166667e-01
       422          2 5.809524e-02
       423          0 5.571429e-02
       423          1 2.285714e-01
       423          2 6.047619e-02
       424          0 5.809524e-02
       424          1 2.404762e-01
       424          2 6.285714e-02
       425          0 6.047619e-02
       425          1 2.523810e-01
       425          2 6.523810e-02
       426          0 6.285714e-02
       426          1 2.642857e-01
       426          2 6.761905e-02
       427          0 6.523810e-02
       427          1 2.761905e-01
       427          2 7.000000e-02
       428          0 6.761905e-02
       428          1 2.880952e-01
       428          2 7.238095e-02
       429          0 7.000000e-02
       429          1 3.000000e-01
       429          2 7.476190e-02
       430          0 7.238095e-02
       430          1 3.119048e-01
       430          2 7.714286e-02
       431          0 7.476190e-02
       431          1 3.238095e-01
       431          2 7.952381e-02
       432          0 7.714286e-02
       432          1 3.357143e-01
       432          2 8.190476e-02
       433          0 7.952381e-02
       433          1 3.476190e-01
       433          2 8.428571e-02
       434          0 8.190476e-02
       434          1 3.595238e-01
       434          2 8.666667e-02
       435          0 8.428571e-02
       435          1 3.714286e-01
       435          2 8.904762e-02
       436          0 8.666667e-02
       436          1 3.833333e-01
       436          2 9.142857e-02
       437          0 8.904762e-02
       437          1 3.952381e-01
       437          2 9.380952e-02
       438          0 9.142857e-02
       438          1 4.071429e-01
       438          2 9.619048e-02
       439          0 9.380952e-02
       439          1 4.190476e-01
       439          2 9.857143e-02
       440          0 9.619048e-02
       440          1 4.309524e-01
       440          2 1.009524e-01
       441          0 9.857143e-02
       441          1 4.428571e-01
       441          2 1.033333e-01
       442          0 1.009524e-01
       442          1 4.547619e-01
       442          2 1.057143e-01
       443          0 1.033333e-01
       443          1 4.666667e-01
       443          2 1.080952e-01
       444          0 1.057143e-01
       444          1 4.785714e-01
       444          2 1.104762e-01
       445          0 1.080952e-01
       445          1 4.904762e-01
       445          2 1.128571e-01
       446          0 1.104762e-01
       446          1 5.023810e-01
       446          2 1.152381e-01
       447          0 1.128571e-01
       447          1 5.142857e-01
       447          2 1.176190e-01
       448          0 1.152381e-01
       448          1 5.261905e-01
       448          2 1.200000e-01
       449          0 1.176190e-01
       449          1 5.380952e-01
       449          2 1.223810e-01
       450          0 1.200000e-01
       450          1 5.500000e-01
       450          2 1.247619e-01
       451          0 1.223810e-01
       451          1 5.619048e-01
       451          2 1.271429e-01
       452          0 1.247619e-01
       452          1 5.738095e-01
       452          2 1.295238e-01
       453          0 1.271429e-01
       453          1 5.857143e-01
       453          2 1.319048e-01
       454          0 1.295238e-01
       454          1 5.976190e-01
       454          2 1.342857e-01
       455          0 1.319048e-01
       455          1 6.095238e-01
       455          2 1.366667e-01
       456          0 1.342857e-01
       456          1 6.214286e-01
       456          2 1.390476e-01
       457          0 1.366667e-01
       457          1 6.333333e-01
       457          2 1.414286e-01
       458          0 1.390476e-01
       458          1 6.452381e-01
       458          2 1.438095e-01
       459          0 1.414286e-01
       459          1 6.571429e-01
       459          2 1.461905e-01
       460          0 1.438095e-01
       460          1 6.690476e-01
       460          2 1.485714e-01
       461          0 1.461905e-01
       461          1 6.809524e-01
       461          2 1.509524e-01
       462          0 1.485714e-01
       462          1 6.928571e-01
       462          2 1.533333e-01
       463          0 1.509524e-01
       463          1 7.047619e-01
       463          2 1.557143e-01
       464          0 1.533333e-01
       464          1 7.166667e-01
       464          2 1.580952e-01
       465          0 1.557143e-01
       465          1 7.285714e-01
       465          2 1.604762e-01
       466          0 1.580952e-01
       466          1 7.404762e-01
       466          2 1.628571e-01
       467          0 1.604762e-01
       467          1 7.523810e-01
       467          2 1.652381e-01
       468          0 1.628571e-01
       468          1 7.642857e-01
       468          2 1.676190e-01
       469          0 1.652381e-01
       469          1 7.761905e-01
       469          2 1.700000e-01
       470          0 1.676190e-01
       470          1 7.880952e-01
       470          2 1.723810e-01
       471          0 1.700000e-01
       471          1 8.000000e-01
       471          2 1.747619e-01
       472          0 1.723810e-01
       472          1 8.119048e-01
       472          2 1.771429e-01
       473          0 1.747619e-01
       473          1 8.238095e-01
       473          2 1.795238e-01
       474          0 1.771429e-01
       474          1 8.357143e-01
       474          2 1.819048e-01
       475          0 1.795238e-01
       475          1 8.476190e-01
       475          2 1.842857e-01
       476          0 1.819048e-01
       476          1 8.595238e-01
       476          2 1.866667e-01
       477          0 1.842857e-01
       477          1 8.714286e-01
       477          2 1.890476e-01
       478          0 1.866667e-01
       478          1 8.833333e-01
       478          2 1.914286e-01
       479          0 1.890476e-01
       479          1 8.952381e-01
       479          2 1.938095e-01
       480          0 1.914286e-01
       480          1 9.071429e-01
       480          2 1.961905e-01
       481          0 1.938095e-01
       481          1 9.190476e-01
       481          2 1.985714e-01
       482          0 1.961905e-01
       482          1 9.309524e-01
       482          2 2.009524e-01
       483          0 1.985714e-01
       483          1 9.428571e-01
       483          2 2.033333e-01
       484          0 2.009524e-01
       484          1 9.547619e-01
       484          2 2.057143e-01
       485          0 2.033333e-01
       485          1 9.666667e-01
       485          2 2.080952e-01
       486          0 2.057143e-01
       486          1 9.785714e-01
       486          2 2.104762e-01
       487          0 2.080952e-01
       487          1 9.904762e-01
       487          2 2.128571e-01
       488          0 2.104762e-01
       488          1 1.002381e+00
       488          2 2.152381e-01
       489          0 2.128571e-01
       489          1 1.014286e+00
       489          2 2.176190e-01
       490          0 2.152381e-01
       490          1 1.026190e+00
       490          2 2.200000e-01
       491          0 2.176190e-01
       491          1 1.038095e+00
       491          2 2.223810e-01
       492          0 2.200000e-01
       492          1 1.050000e+00
       492          2 2.247619e-01
       493          0 2.223810e-01
       493          1 1.061905e+00
       493          2 2.271429e-01
       494          0 2.247619e-01
       494          1 1.073810e+00
       494          2 2.295238e-01
       495          0 2.271429e-01
       495          1 1.085714e+00
       495          2 2.319048e-01
       496          0 2.295238e-01
       496          1 1.097619e+00
       496          2 2.342857e-01
       497          0 2.319048e-01
       497          1 1.109524e+00
       497          2 2.366667e-01
       498          0 2.342857e-01
       498          1 1.121429e+00
       498          2 2.390476e-01
       499          0 2.366667e-01
       499          1 1.133333e+00
       499          2 2.414286e-01
       500          0 2.390476e-01
       500          1 1.145238e+00
       500          2 2.438095e-01
       501          0 2.414286e-01
       501          1 1.157143e+00
       501          2 2.461905e-01
       502          0 2.438095e-01
       502          1 1.169048e+00
       502          2 2.485714e-01
       503          0 2.461905e-01
       503          1 1.180952e+00
       503          2 2.509524e-01
       504          0 2.629524e+00
       504          1 2.630952e+00
       504          2 2.634286e+00
       505          0 1.285714e-02
       505          1 2.380952e-03
       505          2 1.761905e-02
       506          0 1.523810e-02
       506          1 1.666667e-02
       506          2 2.000000e-02
       507          0 1.761905e-02
       507          1 3.095238e-02
       507          2 2.238095e-02
       508          0 2.000000e-02
       508          1 4.523810e-02
       508          2 2.476190e-02
       509          0 2.238095e-02
       509          1 5.952381e-02
       509          2 2.714286e-02
       510          0 2.476190e-02
       510          1 7.380952e-02
       510          2 2.952381e-02
       511          0 2.714286e-02
       511          1 8.809524e-02
       511          2 3.190476e-02
       512          0 2.952381e-02
       512          1 1.023810e-01
       512          2 3.428571e-02
       513          0 3.190476e-02
       513          1 1.166667e-01
       513          2 3.666667e-02
       514          0 3.428571e-02
       514          1 1.309524e-01
       514          2 3.904762e-02
       515          0 3.666667e-02
       515          1 1.452381e-01
       515          2 4.142857e-02
       516          0 3.904762e-02
       516          1 1.595238e-01
       516          2 4.380952e-02
       517          0 4.142857e-02
       517          1 1.738095e-01
       517          2 4.619048e-02
       518          0 4.380952e-02
       518          1 1.880952e-01
       518          2 4.857143e-02
       519          0 4.619048e-02
       519          1 2.023810e-01
       519          2 5.095238e-02
       520          0 4.857143e-02
       520          1 2.166667e-01
       520          2 5.333333e-02
       521          0 5.095238e-02
       521          1 2.309524e-01
       521          2 5.571429e-02
       522          0 5.333333e-02
       522          1 2.452381e-01
       522          2 5.809524e-02
       523          0 5.571429e-02
       523          1 2.595238e-01
       523          2 6.047619e-02
       524          0 5.809524e-02
       524          1 2.738095e-01
       524          2 6.285714e-02
       525          0 6.047619e-02
       525          1 2.880952e-01
       525          2 6.523810e-02
       526          0 6.285714e-02
       526          1 3.023810e-01
       526          2 6.761905e-02
       527          0 6.523810e-02
       527          1 3.166667e-01
       527          2 7.000000e-02
       528          0 6.761905e-02
       528          1 3.309524e-01
       528          2 7.238095e-02
       529          0 7.000000e-02
       529          1 3.452381e-01
       529          2 7.476190e-02
       530          0 7.238095e-02
       530          1 3.595238e-01
       530          2 7.714286e-02
       531          0 7.476190e-02
       531          1 3.738095e-01
       531          2 7.952381e-02
       532          0 7.714286e-02
       532          1 3.880952e-01
       532          2 8.190476e-02
       533          0 7.952381e-02
       533          1 4.023810e-01
       533          2 8.428571e-02
       534          0 8.190476e-02
       534          1 4.166667e-01
       534          2 8.666667e-02
       535          0 8.428571e-02
       535          1 4.309524e-01
       535          2 8.904762e-02
       536          0 8.666667e-02
       536          1 4.452381e-01
       536          2 9.142857e-02
       537          0 8.904762e-02
       537          1 4.595238e-01
       537          2 9.380952e-02
       538          0 9.142857e-02
       538          1 4.738095e-01
       538          2 9.619048e-02
       539          0 9.380952e-02
       539          1 4.880952e-01
       539          2 9.857143e-02
       540          0 9.619048e-02
       540          1 5.023810e-01
       540          2 1.009524e-01
       541          0 9.857143e-02
       541          1 5.166667e-01
       541          2 1.033333e-01
       542          0 1.009524e-01
       542          1 5.309524e-01
       542          2 1.057143e-01
       543          0 1.033333e-01
       543          1 5.452381e-01
       543          2 1.080952e-01
       544          0 1.057143e-01
       544          1 5.595238e-01
       544          2 1.104762e-01
       545          0 1.080952e-01
       545          1 5.738095e-01
       545          2 1.128571e-01
       546          0 1.104762e-01
       546          1 5.880952e-01
       546          2 1.152381e-01
       547          0 1.128571e-01
       547          1 6.023810e-01
       547          2 1.176190e-01
       548          0 1.152381e-01
       548          1 6.166667e-01
       548          2 1.200000e-01
       549          0 1.176190e-01
       549          1 6.309524e-01
       549          2 1.223810e-01
       550          0 1.200000e-01
       550          1 6.452381e-01
       550          2 1.247619e-01
       551          0 1.223810e-01
       551          1 6.595238e-01
       551          2 1.271429e-01
       552          0 1.247619e-01
       552          1 6.738095e-01
       552          2 1.295238e-01
       553          0 1.271429e-01
       553          1 6.880952e-01
       553          2 1.319048e-01
       554          0 1.295238e-01
       554          1 7.023810e-01
       554          2 1.342857e-01
       555          0 1.319048e-01
       555          1 7.166667e-01
       555          2 1.366667e-01
       556          0 1.342857e-01
       556          1 7.309524e-01
       556          2 1.390476e-01
       557          0 1.366667e-01
       557          1 7.452381e-01
       557          2 1.414286e-01
       558          0 1.390476e-01
       558          1 7.595238e-01
       558          2 1.438095e-01
       559          0 1.414286e-01
       559          1 7.738095e-01
       559          2 1.461905e-01
       560          0 1.438095e-01
       560          1 7.880952e-01
       560          2 1.485714e-01
       561          0 1.461905e-01
       561          1 8.023810e-01
       561          2 1.509524e-01
       562          0 1.485714e-01
       562          1 8.166667e-01
       562          2 1.533333e-01
       563          0 1.509524e-01
       563          1 8.309524e-01
       563          2 1.557143e-01
       564          0 1.533333e-01
       564          1 8.452381e-01
       564          2 1.580952e-01
       565          0 1.557143e-01
       565          1 8.595238e-01
       565          2 1.604762e-01
       566          0 1.580952e-01
       566          1 8.738095e-01
       566          2 1.628571e-01
       567          0 1.604762e-01
       567          1 8.880952e-01
       567          2 1.652381e-01
       568          0 1.628571e-01
       568          1 9.023810e-01
       568          2 1.676190e-01
       569          0 1.652381e-01
       569          1 9.166667e-01
       569          2 1.700000e-01
       570          0 1.676190e-01
       570          1 9.309524e-01
       570          2 1.723810e-01
       571          0 1.700000e-01
       571          1 9.452381e-01
       571          2 1.747619e-01
       572          0 1.723810e-01
       572          1 9.595238e-01
       572          2 1.771429e-01
       573          0 1.747619e-01
       573          1 9.738095e-01
       573          2 1.795238e-01
       574          0 1.771429e-01
       574          1 9.880952e-01
       574          2 1.819048e-01
       575          0 1.795238e-01
       575          1 1.002381e+00
       575          2 1.842857e-01
       576          0 1.819048e-01
       576          1 1.016667e+00
       576          2 1.866667e-01
       577          0 1.842857e-01
       577          1 1.030952e+00
       577          2 1.890476e-01
       578          0 1.866667e-01
       578          1 1.045238e+00
       578          2 1.914286e-01
       579          0 1.890476e-01
       579          1 1.059524e+00
       579          2 1.938095e-01
       580          0 1.914286e-01
       580          1 1.073810e+00
       580          2 1.961905e-01
       581          0 1.938095e-01
       581          1 1.088095e+00
       581          2 1.985714e-01
       582          0 1.961905e-01
       582          1 1.102381e+00
       582          2 2.009524e-01
       583          0 1.985714e-01
       583          1 1.116667e+00
       583          2 2.033333e-01
       584          0 2.009524e-01
       584          1 1.130952e+00
       584          2 2.057143e-01
       585          0 2.033333e-01
       585          1 1.145238e+00
       585          2 2.080952e-01
       586          0 2.057143e-01
       586          1 1.159524e+00
       586          2 2.104762e-01
       587          0 2.080952e-01
       587          1 1.173810e+00
       587          2 2.128571e-01
       588          0 2.104762e-01
       588          1 1.188095e+00
       588          2 2.152381e-01
       589          0 2.128571e-01
       589          1 1.202381e+00
       589          2 2.176190e-01
       590          0 2.152381e-01
       590          1 1.216667e+00
       590          2 2.200000e-01
       591          0 2.176190e-01
       591          1 1.230952e+00
       591          2 2.223810e-01
       592          0 2.200000e-01
       592          1 1.245238e+00
       592          2 2.247619e-01
       593          0 2.223810e-01
       593          1 1.259524e+00
       593          2 2.271429e-01
       594          0 2.247619e-01
       594          1 1.273810e+00
       594          2 2.295238e-01
       595          0 2.271429e-01
       595          1 1.288095e+00
       595          2 2.319048e-01
       596          0 2.295238e-01
       596          1 1.302381e+00
       596          2 2.342857e-01
       597          0 2.319048e-01
       597          1 1.316667e+00
       597          2 2.366667e-01
       598          0 2.342857e-01
       598          1 1.330952e+00
       598          2 2.390476e-01
       599          0 2.366667e-01
       599          1 1.345238e+00
       599          2 2.414286e-01
       600          0 2.390476e-01
       600          1 1.359524e+00
       600          2 2.438095e-01
       601          0 2.414286e-01
       601          1 1.373810e+00
       601          2 2.461905e-01
       602          0 2.438095e-01
       602          1 1.388095e+00
       602          2 2.485714e-01
       603          0 2.461905e-01
       603          1 1.402381e+00
       603          2 2.509524e-01
       604          0 2.485714e-01
       604          1 1.416667e+00
       604          2 2.533333e-01
       605          0 2.631905e+00
       605          1 2.633333e+00
       605          2 2.636667e+00
       606          0 1.523810e-02
       606          1 2.380952e-03
       606          2 2.000000e-02
       607          0 1.761905e-02
       607          1 1.904762e-02
       607          2 2.238095e-02
       608          0 2.000000e-02
       608          1 3.571429e-02
       608          2 2.476190e-02
       609          0 2.238095e-02
       609          1 5.238095e-02
       609          2 2.714286e-02
       610          0 2.476190e-02
       610          1 6.904762e-02
       610          2 2.952381e-02
       611          0 2.714286e-02
       611          1 8.571429e-02
       611          2 3.190476e-02
       612          0 2.952381e-02
       612          1 1.023810e-01
       612          2 3.428571e-02
       613          0 3.190476e-02
       613          1 1.190476e-01
       613          2 3.666667e-02
       614          0 3.428571e-02
       614          1 1.357143e-01
       614          2 3.904762e-02
       615          0 3.666667e-02
       615          1 1.523810e-01
       615          2 4.142857e-02
       616          0 3.904762e-02
       616          1 1.690476e-01
       616          2 4.380952e-02
       617          0 4.142857e-02
       617          1 1.857143e-01
       617          2 4.619048e-02
       618          0 4.380952e-02
       618          1 2.023810e-01
       618          2 4.857143e-02
       619          0 4.619048e-02
       619          1 2.190476e-01
       619          2 5.095238e-02
       620          0 4.857143e-02
       620          1 2.357143e-01
       620          2 5.333333e-02
       621          0 5.095238e-02
       621          1 2.523810e-01
       621          2 5.571429e-02
       622          0 5.333333e-02
       622          1 2.690476e-01
       622          2 5.809524e-02
       623          0 5.571429e-02
       623          1 2.857143e-01
       623          2 6.047619e-02
       624          0 5.809524e-02
       624          1 3.023810e-01
       624          2 6.285714e-02
       625          0 6.047619e-02
       625          1 3.190476e-01
       625          2 6.523810e-02
       626          0 6.285714e-02
       626          1 3.357143e-01
       626          2 6.761905e-02
       627          0 6.523810e-02
       627          1 3.523810e-01
       627          2 7.000000e-02
       628          0 6.761905e-02
       628          1 3.690476e-01
       628          2 7.238095e-02
       629          0 7.000000e-02
       629          1 3.857143e-01
       629          2 7.476190e-02
       630          0 7.238095e-02
       630          1 4.023810e-01
       630          2 7.714286e-02
       631          0 7.476190e-02
       631          1 4.190476e-01
       631          2 7.952381e-02
       632          0 7.714286e-02
       632          1 4.357143e-01
       632          2 8.190476e-02
       633          0 7.952381e-02
       633          1 4.523810e-01
       633          2 8.428571e-02
       634          0 8.190476e-02
       634          1 4.690476e-01
       634          2 8.666667e-02
       635          0 8.428571e-02
       635          1 4.857143e-01
       635          2 8.904762e-02
       636          0 8.666667e-02
       636          1 5.023810e-01
       636          2 9.142857e-02
       637          0 8.904762e-02
       637          1 5.190476e-01
       637          2 9.380952e-02
       638          0 9.142857e-02
       638          1 5.357143e-01
       638          2 9.619048e-02
       639          0 9.380952e-02
       639          1 5.523810e-01
       639          2 9.857143e-02
       640          0 9.619048e-02
       640          1 5.690476e-01
       640          2 1.009524e-01
       641          0 9.857143e-02
       641          1 5.857143e-01
       641          2 1.033333e-01
       642          0 1.009524e-01
       642          1 6.023810e-01
       642          2 1.057143e-01
       643          0 1.033333e-01
       643          1 6.190476e-01
       643          2 1.080952e-01
       644          0 1.057143e-01
       644          1 6.357143e-01
       644          2 1.104762e-01
       645          0 1.080952e-01
       645          1 6.523810e-01
       645          2 1.128571e-01
       646          0 1.104762e-01
       646          1 6.690476e-01
       646          2 1.152381e-01
       647          0 1.128571e-01
       647          1 6.857143e-01
       647          2 1.176190e-01
       648          0 1.152381e-01
       648          1 7.023810e-01
       648          2 1.200000e-01
       649          0 1.176190e-01
       649          1 7.190476e-01
       649          2 1.223810e-01
       650          0 1.200000e-01
       650          1 7.357143e-01
       650          2 1.247619e-01
       651          0 1.223810e-01
       651          1 7.523810e-01
       651          2 1.271429e-01
       652          0 1.247619e-01
       652          1 7.690476e-01
       652          2 1.295238e-01
       653          0 1.271429e-01
       653          1 7.857143e-01
       653          2 1.319048e-01
       654          0 1.295238e-01
       654          1 8.023810e-01
       654          2 1.342857e-01
       655          0 1.319048e-01
       655          1 8.190476e-01
       655          2 1.366667e-01
       656          0 1.342857e-01
       656          1 8.357143e-01
       656          2 1.390476e-01
       657          0 1.366667e-01
       657          1 8.523810e-01
       657          2 1.414286e-01
       658          0 1.390476e-01
       658          1 8.690476e-01
       658          2 1.438095e-01
       659          0 1.414286e-01
       659          1 8.857143e-01
       659          2 1.461905e-01
       660          0 1.438095e-01
       660          1 9.023810e-01
       660          2 1.485714e-01
       661          0 1.461905e-01
       661          1 9.190476e-01
       661          2 1.509524e-01
       662          0 1.485714e-01
       662          1 9.357143e-01
       662          2 1.533333e-01
       663          0 1.509524e-01
       663          1 9.523810e-01
       663          2 1.557143e-01
       664          0 1.533333e-01
       664          1 9.690476e-01
       664          2 1.580952e-01
       665          0 1.557143e-01
       665          1 9.857143e-01
       665          2 1.604762e-01
       666          0 1.580952e-01
       666          1 1.002381e+00
       666          2 1.628571e-01
       667          0 1.604762e-01
       667          1 1.019048e+00
       667          2 1.652381e-01
       668          0 1.628571e-01
       668          1 1.035714e+00
       668          2 1.676190e-01
       669          0 1.652381e-01
       669          1 1.052381e+00
       669          2 1.700000e-01
       670          0 1.676190e-01
       670          1 1.069048e+00
       670          2 1.723810e-01
       671          0 1.700000e-01
       671          1 1.085714e+00
       671          2 1.747619e-01
       672          0 1.723810e-01
       672          1 1.102381e+00
       672          2 1.771429e-01
       673          0 1.747619e-01
       673          1 1.119048e+00
       673          2 1.795238e-01
       674          0 1.771429e-01
       674          1 1.135714e+00
       674          2 1.819048e-01
       675          0 1.795238e-01
       675          1 1.152381e+00
       675          2 1.842857e-01
       676          0 1.819048e-01
       676          1 1.169048e+00
       676          2 1.866667e-01
       677          0 1.842857e-01
       677          1 1.185714e+00
       677          2 1.890476e-01
       678          0 1.866667e-01
       678          1 1.202381e+00
       678          2 1.914286e-01
       679          0 1.890476e-01
       679          1 1.219048e+00
       679          2 1.938095e-01
       680          0 1.914286e-01
       680          1 1.235714e+00
       680          2 1.961905e-01
       681          0 1.938095e-01
       681          1 1.252381e+00
       681          2 1.985714e-01
       682          0 1.961905e-01
       682          1 1.269048e+00
       682          2 2.009524e-01
       683          0 1.985714e-01
       683          1 1.285714e+00
       683          2 2.033333e-01
       684          0 2.009524e-01
       684          1 1.302381e+00
       684          2 2.057143e-01
       685          0 2.033333e-01
       685          1 1.319048e+00
       685          2 2.080952e-01
       686          0 2.057143e-01
       686          1 1.335714e+00
       686          2 2.104762e-01
       687          0 2.080952e-01
       687          1 1.352381e+00
       687          2 2.128571e-01
       688          0 2.104762e-01
       688          1 1.369048e+00
       688          2 2.152381e-01
       689          0 2.128571e-01
       689          1 1.385714e+00
       689          2 2.176190e-01
       690          0 2.152381e-01
       690          1 1.402381e+00
       690          2 2.200000e-01
       691          0 2.176190e-01
       691          1 1.419048e+00
       691          2 2.223810e-01
       692          0 2.200000e-01
       692          1 1.435714e+00
       692          2 2.247619e-01
       693          0 2.223810e-01
       693          1 1.452381e+00
       693          2 2.271429e-01
       694          0 2.247619e-01
       694          1 1.469048e+00
       694          2 2.295238e-01
       695          0 2.271429e-01
       695          1 1.485714e+00
       695          2 2.319048e-01
       696          0 2.295238e-01
       696          1 1.502381e+00
       696          2 2.342857e-01
       697          0 2.319048e-01
       697          1 1.519048e+00
       697          2 2.366667e-01
       698          0 2.342857e-01
       698          1 1.535714e+00
       698          2 2.390476e-01
       699          0 2.366667e-01
       699          1 1.552381e+00
       699          2 2.414286e-01
       700          0 2.390476e-01
       700          1 1.569048e+00
       700          2 2.438095e-01
       701          0 2.414286e-01
       701          1 1.585714e+00
       701          2 2.461905e-01
       702          0 2.438095e-01
       702          1 1.602381e+00
       702          2 2.485714e-01
       703          0 2.461905e-01
       703          1 1.619048e+00
       703          2 2.509524e-01
       704          0 2.485714e-01
       704          1 1.635714e+00
       704          2 2.533333e-01
       705          0 2.509524e-01
       705          1 1.652381e+00
       705          2 2.557143e-01
       706          0 2.634286e+00
       706          1 2.635714e+00
       706          2 2.639048e+00
       707          0 1.761905e-02
       707          1 2.380952e-03
       707          2 2.238095e-02
       708          0 2.000000e-02
       708          1 2.142857e-02
       708          2 2.476190e-02
       709          0 2.238095e-02
       709          1 4.047619e-02
       709          2 2.714286e-02
       710          0 2.476190e-02
       710          1 5.952381e-02
       710          2 2.952381e-02
       711          0 2.714286e-02
       711          1 7.857143e-02
       711          2 3.190476e-02
       712          0 2.952381e-02
       712          1 9.761905e-02
       712          2 3.428571e-02
       713          0 3.190476e-02
       713          1 1.166667e-01
       713          2 3.666667e-02
       714          0 3.428571e-02
       714          1 1.357143e-01
       714          2 3.904762e-02
       715          0 3.666667e-02
       715          1 1.547619e-01
       715          2 4.142857e-02
       716          0 3.904762e-02
       716          1 1.738095e-01
       716          2 4.380952e-02
       717          0 4.142857e-02
       717          1 1.928571e-01
       717          2 4.619048e-02
       718          0 4.380952e-02
       718          1 2.119048e-01
       718          2 4.857143e-02
       719          0 4.619048e-02
       719          1 2.309524e-01
       719          2 5.095238e-02
       720          0 4.857143e-02
       720          1 2.500000e-01
       720          2 5.333333e-02
       721          0 5.095238e-02
       721          1 2.690476e-01
       721          2 5.571429e-02
       722          0 5.333333e-02
       722          1 2.880952e-01
       722          2 5.809524e-02
       723          0 5.571429e-02
       723          1 3.071429e-01
       723          2 6.047619e-02
       724          0 5.809524e-02
       724          1 3.261905e-01
       724          2 6.285714e-02
       725          0 6.047619e-02
       725          1 3.452381e-01
       725          2 6.523810e-02
       726          0 6.285714e-02
       726          1 3.642857e-01
       726          2 6.761905e-02
       727          0 6.523810e-02
       727          1 3.833333e-01
       727          2 7.000000e-02
       728          0 6.761905e-02
       728          1 4.023810e-01
       728          2 7.238095e-02
       729          0 7.000000e-02
       729          1 4.214286e-01
       729          2 7.476190e-02
       730          0 7.238095e-02
       730          1 4.404762e-01
       730          2 7.714286e-02
       731          0 7.476190e-02
       731          1 4.595238e-01
       731          2 7.952381e-02
       732          0 7.714286e-02
       732          1 4.785714e-01
       732          2 8.190476e-02
       733          0 7.952381e-02
       733          1 4.976190e-01
       733          2 8.428571e-02
       734          0 8.190476e-02
       734          1 5.166667e-01
       734          2 8.666667e-02
       735          0 8.428571e-02
       735          1 5.357143e-01
       735          2 8.904762e-02
       736          0 8.666667e-02
       736          1 5.547619e-01
       736          2 9.142857e-02
       737          0 8.904762e-02
       737          1 5.738095e-01
       737          2 9.380952e-02
       738          0 9.142857e-02
       738          1 5.928571e-01
       738          2 9.619048e-02
       739          0 9.380952e-02
       739          1 6.119048e-01
       739          2 9.857143e-02
       740          0 9.619048e-02
       740          1 6.309524e-01
       740          2 1.009524e-01
       741          0 9.857143e-02
       741          1 6.500000e-01
       741          2 1.033333e-01
       742          0 1.009524e-01
       742          1 6.690476e-01
       742          2 1.057143e-01
       743          0 1.033333e-01
       743          1 6.880952e-01
       743          2 1.080952e-01
       744          0 1.057143e-01
       744          1 7.071429e-01
       744          2 1.104762e-01
       745          0 1.080952e-01
       745          1 7.261905e-01
       745          2 1.128571e-01
       746          0 1.104762e-01
       746          1 7.452381e-01
       746          2 1.152381e-01
       747          0 1.128571e-01
       747          1 7.642857e-01
       747          2 1.176190e-01
       748          0 1.152381e-01
       748          1 7.833333e-01
       748          2 1.200000e-01
       749          0 1.176190e-01
       749          1 8.023810e-01
       749          2 1.223810e-01
       750          0 1.200000e-01
       750          1 8.214286e-01
       750          2 1.247619e-01
       751          0 1.223810e-01
       751          1 8.404762e-01
       751          2 1.271429e-01
       752          0 1.247619e-01
       752          1 8.595238e-01
       752          2 1.295238e-01
       753          0 1.271429e-01
       753          1 8.785714e-01
       753          2 1.319048e-01
       754          0 1.295238e-01
       754          1 8.976190e-01
       754          2 1.342857e-01
       755          0 1.319048e-01
       755          1 9.166667e-01
       755          2 1.366667e-01
       756          0 1.342857e-01
       756          1 9.357143e-01
       756          2 1.390476e-01
       757          0 1.366667e-01
       757          1 9.547619e-01
       757          2 1.414286e-01
       758          0 1.390476e-01
       758          1 9.738095e-01
       758          2 1.438095e-01
       759          0 1.414286e-01
       759          1 9.928571e-01
       759          2 1.461905e-01
       760          0 1.438095e-01
       760          1 1.011905e+00
       760          2 1.485714e-01
       761          0 1.461905e-01
       761          1 1.030952e+00
       761          2 1.509524e-01
       762          0 1.485714e-01
       762          1 1.050000e+00
       762          2 1.533333e-01
       763          0 1.509524e-01
       763          1 1.069048e+00
       763          2 1.557143e-01
       764          0 1.533333e-01
       764          1 1.088095e+00
       764          2 1.580952e-01
       765          0 1.557143e-01
       765          1 1.107143e+00
       765          2 1.604762e-01
       766          0 1.580952e-01
       766          1 1.126190e+00
       766          2 1.628571e-01
       767          0 1.604762e-01
       767          1 1.145238e+00
       767          2 1.652381e-01
       768          0 1.628571e-01
       768          1 1.164286e+00
       768          2 1.676190e-01
       769          0 1.652381e-01
       769          1 1.183333e+00
       769          2 1.700000e-01
       770          0 1.676190e-01
       770          1 1.202381e+00
       770          2 1.723810e-01
       771          0 1.700000e-01
       771          1 1.221429e+00
       771          2 1.747619e-01
       772          0 1.723810e-01
       772          1 1.240476e+00
       772          2 1.771429e-01
       773          0 1.747619e-01
       773          1 1.259524e+00
       773          2 1.795238e-01
       774          0 1.771429e-01
       774          1 1.278571e+00
       774          2 1.819048e-01
       775          0 1.795238e-01
       775          1 1.297619e+00
       775          2 1.842857e-01
       776          0 1.819048e-01
       776          1 1.316667e+00
       776          2 1.866667e-01
       777          0 1.842857e-01
       777          1 1.335714e+00
       777          2 1.890476e-01
       778          0 1.866667e-01
       778          1 1.354762e+00
       778          2 1.914286e-01
       779          0 1.890476e-01
       779          1 1.373810e+00
       779          2 1.938095e-01
       780          0 1.914286e-01
       780          1 1.392857e+00
       780          2 1.961905e-01
       781          0 1.938095e-01
       781          1 1.411905e+00
       781          2 1.985714e-01
       782          0 1.961905e-01
       782          1 1.430952e+00
       782          2 2.009524e-01
       783          0 1.985714e-01
       783          1 1.450000e+00
       783          2 2.033333e-01
       784          0 2.009524e-01
       784          1 1.469048e+00
       784          2 2.057143e-01
       785          0 2.033333e-01
       785          1 1.488095e+00
       785          2 2.080952e-01
       786          0 2.057143e-01
       786          1 1.507143e+00
       786          2 2.104762e-01
       787          0 2.080952e-01
       787          1 1.526190e+00
       787          2 2.128571e-01
       788          0 2.104762e-01
       788          1 1.545238e+00
       788          2 2.152381e-01
       789          0 2.128571e-01
       789          1 1.564286e+00
       789          2 2.176190e-01
       790          0 2.152381e-01
       790          1 1.583333e+00
       790          2 2.200000e-01
       791          0 2.176190e-01
       791          1 1.602381e+00
       791          2 2.223810e-01
       792          0 2.200000e-01
       792          1 1.621429e+00
       792          2 2.247619e-01
       793          0 2.223810e-01
       793          1 1.640476e+00
       793          2 2.271429e-01
       794          0 2.247619e-01
       794          1 1.659524e+00
       794          2 2.295238e-01
       795          0 2.271429e-01
       795          1 1.678571e+00
       795          2 2.319048e-01
       796          0 2.295238e-01
       796          1 1.697619e+00
       796          2 2.342857e-01
       797          0 2.319048e-01
       797          1 1.716667e+00
       797          2 2.366667e-01
       798          0 2.342857e-01
       798          1 1.735714e+00
       798          2 2.390476e-01
       799          0 2.366667e-01
       799          1 1.754762e+00
       799          2 2.414286e-01
       800          0 2.390476e-01
       800          1 1.773810e+00
       800          2 2.438095e-01
       801          0 2.414286e-01
       801          1 1.792857e+00
       801          2 2.461905e-01
       802          0 2.438095e-01
       802          1 1.811905e+00
       802          2 2.485714e-01
       803          0 2.461905e-01
       803          1 1.830952e+00
       803          2 2.509524e-01
       804          0 2.485714e-01
       804          1 1.850000e+00
       804          2 2.533333e-01
       805          0 2.509524e-01
       805          1 1.869048e+00
       805          2 2.557143e-01
       806          0 2.533333e-01
       806          1 1.888095e+00
       806          2 2.580952e-01
       807          0 2.636667e+00
       807          1 2.638095e+00
       807          2 2.641429e+00
       808          0 2.000000e-02
       808          1 2.380952e-03
       808          2 2.476190e-02
       809          0 2.238095e-02
       809          1 2.380952e-02
       809          2 2.714286e-02
       810          0 2.476190e-02
       810          1 4.523810e-02
       810          2 2.952381e-02
       811          0 2.714286e-02
       811          1 6.666667e-02
       811          2 3.190476e-02
       812          0 2.952381e-02
       812          1 8.809524e-02
       812          2 3.428571e-02
       813          0 3.190476e-02
       813          1 1.095238e-01
       813          2 3.666667e-02
       814          0 3.428571e-02
       814          1 1.309524e-01
       814          2 3.904762e-02
       815          0 3.666667e-02
       815          1 1.523810e-01
       815          2 4.142857e-02
       816          0 3.904762e-02
       816          1 1.738095e-01
       816          2 4.380952e-02
       817          0 4.142857e-02
       817          1 1.952381e-01
       817          2 4.619048e-02
       818          0 4.380952e-02
       818          1 2.166667e-01
       818          2 4.857143e-02
       819          0 4.619048e-02
       819          1 2.380952e-01
       819          2 5.095238e-02
       820          0 4.857143e-02
       820          1 2.595238e-01
       820          2 5.333333e-02
       821          0 5.095238e-02
       821          1 2.809524e-01
       821          2 5.571429e-02
       822          0 5.333333e-02
       822          1 3.023810e-01
       822          2 5.809524e-02
       823          0 5.571429e-02
       823          1 3.238095e-01
       823          2 6.047619e-02
       824          0 5.809524e-02
       824          1 3.452381e-01
       824          2 6.285714e-02
       825          0 6.047619e-02
       825          1 3.666667e-01
       825          2 6.523810e-02
       826          0 6.285714e-02
       826          1 3.880952e-01
       826          2 6.761905e-02
       827          0 6.523810e-02
       827          1 4.095238e-01
       827          2 7.000000e-02
       828          0 6.761905e-02
       828          1 4.309524e-01
       828          2 7.238095e-02
       829          0 7.000000e-02
       829          1 4.523810e-01
       829          2 7.476190e-02
       830          0 7.238095e-02
       830          1 4.738095e-01
       830          2 7.714286e-02
       831          0 7.476190e-02
       831          1 4.952381e-01
       831          2 7.952381e-02
       832          0 7.714286e-02
       832          1 5.166667e-01
       832          2 8.190476e-02
       833          0 7.952381e-02
       833          1 5.380952e-01
       833          2 8.428571e-02
       834          0 8.190476e-02
       834          1 5.595238e-01
       834          2 8.666667e-02
       835          0 8.428571e-02
       835          1 5.809524e-01
       835          2 8.904762e-02
       836          0 8.666667e-02
       836          1 6.023810e-01
       836          2 9.142857e-02
       837          0 8.904762e-02
       837          1 6.238095e-01
       837          2 9.380952e-02
       838          0 9.142857e-02
       838          1 6.452381e-01
       838          2 9.619048e-02
       839          0 9.380952e-02
       839          1 6.666667e-01
       839          2 9.857143e-02
       840          0 9.619048e-02
       840          1 6.880952e-01
       840          2 1.009524e-01
       841          0 9.857143e-02
       841          1 7.095238e-01
       841          2 1.033333e-01
       842          0 1.009524e-01
       842          1 7.309524e-01
       842          2 1.057143e-01
       843          0 1.033333e-01
       843          1 7.523810e-01
       843          2 1.080952e-01
       844          0 1.057143e-01
       844          1 7.738095e-01
       844          2 1.104762e-01
       845          0 1.080952e-01
       845          1 7.952381e-01
       845          2 1.128571e-01
       846          0 1.104762e-01
       846          1 8.166667e-01
       846          2 1.152381e-01
       847          0 1.128571e-01
       847          1 8.380952e-01
       847          2 1.176190e-01
       848          0 1.152381e-01
       848          1 8.595238e-01
       848          2 1.200000e-01
       849          0 1.176190e-01
       849          1 8.809524e-01
       849          2 1.223810e-01
       850          0 1.200000e-01
       850          1 9.023810e-01
       850          2 1.247619e-01
       851          0 1.223810e-01
       851          1 9.238095e-01
       851          2 1.271429e-01
       852          0 1.247619e-01
       852          1 9.452381e-01
       852          2 1.295238e-01
       853          0 1.271429e-01
       853          1 9.666667e-01
       853          2 1.319048e-01
       854          0 1.295238e-01
       854          1 9.880952e-01
       854          2 1.342857e-01
       855          0 1.319048e-01
       855          1 1.009524e+00
       855          2 1.366667e-01
       856          0 1.342857e-01
       856          1 1.030952e+00
       856          2 1.390476e-01
       857          0 1.366667e-01
       857          1 1.052381e+00
       857          2 1.414286e-01
       858          0 1.390476e-01
       858          1 1.073810e+00
       858          2 1.438095e-01
       859          0 1.414286e-01
       859          1 1.095238e+00
       859          2 1.461905e-01
       860          0 1.438095e-01
       860          1 1.116667e+00
       860          2 1.485714e-01
       861          0 1.461905e-01
       861          1 1.138095e+00
       861          2 1.509524e-01
       862          0 1.485714e-01
       862          1 1.159524e+00
       862          2 1.533333e-01
       863          0 1.509524e-01
       863          1 1.180952e+00
       863          2 1.557143e-01
       864          0 1.533333e-01
       864          1 1.202381e+00
       864          2 1.580952e-01
       865          0 1.557143e-01
       865          1 1.223810e+00
       865          2 1.604762e-01
       866          0 1.580952e-01
       866          1 1.245238e+00
       866          2 1.628571e-01
       867          0 1.604762e-01
       867          1 1.266667e+00
       867          2 1.652381e-01
       868          0 1.628571e-01
       868          1 1.288095e+00
       868          2 1.676190e-01
       869          0 1.652381e-01
       869          1 1.309524e+00
       869          2 1.700000e-01
       870          0 1.676190e-01
       870          1 1.330952e+00
       870          2 1.723810e-01
       871          0 1.700000e-01
       871          1 1.352381e+00
       871          2 1.747619e-01
       872          0 1.723810e-01
       872          1 1.373810e+00
       872          2 1.771429e-01
       873          0 1.747619e-01
       873          1 1.395238e+00
       873          2 1.795238e-01
       874          0 1.771429e-01
       874          1 1.416667e+00
       874          2 1.819048e-01
       875          0 1.795238e-01
       875          1 1.438095e+00
       875          2 1.842857e-01
       876          0 1.819048e-01
       876          1 1.459524e+00
       876          2 1.866667e-01
       877          0 1.842857e-01
       877          1 1.480952e+00
       877          2 1.890476e-01
       878          0 1.866667e-01
       878          1 1.502381e+00
       878          2 1.914286e-01
       879          0 1.890476e-01
       879          1 1.523810e+00
       879          2 1.938095e-01
       880          0 1.914286e-01
       880          1 1.545238e+00
       880          2 1.961905e-01
       881          0 1.938095e-01
       881          1 1.566667e+00
       881          2 1.985714e-01
       882          0 1.961905e-01
       882          1 1.588095e+00
       882          2 2.009524e-01
       883          0 1.985714e-01
       883          1 1.609524e+00
       883          2 2.033333e-01
       884          0 2.009524e-01
       884          1 1.630952e+00
       884          2 2.057143e-01
       885          0 2.033333e-01
       885          1 1.652381e+00
       885          2 2.080952e-01
       886          0 2.057143e-01
       886          1 1.673810e+00
       886          2 2.104762e-01
       887          0 2.080952e-01
       887          1 1.695238e+00
       887          2 2.128571e-01
       888          0 2.104762e-01
       888          1 1.716667e+00
       888          2 2.152381e-01
       889          0 2.128571e-01
       889          1 1.738095e+00
       889          2 2.176190e-01
       890          0 2.152381e-01
       890          1 1.759524e+00
       890          2 2.200000e-01
       891          0 2.176190e-01
       891          1 1.780952e+00
       891          2 2.223810e-01
       892          0 2.200000e-01
       892          1 1.802381e+00
       892          2 2.247619e-01
       893          0 2.223810e-01
       893          1 1.823810e+00
       893          2 2.271429e-01
       894          0 2.247619e-01
       894          1 1.845238e+00
       894          2 2.295238e-01
       895          0 2.271429e-01
       895          1 1.866667e+00
       895          2 2.319048e-01
       896          0 2.295238e-01
       896          1 1.888095e+00
       896          2 2.342857e-01
       897          0 2.319048e-01
       897          1 1.909524e+00
       897          2 2.366667e-01
       898          0 2.342857e-01
       898          1 1.930952e+00
       898          2 2.390476e-01
       899          0 2.366667e-01
       899          1 1.952381e+00
       899          2 2.414286e-01
       900          0 2.390476e-01
       900          1 1.973810e+00
       900          2 2.438095e-01
       901          0 2.414286e-01
       901          1 1.995238e+00
       901          2 2.461905e-01
       902          0 2.438095e-01
       902          1 2.016667e+00
       902          2 2.485714e-01
       903          0 2.461905e-01
       903          1 2.038095e+00
       903          2 2.509524e-01
       904          0 2.485714e-01
       904          1 2.059524e+00
       904          2 2.533333e-01
       905          0 2.509524e-01
       905          1 2.080952e+00
       905          2 2.557143e-01
       906          0 2.533333e-01
       906          1 2.102381e+00
       906          2 2.580952e-01
       907          0 2.557143e-01
       907          1 2.123810e+00
       907          2 2.604762e-01
       908          0 2.639048e+00
       908          1 2.640476e+00
       908          2 2.643810e+00
       909          0 2.238095e-02
       909          1 2.380952e-03
       909          2 2.714286e-02
       910          0 2.476190e-02
       910          1 2.619048e-02
       910          2 2.952381e-02
       911          0 2.714286e-02
       911          1 5.000000e-02
       911          2 3.190476e-02
       912          0 2.952381e-02
       912          1 7.380952e-02
       912          2 3.428571e-02
       913          0 3.190476e-02
       913          1 9.761905e-02
       913          2 3.666667e-02
       914          0 3.428571e-02
       914          1 1.214286e-01
       914          2 3.904762e-02
       915          0 3.666667e-02
       915          1 1.452381e-01
       915          2 4.142857e-02
       916          0 3.904762e-02
       916          1 1.690476e-01
       916          2 4.380952e-02
       917          0 4.142857e-02
       917          1 1.928571e-01
       917          2 4.619048e-02
       918          0 4.380952e-02
       918          1 2.166667e-01
       918          2 4.857143e-02
       919          0 4.619048e-02
       919          1 2.404762e-01
       919          2 5.095238e-02
       920          0 4.857143e-02
       920          1 2.642857e-01
       920          2 5.333333e-02
       921          0 5.095238e-02
       921          1 2.880952e-01
       921          2 5.571429e-02
       922          0 5.333333e-02
       922          1 3.119048e-01
       922          2 5.809524e-02
       923          0 5.571429e-02
       923          1 3.357143e-01
       923          2 6.047619e-02
       924          0 5.809524e-02
       924          1 3.595238e-01
       924          2 6.285714e-02
       925          0 6.047619e-02
       925          1 3.833333e-01
       925          2 6.523810e-02
       926          0 6.285714e-02
       926          1 4.071429e-01
       926          2 6.761905e-02
       927          0 6.523810e-02
       927          1 4.309524e-01
       927          2 7.000000e-02
       928          0 6.761905e-02
       928          1 4.547619e-01
       928          2 7.238095e-02
       929          0 7.000000e-02
       929          1 4.785714e-01
       929          2 7.476190e-02
       930          0 7.238095e-02
       930          1 5.023810e-01
       930          2 7.714286e-02
       931          0 7.476190e-02
       931          1 5.261905e-01
       931          2 7.952381e-02
       932          0 7.714286e-02
       932          1 5.500000e-01
       932          2 8.190476e-02
       933          0 7.952381e-02
       933          1 5.738095e-01
       933          2 8.428571e-02
       934          0 8.190476e-02
       934          1 5.976190e-01
       934          2 8.666667e-02
       935          0 8.428571e-02
       935          1 6.214286e-01
       935          2 8.904762e-02
       936          0 8.666667e-02
       936          1 6.452381e-01
       936          2 9.142857e-02
       937          0 8.904762e-02
       937          1 6.690476e-01
       937          2 9.380952e-02
       938          0 9.142857e-02
       938          1 6.928571e-01
       938          2 9.619048e-02
       939          0 9.380952e-02
       939          1 7.166667e-01
       939          2 9.857143e-02
       940          0 9.619048e-02
       940          1 7.404762e-01
       940          2 1.009524e-01
       941          0 9.857143e-02
       941          1 7.642857e-01
       941          2 1.033333e-01
       942          0 1.009524e-01
       942          1 7.880952e-01
       942          2 1.057143e-01
       943          0 1.033333e-01
       943          1 8.119048e-01
       943          2 1.080952e-01
       944          0 1.057143e-01
       944          1 8.357143e-01
       944          2 1.104762e-01
       945          0 1.080952e-01
       945          1 8.595238e-01
       945          2 1.128571e-01
       946          0 1.104762e-01
       946          1 8.833333e-01
       946          2 1.152381e-01
       947          0 1.128571e-01
       947          1 9.071429e-01
       947          2 1.176190e-01
       948          0 1.152381e-01
       948          1 9.309524e-01
       948          2 1.200000e-01
       949          0 1.176190e-01
       949          1 9.547619e-01
       949          2 1.223810e-01
       950          0 1.200000e-01
       950          1 9.785714e-01
       950          2 1.247619e-01
       951          0 1.223810e-01
       951          1 1.002381e+00
       951          2 1.271429e-01
       952          0 1.247619e-01
       952          1 1.026190e+00
       952          2 1.295238e-01
       953          0 1.271429e-01
       953          1 1.050000e+00
       953          2 1.319048e-01
       954          0 1.295238e-01
       954          1 1.073810e+00
       954          2 1.342857e-01
       955          0 1.319048e-01
       955          1 1.097619e+00
       955          2 1.366667e-01
       956          0 1.342857e-01
       956          1 1.121429e+00
       956          2 1.390476e-01
       957          0 1.366667e-01
       957          1 1.145238e+00
       957          2 1.414286e-01
       958          0 1.390476e-01
       958          1 1.169048e+00
       958          2 1.438095e-01
       959          0 1.414286e-01
       959          1 1.192857e+00
       959          2 1.461905e-01
       960          0 1.438095e-01
       960          1 1.216667e+00
       960          2 1.485714e-01
       961          0 1.461905e-01
       961          1 1.240476e+00
       961          2 1.509524e-01
       962          0 1.485714e-01
       962          1 1.264286e+00
       962          2 1.533333e-01
       963          0 1.509524e-01
       963          1 1.288095e+00
       963          2 1.557143e-01
       964          0 1.533333e-01
       964          1 1.311905e+00
       964          2 1.580952e-01
       965          0 1.557143e-01
       965          1 1.335714e+00
       965          2 1.604762e-01
       966          0 1.580952e-01
       966          1 1.359524e+00
       966          2 1.628571e-01
       967          0 1.604762e-01
       967          1 1.383333e+00
       967          2 1.652381e-01
       968          0 1.628571e-01
       968          1 1.407143e+00
       968          2 1.676190e-01
       969          0 1.652381e-01
       969          1 1.430952e+00
       969          2 1.700000e-01
       970          0 1.676190e-01
       970          1 1.454762e+00
       970          2 1.723810e-01
       971          0 1.700000e-01
       971          1 1.478571e+00
       971          2 1.747619e-01
       972          0 1.723810e-01
       972          1 1.502381e+00
       972          2 1.771429e-01
       973          0 1.747619e-01
       973          1 1.526190e+00
       973          2 1.795238e-01
       974          0 1.771429e-01
       974          1 1.550000e+00
       974          2 1.819048e-01
       975          0 1.795238e-01
       975          1 1.573810e+00
       975          2 1.842857e-01
       976          0 1.819048e-01
       976          1 1.597619e+00
       976          2 1.866667e-01
       977          0 1.842857e-01
       977          1 1.621429e+00
       977          2 1.890476e-01
       978          0 1.866667e-01
       978          1 1.645238e+00
       978          2 1.914286e-01
       979          0 1.890476e-01
       979          1 1.669048e+00
       979          2 1.938095e-01
       980          0 1.914286e-01
       980          1 1.692857e+00
       980          2 1.961905e-01
       981          0 1.938095e-01
       981          1 1.716667e+00
       981          2 1.985714e-01
       982          0 1.961905e-01
       982          1 1.740476e+00
       982          2 2.009524e-01
       983          0 1.985714e-01
       983          1 1.764286e+00
       983          2 2.033333e-01
       984          0 2.009524e-01
       984          1 1.788095e+00
       984          2 2.057143e-01
       985          0 2.033333e-01
       985          1 1.811905e+00
       985          2 2.080952e-01
       986          0 2.057143e-01
       986          1 1.835714e+00
       986          2 2.104762e-01
       987          0 2.080952e-01
       987          1 1.859524e+00
       987          2 2.128571e-01
       988          0 2.104762e-01
       988          1 1.883333e+00
       988          2 2.152381e-01
       989          0 2.128571e-01
       989          1 1.907143e+00
       989          2 2.176190e-01
       990          0 2.152381e-01
       990          1 1.930952e+00
       990          2 2.200000e-01
       991          0 2.176190e-01
       991          1 1.954762e+00
       991          2 2.223810e-01
       992          0 2.200000e-01
       992          1 1.978571e+00
       992          2 2.247619e-01
       993          0 2.223810e-01
       993          1 2.002381e+00
       993          2 2.271429e-01
       994          0 2.247619e-01
       994          1 2.026190e+00
       994          2 2.295238e-01
       995          0 2.271429e-01
       995          1 2.050000e+00
       995          2 2.319048e-01
       996          0 2.295238e-01
       996          1 2.073810e+00
       996          2 2.342857e-01
       997          0 2.319048e-01
       997          1 2.097619e+00
       997          2 2.366667e-01
       998          0 2.342857e-01
       998          1 2.121429e+00
       998          2 2.390476e-01
       999          0 2.366667e-01
       999          1 2.145238e+00
       999          2 2.414286e-01
      1000          0 2.390476e-01
      1000          1 2.169048e+00
      1000          2 2.438095e-01
      1001          0 2.414286e-01
      1001          1 2.192857e+00
      1001          2 2.461905e-01
      1002          0 2.438095e-01
      1002          1 2.216667e+00
      1002          2 2.485714e-01
      1003          0 2.461905e-01
      1003          1 2.240476e+00
      1003          2 2.509524e-01
      1004          0 2.485714e-01
      1004          1 2.264286e+00
      1004          2 2.533333e-01
      1005          0 2.509524e-01
      1005          1 2.288095e+00
      1005          2 2.557143e-01
      1006          0 2.533333e-01
      1006          1 2.311905e+00
      1006          2 2.580952e-01
      1007          0 2.557143e-01
      1007          1 2.335714e+00
      1007          2 2.604762e-01
      1008          0 2.580952e-01
      1008          1 2.359524e+00
      1008          2 2.628571e-01
      1009          0 2.641429e+00
      1009          1 2.642857e+00
      1009          2 2.646190e+00
      1010          0 2.476190e-02
      1010          1 2.380952e-03
      1010          2 2.952381e-02
      1011          0 2.714286e-02
      1011          1 2.857143e-02
      1011          2 3.190476e-02
      1012          0 2.952381e-02
      1012          1 5.476190e-02
      1012          2 3.428571e-02
      1013          0 3.190476e-02
      1013          1 8.095238e-02
      1013          2 3.666667e-02
      1014          0 3.428571e-02
      1014          1 1.071429e-01
      1014          2 3.904762e-02
      1015          0 3.666667e-02
      1015          1 1.333333e-01
      1015          2 4.142857e-02
      1016          0 3.904762e-02
      1016          1 1.595238e-01
      1016          2 4.380952e-02
      1017          0 4.142857e-02
      1017          1 1.857143e-01
      1017          2 4.619048e-02
      1018          0 4.380952e-02
      1018          1 2.119048e-01
      1018          2 4.857143e-02
      1019          0 4.619048e-02
      1019          1 2.380952e-01
      1019          2 5.095238e-02
      1020          0 4.857143e-02
      1020          1 2.642857e-01
      1020          2 5.333333e-02
      1021          0 5.095238e-02
      1021          1 2.904762e-01
      1021          2 5.571429e-02
      1022          0 5.333333e-02
      1022          1 3.166667e-01
      1022          2 5.809524e-02
      1023          0 5.571429e-02
      1023          1 3.428571e-01
      1023          2 6.047619e-02
      1024          0 5.809524e-02
      1024          1 3.690476e-01
      1024          2 6.285714e-02
      1025          0 6.047619e-02
      1025          1 3.952381e-01
      1025          2 6.523810e-02
      1026          0 6.285714e-02
      1026          1 4.214286e-01
      1026          2 6.761905e-02
      1027          0 6.523810e-02
      1027          1 4.476190e-01
      1027          2 7.000000e-02
      1028          0 6.761905e-02
      1028          1 4.738095e-01
      1028          2 7.238095e-02
      1029          0 7.000000e-02
      1029          1 5.000000e-01
      1029          2 7.476190e-02
      1030          0 7.238095e-02
      1030          1 5.261905e-01
      1030          2 7.714286e-02
      1031          0 7.476190e-02
      1031          1 5.523810e-01
      1031          2 7.952381e-02
      1032          0 7.714286e-02
      1032          1 5.785714e-01
      1032          2 8.190476e-02
      1033          0 7.952381e-02
      1033          1 6.047619e-01
      1033          2 8.428571e-02
      1034          0 8.190476e-02
      1034          1 6.309524e-01
      1034          2 8.666667e-02
      1035          0 8.428571e-02
      1035          1 6.571429e-01
      1035          2 8.904762e-02
      1036          0 8.666667e-02
      1036          1 6.833333e-01
      1036          2 9.142857e-02
      1037          0 8.904762e-02
      1037          1 7.095238e-01
      1037          2 9.380952e-02
      1038          0 9.142857e-02
      1038          1 7.357143e-01
      1038          2 9.619048e-02
      1039          0 9.380952e-02
      1039          1 7.619048e-01
      1039          2 9.857143e-02
      1040          0 9.619048e-02
      1040          1 7.880952e-01
      1040          2 1.009524e-01
      1041          0 9.857143e-02
      1041          1 8.142857e-01
      1041          2 1.033333e-01
      1042          0 1.009524e-01
      1042          1 8.404762e-01
      1042          2 1.057143e-01
      1043          0 1.033333e-01
      1043          1 8.666667e-01
      1043          2 1.080952e-01
      1044          0 1.057143e-01
      1044          1 8.928571e-01
      1044          2 1.104762e-01
      1045          0 1.080952e-01
      1045          1 9.190476e-01
      1045          2 1.128571e-01
      1046          0 1.104762e-01
      1046          1 9.452381e-01
      1046          2 1.152381e-01
      1047          0 1.128571e-01
      1047          1 9.714286e-01
      1047          2 1.176190e-01
      1048          0 1.152381e-01
      1048          1 9.976190e-01
      1048          2 1.200000e-01
      1049          0 1.176190e-01
      1049          1 1.023810e+00
      1049          2 1.223810e-01
      1050          0 1.200000e-01
      1050          1 1.050000e+00
      1050          2 1.247619e-01
      1051          0 1.223810e-01
      1051          1 1.076190e+00
      1051          2 1.271429e-01
      1052          0 1.247619e-01
      1052          1 1.102381e+00
      1052          2 1.295238e-01
      1053          0 1.271429e-01
      1053          1 1.128571e+00
      1053          2 1.319048e-01
      1054          0 1.295238e-01
      1054          1 1.154762e+00
      1054          2 1.342857e-01
      1055          0 1.319048e-01
      1055          1 1.180952e+00
      1055          2 1.366667e-01
      1056          0 1.342857e-01
      1056          1 1.207143e+00
      1056          2 1.390476e-01
      1057          0 1.366667e-01
      1057          1 1.233333e+00
      1057          2 1.414286e-01
      1058          0 1.390476e-01
      1058          1 1.259524e+00
      1058          2 1.438095e-01
      1059          0 1.414286e-01
      1059          1 1.285714e+00
      1059          2 1.461905e-01
      1060          0 1.438095e-01
      1060          1 1.311905e+00
      1060          2 1.485714e-01
      1061          0 1.461905e-01
      1061          1 1.338095e+00
      1061          2 1.509524e-01
      1062          0 1.485714e-01
      1062          1 1.364286e+00
      1062          2 1.533333e-01
      1063          0 1.509524e-01
      1063          1 1.390476e+00
      1063          2 1.557143e-01
      1064          0 1.533333e-01
      1064          1 1.416667e+00
      1064          2 1.580952e-01
      1065          0 1.557143e-01
      1065          1 1.442857e+00
      1065          2 1.604762e-01
      1066          0 1.580952e-01
      1066          1 1.469048e+00
      1066          2 1.628571e-01
      1067          0 1.604762e-01
      1067          1 1.495238e+00
      1067          2 1.652381e-01
      1068          0 1.628571e-01
      1068          1 1.521429e+00
      1068          2 1.676190e-01
      1069          0 1.652381e-01
      1069          1 1.547619e+00
      1069          2 1.700000e-01
      1070          0 1.676190e-01
      1070          1 1.573810e+00
      1070          2 1.723810e-01
      1071          0 1.700000e-01
      1071          1 1.600000e+00
      1071          2 1.747619e-01
      1072          0 1.723810e-01
      1072          1 1.626190e+00
      1072          2 1.771429e-01
      1073          0 1.747619e-01
      1073          1 1.652381e+00
      1073          2 1.795238e-01
      1074          0 1.771429e-01
      1074          1 1.678571e+00
      1074          2 1.819048e-01
      1075          0 1.795238e-01
      1075          1 1.704762e+00
      1075          2 1.842857e-01
      1076          0 1.819048e-01
      1076          1 1.730952e+00
      1076          2 1.866667e-01
      1077          0 1.842857e-01
      1077          1 1.757143e+00
      1077          2 1.890476e-01
      1078          0 1.866667e-01
      1078          1 1.783333e+00
      1078          2 1.914286e-01
      1079          0 1.890476e-01
      1079          1 1.809524e+00
      1079          2 1.938095e-01
      1080          0 1.914286e-01
      1080          1 1.835714e+00
      1080          2 1.961905e-01
      1081          0 1.938095e-01
      1081          1 1.861905e+00
      1081          2 1.985714e-01
      1082          0 1.961905e-01
      1082          1 1.888095e+00
      1082          2 2.009524e-01
      1083          0 1.985714e-01
      1083          1 1.914286e+00
      1083          2 2.033333e-01
      1084          0 2.009524e-01
      1084          1 1.940476e+00
      1084          2 2.057143e-01
      1085          0 2.033333e-01
      1085          1 1.966667e+00
      1085          2 2.080952e-01
      1086          0 2.057143e-01
      1086          1 1.992857e+00
      1086          2 2.104762e-01
      1087          0 2.080952e-01
      1087          1 2.019048e+00
      1087          2 2.128571e-01
      1088          0 2.104762e-01
      1088          1 2.045238e+00
      1088          2 2.152381e-01
      1089          0 2.128571e-01
      1089          1 2.071429e+00
      1089          2 2.176190e-01
      1090          0 2.152381e-01
      1090          1 2.097619e+00
      1090          2 2.200000e-01
      1091          0 2.176190e-01
      1091          1 2.123810e+00
      1091          2 2.223810e-01
      1092          0 2.200000e-01
      1092          1 2.150000e+00
      1092          2 2.247619e-01
      1093          0 2.223810e-01
      1093          1 2.176190e+00
      1093          2 2.271429e-01
      1094          0 2.247619e-01
      1094          1 2.202381e+00
      1094          2 2.295238e-01
      1095          0 2.271429e-01
      1095          1 2.228571e+00
      1095          2 2.319048e-01
      1096          0 2.295238e-01
      1096          1 2.254762e+00
      1096          2 2.342857e-01
      1097          0 2.319048e-01
      1097          1 2.280952e+00
      1097          2 2.366667e-01
      1098          0 2.342857e-01
      1098          1 2.307143e+00
      1098          2 2.390476e-01
      1099          0 2.366667e-01
      1099          1 2.333333e+00
      1099          2 2.414286e-01
      1100          0 2.390476e-01
      1100          1 2.359524e+00
      1100          2 2.438095e-01
      1101          0 2.414286e-01
      1101          1 2.385714e+00
      1101          2 2.461905e-01
      1102          0 2.438095e-01
      1102          1 2.411905e+00
      1102          2 2.485714e-01
      1103          0 2.461905e-01
      1103          1 2.438095e+00
      1103          2 2.509524e-01
      1104          0 2.485714e-01
      1104          1 2.464286e+00
      1104          2 2.533333e-01
      1105          0 2.509524e-01
      1105          1 2.490476e+00
      1105          2 2.557143e-01
      1106          0 2.533333e-01
      1106          1 2.516667e+00
      1106          2 2.580952e-01
      1107          0 2.557143e-01
      1107          1 2.542857e+00
      1107          2 2.604762e-01
      1108          0 2.580952e-01
      1108          1 2.569048e+00
      1108          2 2.628571e-01
      1109          0 2.604762e-01
      1109          1 2.595238e+00
      1109          2 2.652381e-01
      1110          0 2.643810e+00
      1110          1 2.645238e+00
      1110          2 2.648571e+00
      1111          0 2.714286e-02
      1111          1 2.380952e-03
      1111          2 3.190476e-02
      1112          0 2.952381e-02
      1112          1 3.095238e-02
      1112          2 3.428571e-02
      1113          0 3.190476e-02
      1113          1 5.952381e-02
      1113          2 3.666667e-02
      1114          0 3.428571e-02
      1114          1 8.809524e-02
      1114          2 3.904762e-02
      1115          0 3.666667e-02
      1115          1 1.166667e-01
      1115          2 4.142857e-02
      1116          0 3.904762e-02
      1116          1 1.452381e-01
      1116          2 4.380952e-02
      1117          0 4.142857e-02
      1117          1 1.738095e-01
      1117          2 4.619048e-02
      1118          0 4.380952e-02
      1118          1 2.023810e-01
      1118          2 4.857143e-02
      1119          0 4.619048e-02
      1119          1 2.309524e-01
      1119          2 5.095238e-02
      1120          0 4.857143e-02
      1120          1 2.595238e-01
      1120          2 5.333333e-02
      1121          0 5.095238e-02
      1121          1 2.880952e-01
      1121          2 5.571429e-02
      1122          0 5.333333e-02
      1122          1 3.166667e-01
      1122          2 5.809524e-02
      1123          0 5.571429e-02
      1123          1 3.452381e-01
      1123          2 6.047619e-02
      1124          0 5.809524e-02
      1124          1 3.738095e-01
      1124          2 6.285714e-02
      1125          0 6.047619e-02
      1125          1 4.023810e-01
      1125          2 6.523810e-02
      1126          0 6.285714e-02
      1126          1 4.309524e-01
      1126          2 6.761905e-02
      1127          0 6.523810e-02
      1127          1 4.595238e-01
      1127          2 7.000000e-02
      1128          0 6.761905e-02
      1128          1 4.880952e-01
      1128          2 7.238095e-02
      1129          0 7.000000e-02
      1129          1 5.166667e-01
      1129          2 7.476190e-02
      1130          0 7.238095e-02
      1130          1 5.452381e-01
      1130          2 7.714286e-02
      1131          0 7.476190e-02
      1131          1 5.738095e-01
      1131          2 7.952381e-02
      1132          0 7.714286e-02
      1132          1 6.023810e-01
      1132          2 8.190476e-02
      1133          0 7.952381e-02
      1133          1 6.309524e-01
      1133          2 8.428571e-02
      1134          0 8.190476e-02
      1134          1 6.595238e-01
      1134          2 8.666667e-02
      1135          0 8.428571e-02
      1135          1 6.880952e-01
      1135          2 8.904762e-02
      1136          0 8.666667e-02
      1136          1 7.166667e-01
      1136          2 9.142857e-02
      1137          0 8.904762e-02
      1137          1 7.452381e-01
      1137          2 9.380952e-02
      1138          0 9.142857e-02
      1138          1 7.738095e-01
      1138          2 9.619048e-02
      1139          0 9.380952e-02
      1139          1 8.023810e-01
      1139          2 9.857143e-02
      1140          0 9.619048e-02
      1140          1 8.309524e-01
      1140          2 1.009524e-01
      1141          0 9.857143e-02
      1141          1 8.595238e-01
      1141          2 1.033333e-01
      1142          0 1.009524e-01
      1142          1 8.880952e-01
      1142          2 1.057143e-01
      1143          0 1.033333e-01
      1143          1 9.166667e-01
      1143          2 1.080952e-01
      1144          0 1.057143e-01
      1144          1 9.452381e-01
      1144          2 1.104762e-01
      1145          0 1.080952e-01
      1145          1 9.738095e-01
      1145          2 1.128571e-01
      1146          0 1.104762e-01
      1146          1 1.002381e+00
      1146          2 1.152381e-01
      1147          0 1.128571e-01
      1147          1 1.030952e+00
      1147          2 1.176190e-01
      1148          0 1.152381e-01
      1148          1 1.059524e+00
      1148          2 1.200000e-01
      1149          0 1.176190e-01
      1149          1 1.088095e+00
      1149          2 1.223810e-01
      1150          0 1.200000e-01
      1150          1 1.116667e+00
      1150          2 1.247619e-01
      1151          0 1.223810e-01
      1151          1 1.145238e+00
      1151          2 1.271429e-01
      1152          0 1.247619e-01
      1152          1 1.173810e+00
      1152          2 1.295238e-01
      1153          0 1.271429e-01
      1153          1 1.202381e+00
      1153          2 1.319048e-01
      1154          0 1.295238e-01
      1154          1 1.230952e+00
      1154          2 1.342857e-01
      1155          0 1.319048e-01
      1155          1 1.259524e+00
      1155          2 1.366667e-01
      1156          0 1.342857e-01
      1156          1 1.288095e+00
      1156          2 1.390476e-01
      1157          0 1.366667e-01
      1157          1 1.316667e+00
      1157          2 1.414286e-01
      1158          0 1.390476e-01
      1158          1 1.345238e+00
      1158          2 1.438095e-01
      1159          0 1.414286e-01
      1159          1 1.373810e+00
      1159          2 1.461905e-01
      1160          0 1.438095e-01
      1160          1 1.402381e+00
      1160          2 1.485714e-01
      1161          0 1.461905e-01
      1161          1 1.430952e+00
      1161          2 1.509524e-01
      1162          0 1.485714e-01
      1162          1 1.459524e+00
      1162          2 1.533333e-01
      1163          0 1.509524e-01
      1163          1 1.488095e+00
      1163          2 1.557143e-01
      1164          0 1.533333e-01
      1164          1 1.516667e+00
      1164          2 1.580952e-01
      1165          0 1.557143e-01
      1165          1 1.545238e+00
      1165          2 1.604762e-01
      1166          0 1.580952e-01
      1166          1 1.573810e+00
      1166          2 1.628571e-01
      1167          0 1.604762e-01
      1167          1 1.602381e+00
      1167          2 1.652381e-01
      1168          0 1.628571e-01
      1168          1 1.630952e+00
      1168          2 1.676190e-01
      1169          0 1.652381e-01
      1169          1 1.659524e+00
      1169          2 1.700000e-01
      1170          0 1.676190e-01
      1170          1 1.688095e+00
      1170          2 1.723810e-01
      1171          0 1.700000e-01
      1171          1 1.716667e+00
      1171          2 1.747619e-01
      1172          0 1.723810e-01
      1172          1 1.745238e+00
      1172          2 1.771429e-01
      1173          0 1.747619e-01
      1173          1 1.773810e+00
      1173          2 1.795238e-01
      1174          0 1.771429e-01
      1174          1 1.802381e+00
      1174          2 1.819048e-01
      1175          0 1.795238e-01
      1175          1 1.830952e+00
      1175          2 1.842857e-01
      1176          0 1.819048e-01
      1176          1 1.859524e+00
      1176          2 1.866667e-01
      1177          0 1.842857e-01
      1177          1 1.888095e+00
      1177          2 1.890476e-01
      1178          0 1.866667e-01
      1178          1 1.916667e+00
      1178          2 1.914286e-01
      1179          0 1.890476e-01
      1179          1 1.945238e+00
      1179          2 1.938095e-01
      1180          0 1.914286e-01
      1180          1 1.973810e+00
      1180          2 1.961905e-01
      1181          0 1.938095e-01
      1181          1 2.002381e+00
      1181          2 1.985714e-01
      1182          0 1.961905e-01
      1182          1 2.030952e+00
      1182          2 2.009524e-01
      1183          0 1.985714e-01
      1183          1 2.059524e+00
      1183          2 2.033333e-01
      1184          0 2.009524e-01
      1184          1 2.088095e+00
      1184          2 2.057143e-01
      1185          0 2.033333e-01
      1185          1 2.116667e+00
      1185          2 2.080952e-01
      1186          0 2.057143e-01
      1186          1 2.145238e+00
      1186          2 2.104762e-01
      1187          0 2.080952e-01
      1187          1 2.173810e+00
      1187          2 2.128571e-01
      1188          0 2.104762e-01
      1188          1 2.202381e+00
      1188          2 2.152381e-01
      1189          0 2.128571e-01
      1189          1 2.230952e+00
      1189          2 2.176190e-01
      1190          0 2.152381e-01
      1190          1 2.259524e+00
      1190          2 2.200000e-01
      1191          0 2.176190e-01
      1191          1 2.288095e+00
      1191          2 2.223810e-01
      1192          0 2.200000e-01
      1192          1 2.316667e+00
      1192          2 2.247619e-01
      1193          0 2.223810e-01
      1193          1 2.345238e+00
      1193          2 2.271429e-01
      1194          0 2.247619e-01
      1194          1 2.373810e+00
      1194          2 2.295238e-01
      1195          0 2.271429e-01
      1195          1 2.402381e+00
      1195          2 2.319048e-01
      1196          0 2.295238e-01
      1196          1 2.430952e+00
      1196          2 2.342857e-01
      1197          0 2.319048e-01
      1197          1 2.459524e+00
      1197          2 2.366667e-01
      1198          0 2.342857e-01
      1198          1 2.488095e+00
      1198          2 2.390476e-01
      1199          0 2.366667e-01
      1199          1 2.516667e+00
      1199          2 2.414286e-01
      1200          0 2.390476e-01
      1200          1 2.545238e+00
      1200          2 2.438095e-01
      1201          0 2.414286e-01
      1201          1 2.573810e+00
      1201          2 2.461905e-01
      1202          0 2.438095e-01
      1202          1 2.602381e+00
      1202          2 2.485714e-01
      1203          0 2.461905e-01
      1203          1 2.630952e+00
      1203          2 2.509524e-01
      1204          0 2.485714e-01
      1204          1 2.659524e+00
      1204          2 2.533333e-01
      1205          0 2.509524e-01
      1205          1 2.688095e+00
      1205          2 2.557143e-01
      1206          0 2.533333e-01
      1206          1 2.716667e+00
      1206          2 2.580952e-01
      1207          0 2.557143e-01
      1207          1 2.745238e+00
      1207          2 2.604762e-01
      1208          0 2.580952e-01
      1208          1 2.773810e+00
      1208          2 2.628571e-01
      1209          0 2.604762e-01
      1209          1 2.802381e+00
      1209          2 2.652381e-01
      1210          0 2.628571e-01
      1210          1 2.830952e+00
      1210          2 2.676190e-01
      1211          0 2.646190e+00
      1211          1 2.647619e+00
      1211          2 2.650952e+00
      1212          0 2.952381e-02
      1212          1 2.380952e-03
      1212          2 3.428571e-02
      1213          0 3.190476e-02
      1213          1 3.333333e-02
      1213          2 3.666667e-02
      1214          0 3.428571e-02
      1214          1 6.428571e-02
      1214          2 3.904762e-02
      1215          0 3.666667e-02
      1215          1 9.523810e-02
      1215          2 4.142857e-02
      1216          0 3.904762e-02
      1216          1 1.261905e-01
      1216          2 4.380952e-02
      1217          0 4.142857e-02
      1217          1 1.571429e-01
      1217          2 4.619048e-02
      1218          0 4.380952e-02
      1218          1 1.880952e-01
      1218          2 4.857143e-02
      1219          0 4.619048e-02
      1219          1 2.190476e-01
      1219          2 5.095238e-02
      1220          0 4.857143e-02
      1220          1 2.500000e-01
      1220          2 5.333333e-02
      1221          0 5.095238e-02
      1221          1 2.809524e-01
      1221          2 5.571429e-02
      1222          0 5.333333e-02
      1222          1 3.119048e-01
      1222          2 5.809524e-02
      1223          0 5.571429e-02
      1223          1 3.428571e-01
      1223          2 6.047619e-02
      1224          0 5.809524e-02
      1224          1 3.738095e-01
      1224          2 6.285714e-02
      1225          0 6.047619e-02
      1225          1 4.047619e-01
      1225          2 6.523810e-02
      1226          0 6.285714e-02
      1226          1 4.357143e-01
      1226          2 6.761905e-02
      1227          0 6.523810e-02
      1227          1 4.666667e-01
      1227          2 7.000000e-02
      1228          0 6.761905e-02
      1228          1 4.976190e-01
      1228          2 7.238095e-02
      1229          0 7.000000e-02
      1229          1 5.285714e-01
      1229          2 7.476190e-02
      1230          0 7.238095e-02
      1230          1 5.595238e-01
      1230          2 7.714286e-02
      1231          0 7.476190e-02
      1231          1 5.904762e-01
      1231          2 7.952381e-02
      1232          0 7.714286e-02
      1232          1 6.214286e-01
      1232          2 8.190476e-02
      1233          0 7.952381e-02
      1233          1 6.523810e-01
      1233          2 8.428571e-02
      1234          0 8.190476e-02
      1234          1 6.833333e-01
      1234          2 8.666667e-02
      1235          0 8.428571e-02
      1235          1 7.142857e-01
      1235          2 8.904762e-02
      1236          0 8.666667e-02
      1236          1 7.452381e-01
      1236          2 9.142857e-02
      1237          0 8.904762e-02
      1237          1 7.761905e-01
      1237          2 9.380952e-02
      1238          0 9.142857e-02
      1238          1 8.071429e-01
      1238          2 9.619048e-02
      1239          0 9.380952e-02
      1239          1 8.380952e-01
      1239          2 9.857143e-02
      1240          0 9.619048e-02
      1240          1 8.690476e-01
      1240          2 1.009524e-01
      1241          0 9.857143e-02
      1241          1 9.000000e-01
      1241          2 1.033333e-01
      1242          0 1.009524e-01
      1242          1 9.309524e-01
      1242          2 1.057143e-01
      1243          0 1.033333e-01
      1243          1 9.619048e-01
      1243          2 1.080952e-01
      1244          0 1.057143e-01
      1244          1 9.928571e-01
      1244          2 1.104762e-01
      1245          0 1.080952e-01
      1245          1 1.023810e+00
      1245          2 1.128571e-01
      1246          0 1.104762e-01
      1246          1 1.054762e+00
      1246          2 1.152381e-01
      1247          0 1.128571e-01
      1247          1 1.085714e+00
      1247          2 1.176190e-01
      1248          0 1.152381e-01
      1248          1 1.116667e+00
      1248          2 1.200000e-01
      1249          0 1.176190e-01
      1249          1 1.147619e+00
      1249          2 1.223810e-01
      1250          0 1.200000e-01
      1250          1 1.178571e+00
      1250          2 1.247619e-01
      1251          0 1.223810e-01
      1251          1 1.209524e+00
      1251          2 1.271429e-01
      1252          0 1.247619e-01
      1252          1 1.240476e+00
      1252          2 1.295238e-01
      1253          0 1.271429e-01
      1253          1 1.271429e+00
      1253          2 1.319048e-01
      1254          0 1.295238e-01
      1254          1 1.302381e+00
      1254          2 1.342857e-01
      1255          0 1.319048e-01
      1255          1 1.333333e+00
      1255          2 1.366667e-01
      1256          0 1.342857e-01
      1256          1 1.364286e+00
      1256          2 1.390476e-01
      1257          0 1.366667e-01
      1257          1 1.395238e+00
      1257          2 1.414286e-01
      1258          0 1.390476e-01
      1258          1 1.426190e+00
      1258          2 1.438095e-01
      1259          0 1.414286e-01
      1259          1 1.457143e+00
      1259          2 1.461905e-01
      1260          0 1.438095e-01
      1260          1 1.488095e+00
      1260          2 1.485714e-01
      1261          0 1.461905e-01
      1261          1 1.519048e+00
      1261          2 1.509524e-01
      1262          0 1.485714e-01
      1262          1 1.550000e+00
      1262          2 1.533333e-01
      1263          0 1.509524e-01
      1263          1 1.580952e+00
      1263          2 1.557143e-01
      1264          0 1.533333e-01
      1264          1 1.611905e+00
      1264          2 1.580952e-01
      1265          0 1.557143e-01
      1265          1 1.642857e+00
      1265          2 1.604762e-01
      1266          0 1.580952e-01
      1266          1 1.673810e+00
      1266          2 1.628571e-01
      1267          0 1.604762e-01
      1267          1 1.704762e+00
      1267          2 1.652381e-01
      1268          0 1.628571e-01
      1268          1 1.735714e+00
      1268          2 1.676190e-01
      1269          0 1.652381e-01
      1269          1 1.766667e+00
      1269          2 1.700000e-01
      1270          0 1.676190e-01
      1270          1 1.797619e+00
      1270          2 1.723810e-01
      1271          0 1.700000e-01
      1271          1 1.828571e+00
      1271          2 1.747619e-01
      1272          0 1.723810e-01
      1272          1 1.859524e+00
      1272          2 1.771429e-01
      1273          0 1.747619e-01
      1273          1 1.890476e+00
      1273          2 1.795238e-01
      1274          0 1.771429e-01
      1274          1 1.921429e+00
      1274          2 1.819048e-01
      1275          0 1.795238e-01
      1275          1 1.952381e+00
      1275          2 1.842857e-01
      1276          0 1.819048e-01
      1276          1 1.983333e+00
      1276          2 1.866667e-01
      1277          0 1.842857e-01
      1277          1 2.014286e+00
      1277          2 1.890476e-01
      1278          0 1.866667e-01
      1278          1 2.045238e+00
      1278          2 1.914286e-01
      1279          0 1.890476e-01
      1279          1 2.076190e+00
      1279          2 1.938095e-01
      1280          0 1.914286e-01
      1280          1 2.107143e+00
      1280          2 1.961905e-01
      1281          0 1.938095e-01
      1281          1 2.138095e+00
      1281          2 1.985714e-01
      1282          0 1.961905e-01
      1282          1 2.169048e+00
      1282          2 2.009524e-01
      1283          0 1.985714e-01
      1283          1 2.200000e+00
      1283          2 2.033333e-01
      1284          0 2.009524e-01
      1284          1 2.230952e+00
      1284          2 2.057143e-01
      1285          0 2.033333e-01
      1285          1 2.261905e+00
      1285          2 2.080952e-01
      1286          0 2.057143e-01
      1286          1 2.292857e+00
      1286          2 2.104762e-01
      1287          0 2.080952e-01
      1287          1 2.323810e+00
      1287          2 2.128571e-01
      1288          0 2.104762e-01
      1288          1 2.354762e+00
      1288          2 2.152381e-01
      1289          0 2.128571e-01
      1289          1 2.385714e+00
      1289          2 2.176190e-01
      1290          0 2.152381e-01
      1290          1 2.416667e+00
      1290          2 2.200000e-01
      1291          0 2.176190e-01
      1291          1 2.447619e+00
      1291          2 2.223810e-01
      1292          0 2.200000e-01
      1292          1 2.478571e+00
      1292          2 2.247619e-01
      1293          0 2.223810e-01
      1293          1 2.509524e+00
      1293          2 2.271429e-01
      1294          0 2.247619e-01
      1294          1 2.540476e+00
      1294          2 2.295238e-01
      1295          0 2.271429e-01
      1295          1 2.571429e+00
      1295          2 2.319048e-01
      1296          0 2.295238e-01
      1296          1 2.602381e+00
      1296          2 2.342857e-01
      1297          0 2.319048e-01
      1297          1 2.633333e+00
      1297          2 2.366667e-01
      1298          0 2.342857e-01
      1298          1 2.664286e+00
      1298          2 2.390476e-01
      1299          0 2.366667e-01
      1299          1 2.695238e+00
      1299          2 2.414286e-01
      1300          0 2.390476e-01
      1300          1 2.726190e+00
      1300          2 2.438095e-01
      1301          0 2.414286e-01
      1301          1 2.757143e+00
      1301          2 2.461905e-01
      1302          0 2.438095e-01
      1302          1 2.788095e+00
      1302          2 2.485714e-01
      1303          0 2.461905e-01
      1303          1 2.819048e+00
      1303          2 2.509524e-01
      1304          0 2.485714e-01
      1304          1 2.850000e+00
      1304          2 2.533333e-01
      1305          0 2.509524e-01
      1305          1 2.880952e+00
      1305          2 2.557143e-01
      1306          0 2.533333e-01
      1306          1 2.911905e+00
      1306          2 2.580952e-01
      1307          0 2.557143e-01
      1307          1 2.942857e+00
      1307          2 2.604762e-01
      1308          0 2.580952e-01
      1308          1 2.973810e+00
      1308          2 2.628571e-01
      1309          0 2.604762e-01
      1309          1 3.004762e+00
      1309          2 2.652381e-01
      1310          0 2.628571e-01
      1310          1 3.035714e+00
      1310          2 2.676190e-01
      1311          0 2.652381e-01
      1311          1 3.066667e+00
      1311          2 2.700000e-01
      1312          0 2.648571e+00
      1312          1 2.650000e+00
      1312          2 2.653333e+00
      1313          0 3.190476e-02
      1313          1 2.380952e-03
      1313          2 3.666667e-02
      1314          0 3.428571e-02
      1314          1 3.571429e-02
      1314          2 3.904762e-02
      1315          0 3.666667e-02
      1315          1 6.904762e-02
      1315          2 4.142857e-02
      1316          0 3.904762e-02
      1316          1 1.023810e-01
      1316          2 4.380952e-02
      1317          0 4.142857e-02
      1317          1 1.357143e-01
      1317          2 4.619048e-02
      1318          0 4.380952e-02
      1318          1 1.690476e-01
      1318          2 4.857143e-02
      1319          0 4.619048e-02
      1319          1 2.023810e-01
      1319          2 5.095238e-02
      1320          0 4.857143e-02
      1320          1 2.357143e-01
      1320          2 5.333333e-02
      1321          0 5.095238e-02
      1321          1 2.690476e-01
      1321          2 5.571429e-02
      1322          0 5.333333e-02
      1322          1 3.023810e-01
      1322          2 5.809524e-02
      1323          0 5.571429e-02
      1323          1 3.357143e-01
      1323          2 6.047619e-02
      1324          0 5.809524e-02
      1324          1 3.690476e-01
      1324          2 6.285714e-02
      1325          0 6.047619e-02
      1325          1 4.023810e-01
      1325          2 6.523810e-02
      1326          0 6.285714e-02
      1326          1 4.357143e-01
      1326          2 6.761905e-02
      1327          0 6.523810e-02
      1327          1 4.690476e-01
      1327          2 7.000000e-02
      1328          0 6.761905e-02
      1328          1 5.023810e-01
      1328          2 7.238095e-02
      1329          0 7.000000e-02
      1329          1 5.357143e-01
      1329          2 7.476190e-02
      1330          0 7.238095e-02
      1330          1 5.690476e-01
      1330          2 7.714286e-02
      1331          0 7.476190e-02
      1331          1 6.023810e-01
      1331          2 7.952381e-02
      1332          0 7.714286e-02
      1332          1 6.357143e-01
      1332          2 8.190476e-02
      1333          0 7.952381e-02
      1333          1 6.690476e-01
      1333          2 8.428571e-02
      1334          0 8.190476e-02
      1334          1 7.023810e-01
      1334          2 8.666667e-02
      1335          0 8.428571e-02
      1335          1 7.357143e-01
      1335          2 8.904762e-02
      1336          0 8.666667e-02
      1336          1 7.690476e-01
      1336          2 9.142857e-02
      1337          0 8.904762e-02
      1337          1 8.023810e-01
      1337          2 9.380952e-02
      1338          0 9.142857e-02
      1338          1 8.357143e-01
      1338          2 9.619048e-02
      1339          0 9.380952e-02
      1339          1 8.690476e-01
      1339          2 9.857143e-02
      1340          0 9.619048e-02
      1340          1 9.023810e-01
      1340          2 1.009524e-01
      1341          0 9.857143e-02
      1341          1 9.357143e-01
      1341          2 1.033333e-01
      1342          0 1.009524e-01
      1342          1 9.690476e-01
      1342          2 1.057143e-01
      1343          0 1.033333e-01
      1343          1 1.002381e+00
      1343          2 1.080952e-01
      1344          0 1.057143e-01
      1344          1 1.035714e+00
      1344          2 1.104762e-01
      1345          0 1.080952e-01
      1345          1 1.069048e+00
      1345          2 1.128571e-01
      1346          0 1.104762e-01
      1346          1 1.102381e+00
      1346          2 1.152381e-01
      1347          0 1.128571e-01
      1347          1 1.135714e+00
      1347          2 1.176190e-01
      1348          0 1.152381e-01
      1348          1 1.169048e+00
      1348          2 1.200000e-01
      1349          0 1.176190e-01
      1349          1 1.202381e+00
      1349          2 1.223810e-01
      1350          0 1.200000e-01
      1350          1 1.235714e+00
      1350          2 1.247619e-01
      1351          0 1.223810e-01
      1351          1 1.269048e+00
      1351          2 1.271429e-01
      1352          0 1.247619e-01
      1352          1 1.302381e+00
      1352          2 1.295238e-01
      1353          0 1.271429e-01
      1353          1 1.335714e+00
      1353          2 1.319048e-01
      1354          0 1.295238e-01
      1354          1 1.369048e+00
      1354          2 1.342857e-01
      1355          0 1.319048e-01
      1355          1 1.402381e+00
      1355          2 1.366667e-01
      1356          0 1.342857e-01
      1356          1 1.435714e+00
      1356          2 1.390476e-01
      1357          0 1.366667e-01
      1357          1 1.469048e+00
      1357          2 1.414286e-01
      1358          0 1.390476e-01
      1358          1 1.502381e+00
      1358          2 1.438095e-01
      1359          0 1.414286e-01
      1359          1 1.535714e+00
      1359          2 1.461905e-01
      1360          0 1.438095e-01
      1360          1 1.569048e+00
      1360          2 1.485714e-01
      1361          0 1.461905e-01
      1361          1 1.602381e+00
      1361          2 1.509524e-01
      1362          0 1.485714e-01
      1362          1 1.635714e+00
      1362          2 1.533333e-01
      1363          0 1.509524e-01
      1363          1 1.669048e+00
      1363          2 1.557143e-01
      1364          0 1.533333e-01
      1364          1 1.702381e+00
      1364          2 1.580952e-01
      1365          0 1.557143e-01
      1365          1 1.735714e+00
      1365          2 1.604762e-01
      1366          0 1.580952e-01
      1366          1 1.769048e+00
      1366          2 1.628571e-01
      1367          0 1.604762e-01
      1367          1 1.802381e+00
      1367          2 1.652381e-01
      1368          0 1.628571e-01
      1368          1 1.835714e+00
      1368          2 1.676190e-01
      1369          0 1.652381e-01
      1369          1 1.869048e+00
      1369          2 1.700000e-01
      1370          0 1.676190e-01
      1370          1 1.902381e+00
      1370          2 1.723810e-01
      1371          0 1.700000e-01
      1371          1 1.935714e+00
      1371          2 1.747619e-01
      1372          0 1.723810e-01
      1372          1 1.969048e+00
      1372          2 1.771429e-01
      1373          0 1.747619e-01
      1373          1 2.002381e+00
      1373          2 1.795238e-01
      1374          0 1.771429e-01
      1374          1 2.035714e+00
      1374          2 1.819048e-01
      1375          0 1.795238e-01
      1375          1 2.069048e+00
      1375          2 1.842857e-01
      1376          0 1.819048e-01
      1376          1 2.102381e+00
      1376          2 1.866667e-01
      1377          0 1.842857e-01
      1377          1 2.135714e+00
      1377          2 1.890476e-01
      1378          0 1.866667e-01
      1378          1 2.169048e+00
      1378          2 1.914286e-01
      1379          0 1.890476e-01
      1379          1 2.202381e+00
      1379          2 1.938095e-01
      1380          0 1.914286e-01
      1380          1 2.235714e+00
      1380          2 1.961905e-01
      1381          0 1.938095e-01
      1381          1 2.269048e+00
      1381          2 1.985714e-01
      1382          0 1.961905e-01
      1382          1 2.302381e+00
      1382          2 2.009524e-01
      1383          0 1.985714e-01
      1383          1 2.335714e+00
      1383          2 2.033333e-01
      1384          0 2.009524e-01
      1384          1 2.369048e+00
      1384          2 2.057143e-01
      1385          0 2.033333e-01
      1385          1 2.402381e+00
      1385          2 2.080952e-01
      1386          0 2.057143e-01
      1386          1 2.435714e+00
      1386          2 2.104762e-01
      1387          0 2.080952e-01
      1387          1 2.469048e+00
      1387          2 2.128571e-01
      1388          0 2.104762e-01
      1388          1 2.502381e+00
      1388          2 2.152381e-01
      1389          0 2.128571e-01
      1389          1 2.535714e+00
      1389          2 2.176190e-01
      1390          0 2.152381e-01
      1390          1 2.569048e+00
      1390          2 2.200000e-01
      1391          0 2.176190e-01
      1391          1 2.602381e+00
      1391          2 2.223810e-01
      1392          0 2.200000e-01
      1392          1 2.635714e+00
      1392          2 2.247619e-01
      1393          0 2.223810e-01
      1393          1 2.669048e+00
      1393          2 2.271429e-01
      1394          0 2.247619e-01
      1394          1 2.702381e+00
      1394          2 2.295238e-01
      1395          0 2.271429e-01
      1395          1 2.735714e+00
      1395          2 2.319048e-01
      1396          0 2.295238e-01
      1396          1 2.769048e+00
      1396          2 2.342857e-01
      1397          0 2.319048e-01
      1397          1 2.802381e+00
      1397          2 2.366667e-01
      1398          0 2.342857e-01
      1398          1 2.835714e+00
      1398          2 2.390476e-01
      1399          0 2.366667e-01
      1399          1 2.869048e+00
      1399          2 2.414286e-01
      1400          0 2.390476e-01
      1400          1 2.902381e+00
      1400          2 2.438095e-01
      1401          0 2.414286e-01
      1401          1 2.935714e+00
      1401          2 2.461905e-01
      1402          0 2.438095e-01
      1402          1 2.969048e+00
      1402          2 2.485714e-01
      1403          0 2.461905e-01
      1403          1 3.002381e+00
      1403          2 2.509524e-01
      1404          0 2.485714e-01
      1404          1 3.035714e+00
      1404          2 2.533333e-01
      1405          0 2.509524e-01
      1405          1 3.069048e+00
      1405          2 2.557143e-01
      1406          0 2.533333e-01
      1406          1 3.102381e+00
      1406          2 2.580952e-01
      1407          0 2.557143e-01
      1407          1 3.135714e+00
      1407          2 2.604762e-01
      1408          0 2.580952e-01
      1408          1 3.169048e+00
      1408          2 2.628571e-01
      1409          0 2.604762e-01
      1409          1 3.202381e+00
      1409          2 2.652381e-01
      1410          0 2.628571e-01
      1410          1 3.235714e+00
      1410          2 2.676190e-01
      1411          0 2.652381e-01
      1411          1 3.269048e+00
      1411          2 2.700000e-01
      1412          0 2.676190e-01
      1412          1 3.302381e+00
      1412          2 2.723810e-01
      1413          0 2.650952e+00
      1413          1 2.652381e+00
      1413          2 2.655714e+00
      1414          0 3.428571e-02
      1414          1 2.380952e-03
      1414          2 3.904762e-02
      1415          0 3.666667e-02
      1415          1 3.809524e-02
      1415          2 4.142857e-02
      1416          0 3.904762e-02
      1416          1 7.380952e-02
      1416          2 4.380952e-02
      1417          0 4.142857e-02
      1417          1 1.095238e-01
      1417          2 4.619048e-02
      1418          0 4.380952e-02
      1418          1 1.452381e-01
      1418          2 4.857143e-02
      1419          0 4.619048e-02
      1419          1 1.809524e-01
      1419          2 5.095238e-02
      1420          0 4.857143e-02
      1420          1 2.166667e-01
      1420          2 5.333333e-02
      1421          0 5.095238e-02
      1421          1 2.523810e-01
      1421          2 5.571429e-02
      1422          0 5.333333e-02
      1422          1 2.880952e-01
      1422          2 5.809524e-02
      1423          0 5.571429e-02
      1423          1 3.238095e-01
      1423          2 6.047619e-02
      1424          0 5.809524e-02
      1424          1 3.595238e-01
      1424          2 6.285714e-02
      1425          0 6.047619e-02
      1425          1 3.952381e-01
      1425          2 6.523810e-02
      1426          0 6.285714e-02
      1426          1 4.309524e-01
      1426          2 6.761905e-02
      1427          0 6.523810e-02
      1427          1 4.666667e-01
      1427          2 7.000000e-02
      1428          0 6.761905e-02
      1428          1 5.023810e-01
      1428          2 7.238095e-02
      1429          0 7.000000e-02
      1429          1 5.380952e-01
      1429          2 7.476190e-02
      1430          0 7.238095e-02
      1430          1 5.738095e-01
      1430          2 7.714286e-02
      1431          0 7.476190e-02
      1431          1 6.095238e-01
      1431          2 7.952381e-02
      1432          0 7.714286e-02
      1432          1 6.452381e-01
      1432          2 8.190476e-02
      1433          0 7.952381e-02
      1433          1 6.809524e-01
      1433          2 8.428571e-02
      1434          0 8.190476e-02
      1434          1 7.166667e-01
      1434          2 8.666667e-02
      1435          0 8.428571e-02
      1435          1 7.523810e-01
      1435          2 8.904762e-02
      1436          0 8.666667e-02
      1436          1 7.880952e-01
      1436          2 9.142857e-02
      1437          0 8.904762e-02
      1437          1 8.238095e-01
      1437          2 9.380952e-02
      1438          0 9.142857e-02
      1438          1 8.595238e-01
      1438          2 9.619048e-02
      1439          0 9.380952e-02
      1439          1 8.952381e-01
      1439          2 9.857143e-02
      1440          0 9.619048e-02
      1440          1 9.309524e-01
      1440          2 1.009524e-01
      1441          0 9.857143e-02
      1441          1 9.666667e-01
      1441          2 1.033333e-01
      1442          0 1.009524e-01
      1442          1 1.002381e+00
      1442          2 1.057143e-01
      1443          0 1.033333e-01
      1443          1 1.038095e+00
      1443          2 1.080952e-01
      1444          0 1.057143e-01
      1444          1 1.073810e+00
      1444          2 1.104762e-01
      1445          0 1.080952e-01
      1445          1 1.109524e+00
      1445          2 1.128571e-01
      1446          0 1.104762e-01
      1446          1 1.145238e+00
      1446          2 1.152381e-01
      1447          0 1.128571e-01
      1447          1 1.180952e+00
      1447          2 1.176190e-01
      1448          0 1.152381e-01
      1448          1 1.216667e+00
      1448          2 1.200000e-01
      1449          0 1.176190e-01
      1449          1 1.252381e+00
      1449          2 1.223810e-01
      1450          0 1.200000e-01
      1450          1 1.288095e+00
      1450          2 1.247619e-01
      1451          0 1.223810e-01
      1451          1 1.323810e+00
      1451          2 1.271429e-01
      1452          0 1.247619e-01
      1452          1 1.359524e+00
      1452          2 1.295238e-01
      1453          0 1.271429e-01
      1453          1 1.395238e+00
      1453          2 1.319048e-01
      1454          0 1.295238e-01
      1454          1 1.430952e+00
      1454          2 1.342857e-01
      1455          0 1.319048e-01
      1455          1 1.466667e+00
      1455          2 1.366667e-01
      1456          0 1.342857e-01
      1456          1 1.502381e+00
      1456          2 1.390476e-01
      1457          0 1.366667e-01
      1457          1 1.538095e+00
      1457          2 1.414286e-01
      1458          0 1.390476e-01
      1458          1 1.573810e+00
      1458          2 1.438095e-01
      1459          0 1.414286e-01
      1459          1 1.609524e+00
      1459          2 1.461905e-01
      1460          0 1.438095e-01
      1460          1 1.645238e+00
      1460          2 1.485714e-01
      1461          0 1.461905e-01
      1461          1 1.680952e+00
      1461          2 1.509524e-01
      1462          0 1.485714e-01
      1462          1 1.716667e+00
      1462          2 1.533333e-01
      1463          0 1.509524e-01
      1463          1 1.752381e+00
      1463          2 1.557143e-01
      1464          0 1.533333e-01
      1464          1 1.788095e+00
      1464          2 1.580952e-01
      1465          0 1.557143e-01
      1465          1 1.823810e+00
      1465          2 1.604762e-01
      1466          0 1.580952e-01
      1466          1 1.859524e+00
      1466          2 1.628571e-01
      1467          0 1.604762e-01
      1467          1 1.895238e+00
      1467          2 1.652381e-01
      1468          0 1.628571e-01
      1468          1 1.930952e+00
      1468          2 1.676190e-01
      1469          0 1.652381e-01
      1469          1 1.966667e+00
      1469          2 1.700000e-01
      1470          0 1.676190e-01
      1470          1 2.002381e+00
      1470          2 1.723810e-01
      1471          0 1.700000e-01
      1471          1 2.038095e+00
      1471          2 1.747619e-01
      1472          0 1.723810e-01
      1472          1 2.073810e+00
      1472          2 1.771429e-01
      1473          0 1.747619e-01
      1473          1 2.109524e+00
      1473          2 1.795238e-01
      1474          0 1.771429e-01
      1474          1 2.145238e+00
      1474          2 1.819048e-01
      1475          0 1.795238e-01
      1475          1 2.180952e+00
      1475          2 1.842857e-01
      1476          0 1.819048e-01
      1476          1 2.216667e+00
      1476          2 1.866667e-01
      1477          0 1.842857e-01
      1477          1 2.252381e+00
      1477          2 1.890476e-01
      1478          0 1.866667e-01
      1478          1 2.288095e+00
      1478          2 1.914286e-01
      1479          0 1.890476e-01
      1479          1 2.323810e+00
      1479          2 1.938095e-01
      1480          0 1.914286e-01
      1480          1 2.359524e+00
      1480          2 1.961905e-01
      1481          0 1.938095e-01
      1481          1 2.395238e+00
      1481          2 1.985714e-01
      1482          0 1.961905e-01
      1482          1 2.430952e+00
      1482          2 2.009524e-01
      1483          0 1.985714e-01
      1483          1 2.466667e+00
      1483          2 2.033333e-01
      1484          0 2.009524e-01
      1484          1 2.502381e+00
      1484          2 2.057143e-01
      1485          0 2.033333e-01
      1485          1 2.538095e+00
      1485          2 2.080952e-01
      1486          0 2.057143e-01
      1486          1 2.573810e+00
      1486          2 2.104762e-01
      1487          0 2.080952e-01
      1487          1 2.609524e+00
      1487          2 2.128571e-01
      1488          0 2.104762e-01
      1488          1 2.645238e+00
      1488          2 2.152381e-01
      1489          0 2.128571e-01
      1489          1 2.680952e+00
      1489          2 2.176190e-01
      1490          0 2.152381e-01
      1490          1 2.716667e+00
      1490          2 2.200000e-01
      1491          0 2.176190e-01
      1491          1 2.752381e+00
      1491          2 2.223810e-01
      1492          0 2.200000e-01
      1492          1 2.788095e+00
      1492          2 2.247619e-01
      1493          0 2.223810e-01
      1493          1 2.823810e+00
      1493          2 2.271429e-01
      1494          0 2.247619e-01
      1494          1 2.859524e+00
      1494          2 2.295238e-01
      1495          0 2.271429e-01
      1495          1 2.895238e+00
      1495          2 2.319048e-01
      1496          0 2.295238e-01
      1496          1 2.930952e+00
      1496          2 2.342857e-01
      1497          0 2.319048e-01
      1497          1 2.966667e+00
      1497          2 2.366667e-01
      1498          0 2.342857e-01
      1498          1 3.002381e+00
      1498          2 2.390476e-01
      1499          0 2.366667e-01
      1499          1 3.038095e+00
      1499          2 2.414286e-01
      1500          0 2.390476e-01
      1500          1 3.073810e+00
      1500          2 2.438095e-01
      1501          0 2.414286e-01
      1501          1 3.109524e+00
      1501          2 2.461905e-01
      1502          0 2.438095e-01
      1502          1 3.145238e+00
      1502          2 2.485714e-01
      1503          0 2.461905e-01
      1503          1 3.180952e+00
      1503          2 2.509524e-01
      1504          0 2.485714e-01
      1504          1 3.216667e+00
      1504          2 2.533333e-01
      1505          0 2.509524e-01
      1505          1 3.252381e+00
      1505          2 2.557143e-01
      1506          0 2.533333e-01
      1506          1 3.288095e+00
      1506          2 2.580952e-01
      1507          0 2.557143e-01
      1507          1 3.323810e+00
      1507          2 2.604762e-01
      1508          0 2.580952e-01
      1508          1 3.359524e+00
      1508          2 2.628571e-01
      1509          0 2.604762e-01
      1509          1 3.395238e+00
      1509          2 2.652381e-01
      1510          0 2.628571e-01
      1510          1 3.430952e+00
      1510          2 2.676190e-01
      1511          0 2.652381e-01
      1511          1 3.466667e+00
      1511          2 2.700000e-01
      1512          0 2.676190e-01
      1512          1 3.502381e+00
      1512          2 2.723810e-01
      1513          0 2.700000e-01
      1513          1 3.538095e+00
      1513          2 2.747619e-01
      1514          0 2.653333e+00
      1514          1 2.654762e+00
      1514          2 2.658095e+00
      1515          0 3.666667e-02
      1515          1 2.380952e-03
      1515          2 3.904762e-02
      1516          0 3.904762e-02
      1516          1 4.047619e-02
      1516          2 4.142857e-02
      1517          0 4.142857e-02
      1517          1 7.857143e-02
      1517          2 4.380952e-02
      1518          0 4.380952e-02
      1518          1 1.166667e-01
      1518          2 4.619048e-02
      1519          0 4.619048e-02
      1519          1 1.547619e-01
      1519          2 4.857143e-02
      1520          0 4.857143e-02
      1520          1 1.928571e-01
      1520          2 5.095238e-02
      1521          0 5.095238e-02
      1521          1 2.309524e-01
      1521          2 5.333333e-02
      1522          0 5.333333e-02
      1522          1 2.690476e-01
      1522          2 5.571429e-02
      1523          0 5.571429e-02
      1523          1 3.071429e-01
      1523          2 5.809524e-02
      1524          0 5.809524e-02
      1524          1 3.452381e-01
      1524          2 6.047619e-02
      1525          0 6.047619e-02
      1525          1 3.833333e-01
      1525          2 6.285714e-02
      1526          0 6.285714e-02
      1526          1 4.214286e-01
      1526          2 6.523810e-02
      1527          0 6.523810e-02
      1527          1 4.595238e-01
      1527          2 6.761905e-02
      1528          0 6.761905e-02
      1528          1 4.976190e-01
      1528          2 7.000000e-02
      1529          0 7.000000e-02
      1529          1 5.357143e-01
      1529          2 7.238095e-02
      1530          0 7.238095e-02
      1530          1 5.738095e-01
      1530          2 7.476190e-02
      1531          0 7.476190e-02
      1531          1 6.119048e-01
      1531          2 7.714286e-02
      1532          0 7.714286e-02
      1532          1 6.500000e-01
      1532          2 7.952381e-02
      1533          0 7.952381e-02
      1533          1 6.880952e-01
      1533          2 8.190476e-02
      1534          0 8.190476e-02
      1534          1 7.261905e-01
      1534          2 8.428571e-02
      1535          0 8.428571e-02
      1535          1 7.642857e-01
      1535          2 8.666667e-02
      1536          0 8.666667e-02
      1536          1 8.023810e-01
      1536          2 8.904762e-02
      1537          0 8.904762e-02
      1537          1 8.404762e-01
      1537          2 9.142857e-02
      1538          0 9.142857e-02
      1538          1 8.785714e-01
      1538          2 9.380952e-02
      1539          0 9.380952e-02
      1539          1 9.166667e-01
      1539          2 9.619048e-02
      1540          0 9.619048e-02
      1540          1 9.547619e-01
      1540          2 9.857143e-02
      1541          0 9.857143e-02
      1541          1 9.928571e-01
      1541          2 1.009524e-01
      1542          0 1.009524e-01
      1542          1 1.030952e+00
      1542          2 1.033333e-01
      1543          0 1.033333e-01
      1543          1 1.069048e+00
      1543          2 1.057143e-01
      1544          0 1.057143e-01
      1544          1 1.107143e+00
      1544          2 1.080952e-01
      1545          0 1.080952e-01
      1545          1 1.145238e+00
      1545          2 1.104762e-01
      1546          0 1.104762e-01
      1546          1 1.183333e+00
      1546          2 1.128571e-01
      1547          0 1.128571e-01
      1547          1 1.221429e+00
      1547          2 1.152381e-01
      1548          0 1.152381e-01
      1548          1 1.259524e+00
      1548          2 1.176190e-01
      1549          0 1.176190e-01
      1549          1 1.297619e+00
      1549          2 1.200000e-01
      1550          0 1.200000e-01
      1550          1 1.335714e+00
      1550          2 1.223810e-01
      1551          0 1.223810e-01
      1551          1 1.373810e+00
      1551          2 1.247619e-01
      1552          0 1.247619e-01
      1552          1 1.411905e+00
      1552          2 1.271429e-01
      1553          0 1.271429e-01
      1553          1 1.450000e+00
      1553          2 1.295238e-01
      1554          0 1.295238e-01
      1554          1 1.488095e+00
      1554          2 1.319048e-01
      1555          0 1.319048e-01
      1555          1 1.526190e+00
      1555          2 1.342857e-01
      1556          0 1.342857e-01
      1556          1 1.564286e+00
      1556          2 1.366667e-01
      1557          0 1.366667e-01
      1557          1 1.602381e+00
      1557          2 1.390476e-01
      1558          0 1.390476e-01
      1558          1 1.640476e+00
      1558          2 1.414286e-01
      1559          0 1.414286e-01
      1559          1 1.678571e+00
      1559          2 1.438095e-01
      1560          0 1.438095e-01
      1560          1 1.716667e+00
      1560          2 1.461905e-01
      1561          0 1.461905e-01
      1561          1 1.754762e+00
      1561          2 1.485714e-01
      1562          0 1.485714e-01
      1562          1 1.792857e+00
      1562          2 1.509524e-01
      1563          0 1.509524e-01
      1563          1 1.830952e+00
      1563          2 1.533333e-01
      1564          0 1.533333e-01
      1564          1 1.869048e+00
      1564          2 1.557143e-01
      1565          0 1.557143e-01
      1565          1 1.907143e+00
      1565          2 1.580952e-01
      1566          0 1.580952e-01
      1566          1 1.945238e+00
      1566          2 1.604762e-01
      1567          0 1.604762e-01
      1567          1 1.983333e+00
      1567          2 1.628571e-01
      1568          0 1.628571e-01
      1568          1 2.021429e+00
      1568          2 1.652381e-01
      1569          0 1.652381e-01
      1569          1 2.059524e+00
      1569          2 1.676190e-01
      1570          0 1.676190e-01
      1570          1 2.097619e+00
      1570          2 1.700000e-01
      1571          0 1.700000e-01
      1571          1 2.135714e+00
      1571          2 1.723810e-01
      1572          0 1.723810e-01
      1572          1 2.173810e+00
      1572          2 1.747619e-01
      1573          0 1.747619e-01
      1573          1 2.211905e+00
      1573          2 1.771429e-01
      1574          0 1.771429e-01
      1574          1 2.250000e+00
      1574          2 1.795238e-01
      1575          0 1.795238e-01
      1575          1 2.288095e+00
      1575          2 1.819048e-01
      1576          0 1.819048e-01
      1576          1 2.326190e+00
      1576          2 1.842857e-01
      1577          0 1.842857e-01
      1577          1 2.364286e+00
      1577          2 1.866667e-01
      1578          0 1.866667e-01
      1578          1 2.402381e+00
      1578          2 1.890476e-01
      1579          0 1.890476e-01
      1579          1 2.440476e+00
      1579          2 1.914286e-01
      1580          0 1.914286e-01
      1580          1 2.478571e+00
      1580          2 1.938095e-01
      1581          0 1.938095e-01
      1581          1 2.516667e+00
      1581          2 1.961905e-01
      1582          0 1.961905e-01
      1582          1 2.554762e+00
      1582          2 1.985714e-01
      1583          0 1.985714e-01
      1583          1 2.592857e+00
      1583          2 2.009524e-01
      1584          0 2.009524e-01
      1584          1 2.630952e+00
      1584          2 2.033333e-01
      1585          0 2.033333e-01
      1585          1 2.669048e+00
      1585          2 2.057143e-01
      1586          0 2.057143e-01
      1586          1 2.707143e+00
      1586          2 2.080952e-01
      1587          0 2.080952e-01
      1587          1 2.745238e+00
      1587          2 2.104762e-01
      1588          0 2.104762e-01
      1588          1 2.783333e+00
      1588          2 2.128571e-01
      1589          0 2.128571e-01
      1589          1 2.821429e+00
      1589          2 2.152381e-01
      1590          0 2.152381e-01
      1590          1 2.859524e+00
      1590          2 2.176190e-01
      1591          0 2.176190e-01
      1591          1 2.897619e+00
      1591          2 2.200000e-01
      1592          0 2.200000e-01
      1592          1 2.935714e+00
      1592          2 2.223810e-01
      1593          0 2.223810e-01
      1593          1 2.973810e+00
      1593          2 2.247619e-01
      1594          0 2.247619e-01
      1594          1 3.011905e+00
      1594          2 2.271429e-01
      1595          0 2.271429e-01
      1595          1 3.050000e+00
      1595          2 2.295238e-01
      1596          0 2.295238e-01
      1596          1 3.088095e+00
      1596          2 2.319048e-01
      1597          0 2.319048e-01
      1597          1 3.126190e+00
      1597          2 2.342857e-01
      1598          0 2.342857e-01
      1598          1 3.164286e+00
      1598          2 2.366667e-01
      1599          0 2.366667e-01
      1599          1 3.202381e+00
      1599          2 2.390476e-01
      1600          0 2.390476e-01
      1600          1 3.240476e+00
      1600          2 2.414286e-01
      1601          0 2.414286e-01
      1601          1 3.278571e+00
      1601          2 2.438095e-01
      1602          0 2.438095e-01
      1602          1 3.316667e+00
      1602          2 2.461905e-01
      1603          0 2.461905e-01
      1603          1 3.354762e+00
      1603          2 2.485714e-01
      1604          0 2.485714e-01
      1604          1 3.392857e+00
      1604          2 2.509524e-01
      1605          0 2.509524e-01
      1605          1 3.430952e+00
      1605          2 2.533333e-01
      1606          0 2.533333e-01
      1606          1 3.469048e+00
      1606          2 2.557143e-01
      1607          0 2.557143e-01
      1607          1 3.507143e+00
      1607          2 2.580952e-01
      1608          0 2.580952e-01
      1608          1 3.545238e+00
      1608          2 2.604762e-01
      1609          0 2.604762e-01
      1609          1 3.583333e+00
      1609          2 2.628571e-01
      1610          0 2.628571e-01
      1610          1 3.621429e+00
      1610          2 2.652381e-01
      1611          0 2.652381e-01
      1611          1 3.659524e+00
      1611          2 2.676190e-01
      1612          0 2.676190e-01
      1612          1 3.697619e+00
      1612          2 2.700000e-01
      1613          0 2.700000e-01
      1613          1 3.735714e+00
      1613          2 2.723810e-01
      1614          0 2.723810e-01
      1614          1 3.773810e+00
      1614          2 2.747619e-01
      1615          0 2.655714e+00
      1615          1 2.657143e+00
      1615          2 2.658095e+00

#############################################


End of Printing MDP
Call of  value iteration
********************************
Print value iteration Solution
#############################################
Solution of MDP problem
Size of the state space: 1616
#############################################
Solution model: Feedback Stationary Policy
- column 1: index of the state
- column 2: Value function 
- column 3: Optimal action 

  0          0.066666   0
  1          0.243274   1
  2          0.311324   1
  3          0.362178   1
  4          0.410309   1
  5          0.458009   1
  6          0.505641   1
  7          0.553261   1
  8           0.60088   1
  9          0.648499   1
 10          0.696117   1
 11          0.743736   1
 12          0.791354   1
 13          0.838973   1
 14          0.886591   1
 15           0.93421   1
 16          0.981829   1
 17           1.02945   1
 18           1.07707   1
 19           1.12468   1
 20            1.1723   1
 21           1.21992   1
 22           1.26754   1
 23           1.31516   1
 24           1.36278   1
 25            1.4104   1
 26           1.45801   1
 27           1.50563   1
 28           1.55325   1
 29           1.60087   1
 30           1.64849   1
 31           1.69611   1
 32           1.74373   1
 33           1.79134   1
 34           1.83896   1
 35           1.88658   1
 36            1.9342   1
 37           1.98182   1
 38           2.02944   1
 39           2.07706   1
 40           2.12467   1
 41           2.17229   1
 42           2.21991   1
 43           2.26753   1
 44           2.31515   1
 45           2.36277   1
 46           2.41039   1
 47           2.45801   1
 48           2.50562   1
 49           2.55324   1
 50           2.60086   1
 51           2.64848   1
 52            2.6961   1
 53           2.74372   1
 54           2.79134   1
 55           2.83896   1
 56           2.88659   1
 57           2.93421   1
 58           2.98183   1
 59           3.02945   1
 60           3.07708   1
 61           3.12471   1
 62           3.17234   1
 63           3.21997   1
 64            3.2676   1
 65           3.31524   1
 66           3.36289   1
 67           3.41054   1
 68            3.4582   1
 69           3.50587   1
 70           3.55356   1
 71           3.60126   1
 72           3.64898   1
 73           3.69674   1
 74           3.74452   1
 75           3.79235   1
 76           3.84024   1
 77            3.8882   1
 78           3.93624   1
 79            3.9844   1
 80            4.0327   1
 81           4.08118   1
 82           4.12988   1
 83           4.17887   1
 84           4.22821   1
 85           4.27801   1
 86           4.32839   1
 87           4.37948   1
 88           4.43149   1
 89           4.48466   1
 90           4.53928   1
 91           4.59574   2
 92           4.65937   2
 93           4.75041   2
 94           4.91528   2
 95           5.26368   2
 96           6.02921   2
 97           7.66076   2
 98           10.9251   2
 99            17.008   2
100           27.6814   2
101          0.210277   1
102          0.246237   0
103          0.314287   0
104          0.365141   0
105          0.413272   0
106          0.460972   0
107          0.508604   0
108          0.556224   0
109          0.603843   0
110          0.651462   0
111           0.69908   0
112          0.746699   0
113          0.794317   0
114          0.841936   0
115          0.889554   0
116          0.937173   0
117          0.984792   0
118           1.03241   0
119           1.08003   0
120           1.12765   0
121           1.17527   0
122           1.22288   0
123            1.2705   0
124           1.31812   0
125           1.36574   0
126           1.41336   0
127           1.46098   0
128            1.5086   0
129           1.55621   0
130           1.60383   0
131           1.65145   0
132           1.69907   0
133           1.74669   0
134           1.79431   0
135           1.84193   0
136           1.88954   0
137           1.93716   0
138           1.98478   0
139            2.0324   0
140           2.08002   0
141           2.12764   0
142           2.17526   0
143           2.22287   0
144           2.27049   0
145           2.31811   0
146           2.36573   0
147           2.41335   0
148           2.46097   0
149           2.50859   0
150           2.55621   0
151           2.60383   0
152           2.65145   0
153           2.69907   0
154           2.74669   0
155           2.79431   0
156           2.84193   0
157           2.88955   0
158           2.93717   0
159           2.98479   0
160           3.03242   0
161           3.08004   0
162           3.12767   0
163            3.1753   0
164           3.22293   0
165           3.27057   0
166           3.31821   0
167           3.36585   0
168            3.4135   0
169           3.46116   0
170           3.50883   0
171           3.55652   0
172           3.60422   0
173           3.65195   0
174            3.6997   0
175           3.74748   0
176           3.79532   0
177            3.8432   0
178           3.89116   0
179            3.9392   0
180           3.98736   0
181           4.03566   0
182           4.08414   0
183           4.13284   0
184           4.18183   0
185           4.23118   0
186           4.28098   0
187           4.33135   0
188           4.38245   0
189           4.43446   0
190           4.48762   0
191           4.54091   2
192           4.59348   2
193           4.65042   2
194           4.72202   2
195            4.8363   2
196           5.06439   2
197           5.57293   2
198           6.71213   2
199           9.14301   2
200           13.9685   2
201           22.8464   2
202          0.222346   0
203          0.275941   0
204          0.314578   0
205          0.367554   0
206          0.416021   0
207          0.463774   0
208          0.511414   0
209          0.559036   0
210          0.606655   0
211          0.654273   0
212          0.701892   0
213          0.749511   0
214          0.797129   0
215          0.844748   0
216          0.892366   0
217          0.939985   0
218          0.987603   0
219           1.03522   0
220           1.08284   0
221           1.13046   0
222           1.17808   0
223            1.2257   0
224           1.27331   0
225           1.32093   0
226           1.36855   0
227           1.41617   0
228           1.46379   0
229           1.51141   0
230           1.55903   0
231           1.60664   0
232           1.65426   0
233           1.70188   0
234            1.7495   0
235           1.79712   0
236           1.84474   0
237           1.89236   0
238           1.93997   0
239           1.98759   0
240           2.03521   0
241           2.08283   0
242           2.13045   0
243           2.17807   0
244           2.22569   0
245           2.27331   0
246           2.32092   0
247           2.36854   0
248           2.41616   0
249           2.46378   0
250            2.5114   0
251           2.55902   0
252           2.60664   0
253           2.65426   0
254           2.70188   0
255            2.7495   0
256           2.79712   0
257           2.84474   0
258           2.89236   0
259           2.93998   0
260            2.9876   0
261           3.03523   0
262           3.08285   0
263           3.13048   0
264           3.17811   0
265           3.22574   0
266           3.27338   0
267           3.32102   0
268           3.36866   0
269           3.41631   0
270           3.46397   0
271           3.51164   0
272           3.55932   0
273           3.60702   0
274           3.65475   0
275           3.70249   0
276           3.75028   0
277            3.7981   0
278           3.84598   0
279           3.89393   0
280           3.94196   0
281           3.99011   0
282           4.03839   0
283           4.08684   0
284           4.13552   0
285           4.18447   0
286           4.23377   0
287           4.28352   0
288           4.33382   0
289           4.38483   0
290           4.43673   0
291           4.48893   0
292           4.54097   0
293           4.59274   2
294           4.64671   2
295           4.70882   2
296            4.7963   2
297           4.95661   2
298           5.30896   2
299           6.12833   2
300           7.98093   2
301           11.9056   2
302           19.5709   2
303          0.242229   1
304          0.285252   0
305          0.329889   0
306          0.369089   0
307          0.418547   0
308          0.466457   0
309          0.514121   0
310          0.561747   0
311          0.609367   0
312          0.656986   0
313          0.704604   0
314          0.752223   0
315          0.799841   0
316           0.84746   0
317          0.895079   0
318          0.942697   0
319          0.990316   0
320           1.03793   0
321           1.08555   0
322           1.13317   0
323           1.18079   0
324           1.22841   0
325           1.27603   0
326           1.32365   0
327           1.37126   0
328           1.41888   0
329            1.4665   0
330           1.51412   0
331           1.56174   0
332           1.60936   0
333           1.65698   0
334           1.70459   0
335           1.75221   0
336           1.79983   0
337           1.84745   0
338           1.89507   0
339           1.94269   0
340           1.99031   0
341           2.03792   0
342           2.08554   0
343           2.13316   0
344           2.18078   0
345            2.2284   0
346           2.27602   0
347           2.32364   0
348           2.37125   0
349           2.41887   0
350           2.46649   0
351           2.51411   0
352           2.56173   0
353           2.60935   0
354           2.65697   0
355           2.70459   0
356           2.75221   0
357           2.79983   0
358           2.84745   0
359           2.89507   0
360           2.94269   0
361           2.99032   0
362           3.03794   0
363           3.08556   0
364           3.13319   0
365           3.18082   0
366           3.22845   0
367           3.27608   0
368           3.32372   0
369           3.37137   0
370           3.41902   0
371           3.46667   0
372           3.51434   0
373           3.56202   0
374           3.60972   0
375           3.65743   0
376           3.70518   0
377           3.75295   0
378           3.80077   0
379           3.84864   0
380           3.89657   0
381           3.94458   0
382            3.9927   0
383           4.04096   0
384           4.08937   0
385             4.138   0
386           4.18689   0
387           4.23612   0
388           4.28576   0
389           4.33594   0
390            4.3868   0
391           4.43805   0
392            4.4895   0
393           4.54091   0
394           4.59263   2
395           4.64523   2
396           4.70242   2
397           4.77534   2
398           4.89585   2
399             5.151   2
400           5.75618   2
401           7.19752   2
402           10.4471   2
403           17.2153   2
404          0.259411   1
405          0.306232   0
406          0.339627   0
407          0.381302   0
408          0.420644   0
409          0.469014   0
410          0.516751   0
411          0.564388   0
412           0.61201   0
413          0.659629   0
414          0.707248   0
415          0.754866   0
416          0.802485   0
417          0.850103   0
418          0.897722   0
419           0.94534   0
420          0.992959   0
421           1.04058   0
422            1.0882   0
423           1.13581   0
424           1.18343   0
425           1.23105   0
426           1.27867   0
427           1.32629   0
428           1.37391   0
429           1.42153   0
430           1.46914   0
431           1.51676   0
432           1.56438   0
433             1.612   0
434           1.65962   0
435           1.70724   0
436           1.75486   0
437           1.80247   0
438           1.85009   0
439           1.89771   0
440           1.94533   0
441           1.99295   0
442           2.04057   0
443           2.08819   0
444            2.1358   0
445           2.18342   0
446           2.23104   0
447           2.27866   0
448           2.32628   0
449            2.3739   0
450           2.42152   0
451           2.46914   0
452           2.51675   0
453           2.56437   0
454           2.61199   0
455           2.65961   0
456           2.70723   0
457           2.75485   0
458           2.80247   0
459           2.85009   0
460           2.89771   0
461           2.94534   0
462           2.99296   0
463           3.04058   0
464           3.08821   0
465           3.13583   0
466           3.18346   0
467           3.23109   0
468           3.27872   0
469           3.32636   0
470             3.374   0
471           3.42165   0
472           3.46931   0
473           3.51697   0
474           3.56465   0
475           3.61234   0
476           3.66005   0
477           3.70778   0
478           3.75555   0
479           3.80335   0
480           3.85121   0
481           3.89912   0
482           3.94711   0
483            3.9952   0
484           4.04341   0
485           4.09178   0
486           4.14034   0
487           4.18916   0
488           4.23828   0
489            4.2878   0
490           4.33783   0
491           4.38826   0
492           4.43905   0
493           4.48999   0
494           4.54115   0
495           4.59274   0
496           4.64459   2
497           4.69932   2
498           4.76396   2
499           4.86066   2
500           5.05316   2
501           5.51262   2
502           6.65374   2
503           9.38504   2
504           15.4508   2
505           0.27307   1
506          0.322911   0
507          0.358831   0
508          0.391442   0
509          0.431952   0
510          0.471337   0
511          0.519302   0
512          0.566975   0
513          0.614603   0
514          0.662222   0
515          0.709841   0
516           0.75746   0
517          0.805078   0
518          0.852697   0
519          0.900316   0
520          0.947934   0
521          0.995553   0
522           1.04317   0
523           1.09079   0
524           1.13841   0
525           1.18603   0
526           1.23365   0
527           1.28126   0
528           1.32888   0
529            1.3765   0
530           1.42412   0
531           1.47174   0
532           1.51936   0
533           1.56698   0
534           1.61459   0
535           1.66221   0
536           1.70983   0
537           1.75745   0
538           1.80507   0
539           1.85269   0
540           1.90031   0
541           1.94792   0
542           1.99554   0
543           2.04316   0
544           2.09078   0
545            2.1384   0
546           2.18602   0
547           2.23364   0
548           2.28125   0
549           2.32887   0
550           2.37649   0
551           2.42411   0
552           2.47173   0
553           2.51935   0
554           2.56697   0
555           2.61459   0
556           2.66221   0
557           2.70983   0
558           2.75745   0
559           2.80507   0
560           2.85269   0
561           2.90031   0
562           2.94793   0
563           2.99555   0
564           3.04317   0
565            3.0908   0
566           3.13842   0
567           3.18605   0
568           3.23368   0
569           3.28131   0
570           3.32895   0
571           3.37659   0
572           3.42423   0
573           3.47189   0
574           3.51955   0
575           3.56722   0
576           3.61491   0
577           3.66261   0
578           3.71034   0
579           3.75809   0
580           3.80588   0
581           3.85371   0
582           3.90161   0
583           3.94957   0
584           3.99762   0
585           4.04579   0
586            4.0941   0
587            4.1426   0
588           4.19132   0
589           4.24033   0
590           4.28971   0
591           4.33945   0
592           4.38959   0
593           4.43996   0
594           4.49061   0
595           4.54151   0
596           4.59263   0
597           4.64445   2
598           4.69786   2
599           4.75765   2
600           4.83953   2
601           4.99136   2
602           5.34865   2
603            6.2683   2
604           8.59173   2
605           14.0903   2
606          0.291778   1
607          0.345755   0
608          0.375696   0
609          0.409759   0
610          0.442324   0
611          0.482316   0
612          0.521715   0
613          0.569509   0
614          0.617156   0
615          0.664779   0
616          0.712398   0
617          0.760017   0
618          0.807635   0
619          0.855254   0
620          0.902872   0
621          0.950491   0
622          0.998109   0
623           1.04573   0
624           1.09335   0
625           1.14097   0
626           1.18858   0
627            1.2362   0
628           1.28382   0
629           1.33144   0
630           1.37906   0
631           1.42668   0
632            1.4743   0
633           1.52191   0
634           1.56953   0
635           1.61715   0
636           1.66477   0
637           1.71239   0
638           1.76001   0
639           1.80762   0
640           1.85524   0
641           1.90286   0
642           1.95048   0
643            1.9981   0
644           2.04572   0
645           2.09334   0
646           2.14095   0
647           2.18857   0
648           2.23619   0
649           2.28381   0
650           2.33143   0
651           2.37905   0
652           2.42667   0
653           2.47429   0
654            2.5219   0
655           2.56952   0
656           2.61714   0
657           2.66476   0
658           2.71238   0
659              2.76   0
660           2.80762   0
661           2.85524   0
662           2.90286   0
663           2.95048   0
664           2.99811   0
665           3.04573   0
666           3.09335   0
667           3.14098   0
668            3.1886   0
669           3.23623   0
670           3.28386   0
671            3.3315   0
672           3.37914   0
673           3.42678   0
674           3.47443   0
675           3.52209   0
676           3.56975   0
677           3.61743   0
678           3.66513   0
679           3.71285   0
680           3.76059   0
681           3.80837   0
682           3.85618   0
683           3.90405   0
684           3.95198   0
685                 4   0
686           4.04812   0
687           4.09637   0
688           4.14479   0
689           4.19342   0
690           4.24231   0
691            4.2915   0
692           4.34103   0
693           4.39084   0
694           4.44096   0
695            4.4913   0
696           4.54186   0
697           4.59284   0
698           4.64459   0
699           4.69707   2
700           4.75408   2
701           4.82681   2
702           4.95106   2
703           5.23667   2
704           5.98868   2
705           7.98873   2
706           13.0152   2
707           0.30972   1
708          0.367663   0
709          0.399126   0
710          0.426792   0
711          0.460215   0
712          0.492812   0
713          0.532552   0
714          0.571958   0
715          0.619672   0
716          0.667305   0
717          0.714926   0
718          0.762545   0
719          0.810164   0
720          0.857782   0
721          0.905401   0
722          0.953019   0
723           1.00064   0
724           1.04826   0
725           1.09588   0
726           1.14349   0
727           1.19111   0
728           1.23873   0
729           1.28635   0
730           1.33397   0
731           1.38159   0
732            1.4292   0
733           1.47682   0
734           1.52444   0
735           1.57206   0
736           1.61968   0
737            1.6673   0
738           1.71492   0
739           1.76253   0
740           1.81015   0
741           1.85777   0
742           1.90539   0
743           1.95301   0
744           2.00063   0
745           2.04825   0
746           2.09586   0
747           2.14348   0
748            2.1911   0
749           2.23872   0
750           2.28634   0
751           2.33396   0
752           2.38158   0
753            2.4292   0
754           2.47681   0
755           2.52443   0
756           2.57205   0
757           2.61967   0
758           2.66729   0
759           2.71491   0
760           2.76253   0
761           2.81015   0
762           2.85777   0
763           2.90539   0
764           2.95301   0
765           3.00063   0
766           3.04825   0
767           3.09588   0
768            3.1435   0
769           3.19113   0
770           3.23876   0
771           3.28639   0
772           3.33402   0
773           3.38165   0
774            3.4293   0
775           3.47694   0
776            3.5246   0
777           3.57226   0
778           3.61993   0
779           3.66762   0
780           3.71533   0
781           3.76306   0
782           3.81082   0
783           3.85862   0
784           3.90646   0
785           3.95437   0
786           4.00235   0
787           4.05042   0
788           4.09861   0
789           4.14695   0
790           4.19549   0
791           4.24424   0
792           4.29327   0
793           4.34256   0
794           4.39216   0
795           4.44198   0
796           4.49206   0
797           4.54241   0
798           4.59318   0
799           4.64445   0
800           4.69678   2
801           4.75219   2
802           4.81879   2
803           4.92476   2
804           5.15819   2
805           5.78385   2
806            7.5213   2
807            12.152   2
808          0.331357   1
809          0.394083   0
810          0.421532   0
811          0.450116   0
812          0.477358   0
813          0.510485   0
814          0.543113   0
815          0.582722   0
816          0.622131   0
817          0.669804   0
818          0.717432   0
819          0.765051   0
820           0.81267   0
821          0.860289   0
822          0.907907   0
823          0.955526   0
824           1.00314   0
825           1.05076   0
826           1.09838   0
827             1.146   0
828           1.19362   0
829           1.24124   0
830           1.28886   0
831           1.33647   0
832           1.38409   0
833           1.43171   0
834           1.47933   0
835           1.52695   0
836           1.57457   0
837           1.62219   0
838            1.6698   0
839           1.71742   0
840           1.76504   0
841           1.81266   0
842           1.86028   0
843            1.9079   0
844           1.95552   0
845           2.00313   0
846           2.05075   0
847           2.09837   0
848           2.14599   0
849           2.19361   0
850           2.24123   0
851           2.28885   0
852           2.33646   0
853           2.38408   0
854            2.4317   0
855           2.47932   0
856           2.52694   0
857           2.57456   0
858           2.62218   0
859            2.6698   0
860           2.71742   0
861           2.76504   0
862           2.81266   0
863           2.86028   0
864            2.9079   0
865           2.95552   0
866           3.00314   0
867           3.05076   0
868           3.09838   0
869           3.14601   0
870           3.19363   0
871           3.24126   0
872           3.28889   0
873           3.33652   0
874           3.38415   0
875           3.43179   0
876           3.47944   0
877           3.52709   0
878           3.57474   0
879           3.62241   0
880           3.67009   0
881           3.71779   0
882           3.76551   0
883           3.81326   0
884           3.86104   0
885           3.90886   0
886           3.95673   0
887           4.00467   0
888            4.0527   0
889           4.10083   0
890            4.1491   0
891           4.19753   0
892           4.24617   0
893           4.29503   0
894           4.34415   0
895            4.3935   0
896           4.44311   0
897           4.49295   0
898           4.54308   0
899           4.59354   0
900           4.64461   0
901           4.69683   2
902           4.75103   2
903           4.81393   2
904           4.90701   2
905           5.10344   2
906           5.63056   2
907            7.1566   2
908           11.4462   2
909          0.352831   1
910          0.420303   0
911          0.448933   0
912          0.472693   0
913          0.500544   0
914          0.527698   0
915          0.560667   0
916          0.593317   0
917          0.632853   0
918          0.672264   0
919          0.719916   0
920           0.76754   0
921          0.815159   0
922          0.862778   0
923          0.910397   0
924          0.958015   0
925           1.00563   0
926           1.05325   0
927           1.10087   0
928           1.14849   0
929           1.19611   0
930           1.24373   0
931           1.29134   0
932           1.33896   0
933           1.38658   0
934            1.4342   0
935           1.48182   0
936           1.52944   0
937           1.57706   0
938           1.62467   0
939           1.67229   0
940           1.71991   0
941           1.76753   0
942           1.81515   0
943           1.86277   0
944           1.91039   0
945             1.958   0
946           2.00562   0
947           2.05324   0
948           2.10086   0
949           2.14848   0
950            2.1961   0
951           2.24372   0
952           2.29133   0
953           2.33895   0
954           2.38657   0
955           2.43419   0
956           2.48181   0
957           2.52943   0
958           2.57705   0
959           2.62467   0
960           2.67229   0
961            2.7199   0
962           2.76752   0
963           2.81514   0
964           2.86276   0
965           2.91038   0
966             2.958   0
967           3.00563   0
968           3.05325   0
969           3.10087   0
970           3.14849   0
971           3.19612   0
972           3.24374   0
973           3.29137   0
974             3.339   0
975           3.38663   0
976           3.43427   0
977           3.48191   0
978           3.52956   0
979           3.57721   0
980           3.62488   0
981           3.67255   0
982           3.72024   0
983           3.76795   0
984           3.81568   0
985           3.86344   0
986           3.91124   0
987           3.95909   0
988           4.00699   0
989           4.05497   0
990           4.10305   0
991           4.15124   0
992           4.19959   0
993            4.2481   0
994           4.29682   0
995           4.34575   0
996           4.39492   0
997           4.44431   0
998           4.49394   0
999           4.54383   0
1000           4.59409   0
1001           4.64492   0
1002           4.69678   0
1003           4.75048   2
1004           4.81083   2
1005            4.8955   2
1006            5.0641   2
1007           5.51694   2
1008           6.86708   2
1009           10.8663   2
1010          0.377164   1
1011          0.450015   0
1012          0.475824   0
1013          0.500234   0
1014          0.523206   0
1015           0.55078   0
1016          0.577923   0
1017            0.6108   0
1018          0.643466   0
1019           0.68296   0
1020          0.722373   0
1021          0.770012   0
1022          0.817634   0
1023          0.865253   0
1024          0.912872   0
1025           0.96049   0
1026           1.00811   0
1027           1.05573   0
1028           1.10335   0
1029           1.15096   0
1030           1.19858   0
1031            1.2462   0
1032           1.29382   0
1033           1.34144   0
1034           1.38906   0
1035           1.43668   0
1036           1.48429   0
1037           1.53191   0
1038           1.57953   0
1039           1.62715   0
1040           1.67477   0
1041           1.72239   0
1042           1.77001   0
1043           1.81762   0
1044           1.86524   0
1045           1.91286   0
1046           1.96048   0
1047            2.0081   0
1048           2.05572   0
1049           2.10334   0
1050           2.15095   0
1051           2.19857   0
1052           2.24619   0
1053           2.29381   0
1054           2.34143   0
1055           2.38905   0
1056           2.43667   0
1057           2.48428   0
1058            2.5319   0
1059           2.57952   0
1060           2.62714   0
1061           2.67476   0
1062           2.72238   0
1063              2.77   0
1064           2.81762   0
1065           2.86524   0
1066           2.91286   0
1067           2.96048   0
1068            3.0081   0
1069           3.05572   0
1070           3.10334   0
1071           3.15096   0
1072           3.19859   0
1073           3.24621   0
1074           3.29384   0
1075           3.34147   0
1076            3.3891   0
1077           3.43673   0
1078           3.48437   0
1079           3.53202   0
1080           3.57967   0
1081           3.62733   0
1082           3.67499   0
1083           3.72268   0
1084           3.77037   0
1085           3.81809   0
1086           3.86584   0
1087           3.91362   0
1088           3.96143   0
1089           4.00931   0
1090           4.05725   0
1091           4.10527   0
1092            4.1534   0
1093           4.20165   0
1094           4.25006   0
1095           4.29864   0
1096           4.34743   0
1097           4.39641   0
1098           4.44562   0
1099           4.49504   0
1100           4.54473   0
1101           4.59475   0
1102           4.64533   0
1103           4.69683   0
1104           4.75024   2
1105           4.80914   2
1106           4.88757   2
1107           5.03713   2
1108           5.43086   2
1109           6.64048   2
1110           10.3827   2
1111          0.401532   1
1112           0.47977   0
1113          0.506638   0
1114          0.527319   0
1115          0.550736   0
1116          0.573492   0
1117          0.600932   0
1118          0.628082   0
1119          0.660904   0
1120           0.69358   0
1121          0.733049   0
1122          0.772463   0
1123          0.820095   0
1124          0.867716   0
1125          0.915335   0
1126          0.962954   0
1127           1.01057   0
1128           1.05819   0
1129           1.10581   0
1130           1.15343   0
1131           1.20105   0
1132           1.24866   0
1133           1.29628   0
1134            1.3439   0
1135           1.39152   0
1136           1.43914   0
1137           1.48676   0
1138           1.53438   0
1139           1.58199   0
1140           1.62961   0
1141           1.67723   0
1142           1.72485   0
1143           1.77247   0
1144           1.82009   0
1145           1.86771   0
1146           1.91532   0
1147           1.96294   0
1148           2.01056   0
1149           2.05818   0
1150            2.1058   0
1151           2.15342   0
1152           2.20104   0
1153           2.24865   0
1154           2.29627   0
1155           2.34389   0
1156           2.39151   0
1157           2.43913   0
1158           2.48675   0
1159           2.53437   0
1160           2.58199   0
1161            2.6296   0
1162           2.67722   0
1163           2.72484   0
1164           2.77246   0
1165           2.82008   0
1166            2.8677   0
1167           2.91532   0
1168           2.96294   0
1169           3.01056   0
1170           3.05818   0
1171            3.1058   0
1172           3.15343   0
1173           3.20105   0
1174           3.24867   0
1175            3.2963   0
1176           3.34393   0
1177           3.39156   0
1178           3.43919   0
1179           3.48683   0
1180           3.53447   0
1181           3.58211   0
1182           3.62977   0
1183           3.67743   0
1184            3.7251   0
1185           3.77279   0
1186            3.8205   0
1187           3.86823   0
1188           3.91599   0
1189           3.96378   0
1190           4.01162   0
1191           4.05952   0
1192            4.1075   0
1193           4.15556   0
1194           4.20374   0
1195           4.25205   0
1196           4.30051   0
1197           4.34915   0
1198           4.39798   0
1199           4.44701   0
1200           4.49625   0
1201           4.54573   0
1202           4.59555   0
1203           4.64585   0
1204           4.69706   0
1205           4.75036   2
1206           4.80794   2
1207           4.88277   2
1208           5.01804   2
1209           5.36949   2
1210           6.46003   2
1211           9.98614   2
1212          0.428166   1
1213          0.512291   0
1214          0.537182   0
1215          0.558369   0
1216          0.577904   0
1217          0.600986   0
1218          0.623676   0
1219          0.651042   0
1220          0.678202   0
1221          0.710989   0
1222          0.743672   0
1223          0.783125   0
1224          0.822541   0
1225          0.870169   0
1226          0.917789   0
1227          0.965408   0
1228           1.01303   0
1229           1.06064   0
1230           1.10826   0
1231           1.15588   0
1232            1.2035   0
1233           1.25112   0
1234           1.29874   0
1235           1.34636   0
1236           1.39397   0
1237           1.44159   0
1238           1.48921   0
1239           1.53683   0
1240           1.58445   0
1241           1.63207   0
1242           1.67969   0
1243            1.7273   0
1244           1.77492   0
1245           1.82254   0
1246           1.87016   0
1247           1.91778   0
1248            1.9654   0
1249           2.01302   0
1250           2.06063   0
1251           2.10825   0
1252           2.15587   0
1253           2.20349   0
1254           2.25111   0
1255           2.29873   0
1256           2.34635   0
1257           2.39396   0
1258           2.44158   0
1259            2.4892   0
1260           2.53682   0
1261           2.58444   0
1262           2.63206   0
1263           2.67968   0
1264            2.7273   0
1265           2.77492   0
1266           2.82253   0
1267           2.87015   0
1268           2.91777   0
1269           2.96539   0
1270           3.01301   0
1271           3.06063   0
1272           3.10826   0
1273           3.15588   0
1274            3.2035   0
1275           3.25112   0
1276           3.29875   0
1277           3.34638   0
1278             3.394   0
1279           3.44163   0
1280           3.48927   0
1281           3.53691   0
1282           3.58455   0
1283            3.6322   0
1284           3.67986   0
1285           3.72752   0
1286            3.7752   0
1287            3.8229   0
1288           3.87061   0
1289           3.91835   0
1290           3.96613   0
1291           4.01394   0
1292           4.06181   0
1293           4.10973   0
1294           4.15774   0
1295           4.20585   0
1296           4.25407   0
1297           4.30243   0
1298           4.35094   0
1299           4.39963   0
1300            4.4485   0
1301           4.49756   0
1302           4.54687   0
1303           4.59646   0
1304           4.64653   0
1305           4.69749   0
1306           4.75024   0
1307           4.80739   2
1308           4.87973   2
1309           5.00654   2
1310            5.3248   2
1311           6.32747   2
1312           9.65646   2
1313          0.454905   1
1314          0.544941   0
1315          0.570855   0
1316          0.589132   0
1317          0.609007   0
1318          0.628197   0
1319          0.651135   0
1320          0.673806   0
1321          0.701126   0
1322          0.728296   0
1323           0.76106   0
1324          0.793749   0
1325          0.833192   0
1326          0.872609   0
1327          0.920234   0
1328          0.967853   0
1329           1.01547   0
1330           1.06309   0
1331           1.11071   0
1332           1.15833   0
1333           1.20595   0
1334           1.25356   0
1335           1.30118   0
1336            1.3488   0
1337           1.39642   0
1338           1.44404   0
1339           1.49166   0
1340           1.53928   0
1341           1.58689   0
1342           1.63451   0
1343           1.68213   0
1344           1.72975   0
1345           1.77737   0
1346           1.82499   0
1347           1.87261   0
1348           1.92022   0
1349           1.96784   0
1350           2.01546   0
1351           2.06308   0
1352            2.1107   0
1353           2.15832   0
1354           2.20594   0
1355           2.25355   0
1356           2.30117   0
1357           2.34879   0
1358           2.39641   0
1359           2.44403   0
1360           2.49165   0
1361           2.53927   0
1362           2.58689   0
1363            2.6345   0
1364           2.68212   0
1365           2.72974   0
1366           2.77736   0
1367           2.82498   0
1368            2.8726   0
1369           2.92022   0
1370           2.96784   0
1371           3.01546   0
1372           3.06308   0
1373            3.1107   0
1374           3.15832   0
1375           3.20594   0
1376           3.25357   0
1377           3.30119   0
1378           3.34882   0
1379           3.39644   0
1380           3.44407   0
1381            3.4917   0
1382           3.53934   0
1383           3.58698   0
1384           3.63462   0
1385           3.68228   0
1386           3.72994   0
1387           3.77761   0
1388            3.8253   0
1389             3.873   0
1390           3.92072   0
1391           3.96848   0
1392           4.01626   0
1393            4.0641   0
1394           4.11198   0
1395           4.15994   0
1396           4.20798   0
1397           4.25613   0
1398           4.30439   0
1399           4.35279   0
1400           4.40135   0
1401           4.45007   0
1402           4.49898   0
1403            4.5481   0
1404           4.59751   0
1405           4.64734   0
1406           4.69797   0
1407           4.75036   0
1408           4.80714   2
1409           4.87818   2
1410           4.99958   2
1411           5.30006   2
1412           6.22934   2
1413           9.40926   2
1414           0.48346   1
1415          0.579808   0
1416          0.604382   0
1417          0.623087   0
1418          0.639856   0
1419          0.659303   0
1420          0.678372   0
1421          0.701235   0
1422          0.723903   0
1423          0.751194   0
1424          0.778372   0
1425          0.811121   0
1426          0.843814   0
1427          0.883251   0
1428          0.922669   0
1429          0.970292   0
1430           1.01791   0
1431           1.06553   0
1432           1.11315   0
1433           1.16077   0
1434           1.20839   0
1435             1.256   0
1436           1.30362   0
1437           1.35124   0
1438           1.39886   0
1439           1.44648   0
1440            1.4941   0
1441           1.54172   0
1442           1.58933   0
1443           1.63695   0
1444           1.68457   0
1445           1.73219   0
1446           1.77981   0
1447           1.82743   0
1448           1.87505   0
1449           1.92266   0
1450           1.97028   0
1451            2.0179   0
1452           2.06552   0
1453           2.11314   0
1454           2.16076   0
1455           2.20838   0
1456           2.25599   0
1457           2.30361   0
1458           2.35123   0
1459           2.39885   0
1460           2.44647   0
1461           2.49409   0
1462           2.54171   0
1463           2.58932   0
1464           2.63694   0
1465           2.68456   0
1466           2.73218   0
1467            2.7798   0
1468           2.82742   0
1469           2.87504   0
1470           2.92266   0
1471           2.97028   0
1472            3.0179   0
1473           3.06552   0
1474           3.11314   0
1475           3.16076   0
1476           3.20838   0
1477             3.256   0
1478           3.30363   0
1479           3.35125   0
1480           3.39888   0
1481            3.4465   0
1482           3.49414   0
1483           3.54177   0
1484           3.58941   0
1485           3.63705   0
1486           3.68469   0
1487           3.73235   0
1488           3.78001   0
1489           3.82769   0
1490           3.87538   0
1491           3.92309   0
1492           3.97083   0
1493           4.01859   0
1494            4.0664   0
1495           4.11425   0
1496           4.16216   0
1497           4.21014   0
1498           4.25822   0
1499            4.3064   0
1500            4.3547   0
1501           4.40314   0
1502           4.45173   0
1503           4.50049   0
1504           4.54945   0
1505           4.59867   0
1506           4.64828   0
1507           4.69863   0
1508           4.75062   0
1509           4.80733   2
1510           4.87721   2
1511           4.99642   2
1512           5.28871   2
1513           6.18889   2
1514           9.22407   2
1515          0.512139   1
1516          0.614827   0
1517          0.640425   0
1518          0.656853   0
1519          0.673896   0
1520          0.690195   0
1521          0.709467   0
1522          0.728489   0
1523          0.751308   0
1524           0.77398   0
1525          0.801251   0
1526          0.828436   0
1527          0.861174   0
1528          0.893871   0
1529          0.933304   0
1530          0.972722   0
1531           1.02034   0
1532           1.06796   0
1533           1.11558   0
1534            1.1632   0
1535           1.21082   0
1536           1.25844   0
1537           1.30606   0
1538           1.35367   0
1539           1.40129   0
1540           1.44891   0
1541           1.49653   0
1542           1.54415   0
1543           1.59177   0
1544           1.63939   0
1545             1.687   0
1546           1.73462   0
1547           1.78224   0
1548           1.82986   0
1549           1.87748   0
1550            1.9251   0
1551           1.97272   0
1552           2.02033   0
1553           2.06795   0
1554           2.11557   0
1555           2.16319   0
1556           2.21081   0
1557           2.25843   0
1558           2.30605   0
1559           2.35366   0
1560           2.40128   0
1561            2.4489   0
1562           2.49652   0
1563           2.54414   0
1564           2.59176   0
1565           2.63938   0
1566             2.687   0
1567           2.73461   0
1568           2.78223   0
1569           2.82985   0
1570           2.87747   0
1571           2.92509   0
1572           2.97271   0
1573           3.02033   0
1574           3.06795   0
1575           3.11557   0
1576           3.16319   0
1577           3.21081   0
1578           3.25843   0
1579           3.30606   0
1580           3.35368   0
1581           3.40131   0
1582           3.44893   0
1583           3.49656   0
1584           3.54419   0
1585           3.59183   0
1586           3.63946   0
1587           3.68711   0
1588           3.73476   0
1589           3.78242   0
1590           3.83009   0
1591           3.87777   0
1592           3.92547   0
1593           3.97318   0
1594           4.02093   0
1595           4.06871   0
1596           4.11653   0
1597            4.1644   0
1598           4.21233   0
1599           4.26034   0
1600           4.30845   0
1601           4.35666   0
1602           4.40499   0
1603           4.45346   0
1604            4.5021   0
1605            4.5509   0
1606           4.59995   0
1607           4.64935   0
1608           4.69942   0
1609           4.75114   0
1610           4.80714   0
1611           4.87721   2
1612           4.99642   2
1613           5.28871   2
1614           6.18889   2
1615           9.22284   1
#############################################



Call Gauss Seidel value iteration
Print Gauss Seidel value iteration Solution
#############################################
Solution of MDP problem
Size of the state space: 1616
#############################################
Solution model: Feedback Stationary Policy
- column 1: index of the state
- column 2: Value function 
- column 3: Optimal action 

  0         0.0258923   0
  1         0.0541296   1
  2         0.0747125   1
  3         0.0945894   1
  4          0.114406   1
  5          0.134217   1
  6          0.154028   1
  7          0.173839   1
  8          0.193649   1
  9           0.21346   1
 10          0.233271   1
 11          0.253082   1
 12          0.272893   1
 13          0.292704   1
 14          0.312514   1
 15          0.332325   1
 16          0.352136   1
 17          0.371947   1
 18          0.391758   1
 19          0.411569   1
 20           0.43138   1
 21           0.45119   1
 22          0.471001   1
 23          0.490812   1
 24          0.510623   1
 25          0.530432   1
 26          0.550238   1
 27          0.570035   1
 28          0.589817   1
 29          0.609581   1
 30           0.62933   1
 31          0.649074   1
 32          0.668815   1
 33          0.688555   1
 34          0.708291   1
 35          0.728016   1
 36          0.747722   1
 37          0.767409   1
 38          0.787084   1
 39          0.806757   1
 40          0.826428   1
 41          0.846099   1
 42          0.865767   1
 43          0.885424   1
 44          0.905062   1
 45           0.92468   1
 46          0.944285   1
 47          0.963888   1
 48          0.983489   1
 49           1.00309   1
 50           1.02269   1
 51           1.04229   1
 52           1.06186   1
 53           1.08142   1
 54           1.10096   1
 55            1.1205   1
 56           1.14003   1
 57           1.15956   1
 58           1.17909   1
 59           1.19862   1
 60           1.21815   1
 61           1.23766   1
 62           1.25715   1
 63           1.27661   1
 64           1.29607   1
 65           1.31554   1
 66             1.335   1
 67           1.35446   1
 68           1.37392   1
 69           1.39338   1
 70           1.41283   1
 71           1.43226   1
 72           1.45166   1
 73           1.47105   1
 74           1.49045   1
 75           1.50984   1
 76           1.52923   1
 77           1.54862   1
 78           1.56801   1
 79            1.5874   1
 80           1.60678   1
 81           1.62614   1
 82           1.64547   1
 83           1.66479   1
 84           1.68411   1
 85           1.70343   1
 86           1.72275   1
 87           1.74207   1
 88           1.76139   1
 89           1.78071   1
 90           1.80003   1
 91           1.81934   1
 92           1.83871   1
 93           1.85917   1
 94           1.88745   1
 95           1.95053   2
 96           2.16302   2
 97           2.85595   2
 98           4.74982   2
 99           8.98715   2
100           16.8356   2
101         0.0424974   1
102         0.0621381   0
103         0.0839186   0
104          0.104977   0
105          0.125974   0
106          0.146966   0
107          0.167946   0
108          0.188917   0
109          0.209888   0
110          0.230847   0
111          0.251788   0
112          0.272729   0
113          0.293666   0
114          0.314563   0
115           0.33546   0
116          0.356357   0
117          0.377217   0
118           0.39805   0
119          0.418882   0
120          0.439715   0
121          0.460466   0
122          0.481205   0
123          0.501943   0
124          0.522682   0
125          0.543285   0
126          0.563886   0
127          0.584483   0
128           0.60507   0
129          0.625466   0
130          0.645839   0
131          0.666206   0
132          0.686571   0
133           0.70678   0
134          0.726866   0
135          0.746947   0
136          0.767021   0
137          0.787086   0
138          0.806792   0
139          0.826461   0
140          0.846129   0
141          0.865797   0
142          0.885465   0
143          0.904604   2
144          0.923712   2
145           0.94282   2
146          0.961928   2
147          0.981035   2
148           1.00014   2
149           1.01925   2
150           1.03836   2
151           1.05747   2
152           1.07657   2
153           1.09568   2
154           1.11479   2
155            1.1339   2
156           1.15301   2
157           1.17211   2
158           1.19122   2
159           1.21033   2
160           1.22944   2
161           1.24854   2
162           1.26765   2
163           1.28676   2
164           1.30587   2
165           1.32498   2
166           1.34408   2
167           1.36319   2
168            1.3823   2
169           1.40141   2
170           1.42051   2
171           1.43962   2
172           1.45873   2
173           1.47784   2
174           1.49694   2
175           1.51605   2
176           1.53516   2
177           1.55427   2
178           1.57338   2
179           1.59248   2
180           1.61159   2
181            1.6307   2
182           1.64981   2
183           1.66891   2
184           1.68802   2
185           1.70713   2
186           1.72624   2
187           1.74535   2
188           1.76445   2
189           1.78356   2
190           1.80267   2
191           1.82178   2
192           1.84089   2
193           1.86007   2
194           1.88002   2
195           1.90546   2
196           1.96014   2
197           2.13501   2
198           2.69988   2
199           4.27387   2
200           7.94512   2
201            15.157   2
202         0.0521026   1
203         0.0771629   0
204         0.0961404   0
205          0.118364   0
206           0.14045   0
207          0.162508   0
208          0.184535   0
209          0.206546   0
210          0.228526   0
211          0.250451   0
212          0.272369   0
213           0.29424   0
214          0.316034   0
215          0.337826   0
216          0.359533   0
217          0.381173   0
218          0.402785   0
219          0.424288   0
220          0.445726   0
221          0.467097   0
222          0.488367   0
223          0.509474   0
224          0.530577   0
225          0.551595   0
226          0.572275   0
227          0.592912   0
228          0.613545   0
229          0.633935   0
230          0.653938   0
231          0.673923   0
232          0.693904   0
233          0.713527   2
234          0.732634   2
235          0.751742   2
236           0.77085   2
237          0.789958   2
238          0.809065   2
239          0.828173   2
240          0.847281   2
241          0.866389   2
242          0.885497   2
243          0.904604   2
244          0.923712   2
245           0.94282   2
246          0.961928   2
247          0.981035   2
248           1.00014   2
249           1.01925   2
250           1.03836   2
251           1.05747   2
252           1.07657   2
253           1.09568   2
254           1.11479   2
255            1.1339   2
256           1.15301   2
257           1.17211   2
258           1.19122   2
259           1.21033   2
260           1.22944   2
261           1.24854   2
262           1.26765   2
263           1.28676   2
264           1.30587   2
265           1.32498   2
266           1.34408   2
267           1.36319   2
268            1.3823   2
269           1.40141   2
270           1.42051   2
271           1.43962   2
272           1.45873   2
273           1.47784   2
274           1.49694   2
275           1.51605   2
276           1.53516   2
277           1.55427   2
278           1.57338   2
279           1.59248   2
280           1.61159   2
281            1.6307   2
282           1.64981   2
283           1.66891   2
284           1.68802   2
285           1.70713   2
286           1.72624   2
287           1.74535   2
288           1.76445   2
289           1.78356   2
290           1.80267   2
291           1.82178   2
292           1.84088   2
293              1.86   2
294           1.87917   2
295           1.89901   2
296           1.92337   2
297           1.97127   2
298           2.11544   2
299           2.57629   2
300           3.88665   2
301           7.07359   2
302           13.7078   2
303         0.0626638   1
304         0.0935633   0
305          0.113908   0
306          0.133355   0
307          0.156438   0
308          0.179435   0
309          0.202394   0
310          0.225283   0
311          0.248103   0
312          0.270858   0
313          0.293527   0
314            0.3161   0
315          0.338592   0
316          0.360972   0
317          0.383216   0
318          0.405354   0
319           0.42738   0
320          0.449186   0
321          0.470862   0
322          0.492452   0
323          0.513687   0
324          0.534777   0
325          0.555793   0
326          0.576424   0
327          0.596679   0
328          0.616889   0
329          0.637037   0
330          0.656203   2
331          0.675311   2
332          0.694419   2
333          0.713527   2
334          0.732634   2
335          0.751742   2
336           0.77085   2
337          0.789958   2
338          0.809065   2
339          0.828173   2
340          0.847281   2
341          0.866389   2
342          0.885497   2
343          0.904604   2
344          0.923712   2
345           0.94282   2
346          0.961928   2
347          0.981035   2
348           1.00014   2
349           1.01925   2
350           1.03836   2
351           1.05747   2
352           1.07657   2
353           1.09568   2
354           1.11479   2
355            1.1339   2
356           1.15301   2
357           1.17211   2
358           1.19122   2
359           1.21033   2
360           1.22944   2
361           1.24854   2
362           1.26765   2
363           1.28676   2
364           1.30587   2
365           1.32498   2
366           1.34408   2
367           1.36319   2
368            1.3823   2
369           1.40141   2
370           1.42051   2
371           1.43962   2
372           1.45873   2
373           1.47784   2
374           1.49694   2
375           1.51605   2
376           1.53516   2
377           1.55427   2
378           1.57338   2
379           1.59248   2
380           1.61159   2
381            1.6307   2
382           1.64981   2
383           1.66891   2
384           1.68802   2
385           1.70713   2
386           1.72624   2
387           1.74535   2
388           1.76445   2
389           1.78356   2
390           1.80267   2
391           1.82178   2
392           1.84088   2
393           1.85999   2
394            1.8791   2
395           1.89827   2
396             1.918   2
397           1.94143   2
398           1.98372   2
399           2.10295   2
400           2.47951   2
401           3.57266   2
402           6.34547   2
403            12.458   2
404         0.0745226   1
405          0.113086   0
406          0.132852   0
407          0.153097   0
408          0.173162   0
409          0.197024   0
410          0.220774   0
411          0.244434   0
412          0.267971   0
413          0.291403   0
414          0.314669   0
415          0.337822   0
416          0.360793   0
417          0.383574   0
418          0.406241   0
419          0.428605   0
420          0.450768   0
421          0.472826   0
422          0.494405   0
423           0.51579   0
424          0.537089   0
425          0.557694   0
426          0.578115   0
427          0.598439   0
428          0.617988   2
429          0.637096   2
430          0.656203   2
431          0.675311   2
432          0.694419   2
433          0.713527   2
434          0.732634   2
435          0.751742   2
436           0.77085   2
437          0.789958   2
438          0.809065   2
439          0.828173   2
440          0.847281   2
441          0.866389   2
442          0.885497   2
443          0.904604   2
444          0.923712   2
445           0.94282   2
446          0.961928   2
447          0.981035   2
448           1.00014   2
449           1.01925   2
450           1.03836   2
451           1.05747   2
452           1.07657   2
453           1.09568   2
454           1.11479   2
455            1.1339   2
456           1.15301   2
457           1.17211   2
458           1.19122   2
459           1.21033   2
460           1.22944   2
461           1.24854   2
462           1.26765   2
463           1.28676   2
464           1.30587   2
465           1.32498   2
466           1.34408   2
467           1.36319   2
468            1.3823   2
469           1.40141   2
470           1.42051   2
471           1.43962   2
472           1.45873   2
473           1.47784   2
474           1.49694   2
475           1.51605   2
476           1.53516   2
477           1.55427   2
478           1.57338   2
479           1.59248   2
480           1.61159   2
481            1.6307   2
482           1.64981   2
483           1.66891   2
484           1.68802   2
485           1.70713   2
486           1.72624   2
487           1.74535   2
488           1.76445   2
489           1.78356   2
490           1.80267   2
491           1.82178   2
492           1.84088   2
493           1.85999   2
494            1.8791   2
495           1.89821   2
496           1.91738   2
497           1.93701   2
498           1.95964   2
499           1.99732   2
500           2.09638   2
501           2.40476   2
502           3.31897   2
503           5.73778   2
504           11.3808   2
505          0.086513   1
506          0.133288   0
507           0.15466   0
508          0.173478   0
509          0.194182   0
510          0.214881   0
511          0.239366   0
512          0.263698   0
513          0.287885   0
514          0.311859   0
515          0.335704   0
516          0.359251   0
517          0.382634   0
518           0.40577   0
519          0.428552   0
520          0.451199   0
521          0.473403   0
522           0.49523   0
523          0.516959   0
524          0.537985   0
525          0.558625   0
526          0.579204   0
527           0.59888   2
528          0.617988   2
529          0.637096   2
530          0.656203   2
531          0.675311   2
532          0.694419   2
533          0.713527   2
534          0.732634   2
535          0.751742   2
536           0.77085   2
537          0.789958   2
538          0.809065   2
539          0.828173   2
540          0.847281   2
541          0.866389   2
542          0.885497   2
543          0.904604   2
544          0.923712   2
545           0.94282   2
546          0.961928   2
547          0.981035   2
548           1.00014   2
549           1.01925   2
550           1.03836   2
551           1.05747   2
552           1.07657   2
553           1.09568   2
554           1.11479   2
555            1.1339   2
556           1.15301   2
557           1.17211   2
558           1.19122   2
559           1.21033   2
560           1.22944   2
561           1.24854   2
562           1.26765   2
563           1.28676   2
564           1.30587   2
565           1.32498   2
566           1.34408   2
567           1.36319   2
568            1.3823   2
569           1.40141   2
570           1.42051   2
571           1.43962   2
572           1.45873   2
573           1.47784   2
574           1.49694   2
575           1.51605   2
576           1.53516   2
577           1.55427   2
578           1.57338   2
579           1.59248   2
580           1.61159   2
581            1.6307   2
582           1.64981   2
583           1.66891   2
584           1.68802   2
585           1.70713   2
586           1.72624   2
587           1.74535   2
588           1.76445   2
589           1.78356   2
590           1.80267   2
591           1.82178   2
592           1.84088   2
593           1.85999   2
594            1.8791   2
595           1.89821   2
596           1.91732   2
597           1.93648   2
598           1.95603   2
599           1.97799   2
600            2.0119   2
601            2.0947   2
602           2.34806   2
603           3.11485   2
604            5.2311   2
605           10.4525   2
606         0.0987153   1
607          0.154749   0
608          0.176798   0
609            0.1964   0
610          0.215495   0
611          0.236727   0
612          0.258025   0
613          0.282989   0
614           0.30774   0
615          0.332298   0
616          0.356513   0
617          0.380589   0
618           0.40421   0
619          0.427569   0
620          0.450694   0
621          0.473162   0
622          0.495447   0
623          0.517335   0
624          0.538361   0
625          0.559274   0
626          0.579982   0
627           0.60038   0
628          0.620634   0
629          0.640643   0
630          0.660498   0
631          0.680204   2
632          0.699511   2
633          0.718815   2
634          0.738116   2
635          0.757416   2
636          0.776711   2
637          0.796005   2
638          0.815295   2
639          0.834585   2
640          0.853872   2
641           0.87316   2
642          0.892447   2
643          0.911735   2
644          0.931023   2
645           0.95031   2
646          0.969598   2
647          0.988885   2
648           1.00817   2
649           1.02746   2
650           1.04675   2
651           1.06604   2
652           1.08532   2
653           1.10461   2
654            1.1239   2
655           1.14319   2
656           1.16247   2
657           1.18176   2
658           1.20105   2
659           1.22034   2
660           1.23962   2
661           1.25891   2
662            1.2782   2
663           1.29748   2
664           1.31677   2
665           1.33605   2
666           1.35533   2
667           1.37461   2
668            1.3939   2
669           1.41318   2
670           1.43246   2
671           1.45174   2
672           1.47102   2
673            1.4903   2
674           1.50958   2
675           1.52886   2
676           1.54814   2
677           1.56742   2
678            1.5867   2
679           1.60598   2
680           1.62526   2
681           1.64454   2
682           1.66382   2
683            1.6831   2
684           1.70238   2
685           1.72166   2
686           1.74094   2
687           1.76022   2
688            1.7795   2
689           1.79878   2
690           1.81806   2
691           1.83734   2
692           1.85662   2
693            1.8759   2
694           1.89518   2
695           1.91446   2
696           1.93374   2
697           1.95302   2
698           1.97235   2
699           1.99199   2
700           2.01362   2
701           2.04453   2
702           2.11469   2
703           2.32311   2
704           2.96844   2
705           4.82287   2
706           9.66195   2
707          0.110766   1
708          0.176236   0
709          0.200132   0
710          0.219452   0
711          0.239077   0
712          0.258702   0
713           0.28044   0
714          0.302278   0
715          0.327598   0
716          0.352604   0
717          0.377416   0
718          0.401664   0
719          0.425742   0
720           0.44932   0
721          0.472316   0
722          0.495144   0
723          0.517492   0
724          0.539447   0
725          0.561178   0
726          0.582419   0
727          0.603554   0
728          0.624592   0
729          0.645476   0
730          0.666207   0
731          0.686693   0
732          0.707036   0
733          0.727329   0
734          0.747494   0
735          0.767656   0
736          0.787814   0
737           0.80797   0
738           0.82812   0
739          0.848269   0
740          0.868414   0
741          0.888559   0
742          0.908703   0
743          0.928848   0
744          0.948992   0
745          0.969137   0
746          0.989281   0
747           1.00943   0
748           1.02957   0
749           1.04972   0
750           1.06986   0
751              1.09   0
752           1.11015   0
753           1.13029   0
754           1.15044   0
755           1.17058   0
756           1.19073   0
757           1.21087   0
758             1.231   2
759           1.25101   2
760           1.27103   2
761           1.29105   2
762           1.31107   2
763           1.33108   2
764            1.3511   2
765           1.37111   2
766           1.39112   2
767           1.41112   2
768           1.43113   2
769           1.45114   2
770           1.47114   2
771           1.49114   2
772           1.51115   2
773           1.53115   2
774           1.55116   2
775           1.57116   2
776           1.59116   2
777           1.61117   2
778           1.63117   2
779           1.65118   2
780           1.67116   2
781           1.69115   2
782            1.7111   2
783           1.73105   2
784             1.751   2
785           1.77095   2
786            1.7909   2
787           1.81086   2
788           1.83081   2
789           1.85076   2
790           1.87071   2
791           1.89066   2
792           1.91061   2
793           1.93056   2
794           1.95052   2
795           1.97047   2
796           1.99042   2
797           2.01037   2
798           2.03033   2
799           2.05035   2
800            2.0708   2
801           2.09294   2
802            2.1233   2
803           2.18465   2
804           2.36099   2
805           2.90541   2
806           4.53734   2
807           9.01846   2
808          0.122661   1
809          0.198031   0
810          0.223397   0
811          0.243517   0
812          0.262701   0
813          0.282714   0
814          0.302913   0
815          0.325124   0
816          0.347419   0
817          0.373022   0
818          0.398077   0
819           0.42296   0
820          0.447254   0
821          0.471218   0
822          0.494802   0
823          0.517855   0
824          0.540714   0
825          0.563274   0
826          0.585502   0
827          0.607602   0
828          0.629448   0
829           0.65122   0
830          0.672868   0
831          0.694364   0
832          0.715747   0
833          0.736983   0
834          0.758137   0
835           0.77927   0
836          0.800355   0
837          0.821437   0
838          0.842513   0
839          0.863586   0
840          0.884653   0
841           0.90572   0
842          0.926785   0
843          0.947849   0
844          0.968914   0
845          0.989978   0
846           1.01104   0
847           1.03211   0
848           1.05317   0
849           1.07424   0
850            1.0953   0
851           1.11637   0
852           1.13743   0
853           1.15849   0
854           1.17956   0
855           1.20062   0
856           1.22169   0
857           1.24275   0
858           1.26381   0
859           1.28485   0
860           1.30588   0
861           1.32687   0
862           1.34786   0
863           1.36884   0
864           1.38983   0
865           1.41082   0
866            1.4318   0
867           1.45279   0
868           1.47377   0
869           1.49474   0
870           1.51572   0
871            1.5367   0
872           1.55768   0
873           1.57865   0
874           1.59963   0
875            1.6206   0
876           1.64158   0
877           1.66256   0
878           1.68353   0
879           1.70451   0
880           1.72548   0
881           1.74646   0
882           1.76738   0
883           1.78831   0
884           1.80923   0
885           1.83014   0
886           1.85106   0
887           1.87197   0
888           1.89289   0
889            1.9138   0
890           1.93472   0
891           1.95564   0
892           1.97655   0
893           1.99747   0
894           2.01838   0
895            2.0393   0
896           2.06021   0
897           2.08113   0
898           2.10205   0
899           2.12298   0
900           2.14403   0
901           2.16556   0
902           2.18967   0
903           2.22344   0
904           2.29063   2
905           2.44846   2
906           2.92401   2
907           4.36795   2
908           8.53411   2
909          0.134309   1
910          0.219587   0
911          0.246928   0
912          0.267481   0
913          0.287144   0
914          0.306724   0
915           0.32723   0
916          0.347963   0
917          0.370677   0
918          0.393325   0
919          0.419111   0
920           0.44432   0
921          0.469327   0
922          0.493855   0
923          0.517999   0
924          0.541845   0
925          0.565298   0
926          0.588565   0
927          0.611651   0
928          0.634505   0
929          0.657281   0
930          0.679885   0
931           0.70241   0
932           0.72482   0
933          0.747106   0
934          0.769316   0
935          0.791445   0
936          0.813527   0
937            0.8356   0
938          0.857648   0
939          0.879694   0
940          0.901732   0
941          0.923769   0
942          0.945801   0
943          0.967832   0
944          0.989863   0
945           1.01189   0
946           1.03392   0
947           1.05595   0
948           1.07798   0
949           1.10002   0
950           1.12205   0
951           1.14408   0
952           1.16611   0
953           1.18814   0
954           1.21017   0
955            1.2322   0
956           1.25423   0
957           1.27626   0
958           1.29829   0
959           1.32031   0
960           1.34233   0
961           1.36433   0
962           1.38633   0
963           1.40832   0
964            1.4303   0
965           1.45228   0
966           1.47426   0
967           1.49624   0
968           1.51821   0
969           1.54019   0
970           1.56216   0
971           1.58413   0
972            1.6061   0
973           1.62807   0
974           1.65004   0
975           1.67201   0
976           1.69398   0
977           1.71595   0
978           1.73792   0
979           1.75989   0
980           1.78185   0
981           1.80382   0
982           1.82577   0
983           1.84773   0
984           1.86965   0
985           1.89156   0
986           1.91348   0
987           1.93539   0
988           1.95731   0
989           1.97922   0
990           2.00114   0
991           2.02305   0
992           2.04496   0
993           2.06688   0
994           2.08879   0
995           2.11071   0
996           2.13262   0
997           2.15453   0
998           2.17645   0
999           2.19837   0
1000           2.22032   0
1001            2.2424   0
1002           2.26525   0
1003             2.291   0
1004            2.3279   0
1005           2.39818   0
1006           2.55447   2
1007           2.98235   2
1008           4.28194   2
1009           8.17553   2
1010          0.145767   1
1011          0.241045   0
1012           0.27023   0
1013            0.2916   0
1014          0.311467   0
1015          0.331422   0
1016          0.351489   0
1017          0.372612   0
1018          0.393889   0
1019          0.417119   0
1020          0.440224   0
1021          0.466289   0
1022           0.49186   0
1023          0.517193   0
1024          0.542154   0
1025          0.566754   0
1026          0.591114   0
1027            0.6152   0
1028           0.63913   0
1029          0.662947   0
1030          0.686594   0
1031          0.710181   0
1032          0.733632   0
1033          0.757004   0
1034          0.780284   0
1035          0.803472   0
1036          0.826611   0
1037          0.849703   0
1038          0.872767   0
1039          0.895825   0
1040          0.918867   0
1041          0.941907   0
1042          0.964939   0
1043          0.987971   0
1044             1.011   0
1045           1.03403   0
1046           1.05706   0
1047           1.08008   0
1048           1.10311   0
1049           1.12614   0
1050           1.14917   0
1051           1.17219   0
1052           1.19522   0
1053           1.21825   0
1054           1.24128   0
1055            1.2643   0
1056           1.28733   0
1057           1.31036   0
1058           1.33339   0
1059           1.35641   0
1060           1.37944   0
1061           1.40246   0
1062           1.42547   0
1063           1.44848   0
1064           1.47148   0
1065           1.49447   0
1066           1.51747   0
1067           1.54046   0
1068           1.56345   0
1069           1.58644   0
1070           1.60942   0
1071           1.63241   0
1072           1.65539   0
1073           1.67837   0
1074           1.70136   0
1075           1.72434   0
1076           1.74732   0
1077            1.7703   0
1078           1.79328   0
1079           1.81626   0
1080           1.83924   0
1081           1.86223   0
1082            1.8852   0
1083           1.90818   0
1084           1.93113   0
1085           1.95409   0
1086           1.97703   0
1087           1.99996   0
1088            2.0229   0
1089           2.04583   0
1090           2.06877   0
1091            2.0917   0
1092           2.11463   0
1093           2.13757   0
1094            2.1605   0
1095           2.18344   0
1096           2.20637   0
1097           2.22931   0
1098           2.25224   0
1099           2.27518   0
1100           2.29812   0
1101            2.3211   0
1102           2.34429   0
1103           2.36833   0
1104            2.3959   0
1105           2.43467   0
1106           2.50554   0
1107           2.66386   2
1108           3.05486   2
1109           4.24073   2
1110            7.8997   2
1111          0.156935   1
1112          0.262131   0
1113          0.293413   0
1114          0.315467   0
1115          0.335907   0
1116          0.356021   0
1117          0.376573   0
1118          0.397293   0
1119          0.419127   0
1120          0.441042   0
1121          0.464821   0
1122          0.488475   0
1123          0.514981   0
1124          0.541088   0
1125          0.566941   0
1126            0.5925   0
1127           0.61775   0
1128          0.642806   0
1129          0.667672   0
1130          0.692409   0
1131          0.717069   0
1132          0.741594   0
1133          0.766064   0
1134          0.790423   0
1135          0.814711   0
1136          0.838929   0
1137          0.863081   0
1138            0.8872   0
1139           0.91129   0
1140          0.935361   0
1141          0.959428   0
1142          0.983482   0
1143           1.00753   0
1144           1.03158   0
1145           1.05563   0
1146           1.07967   0
1147           1.10371   0
1148           1.12776   0
1149            1.1518   0
1150           1.17584   0
1151           1.19989   0
1152           1.22393   0
1153           1.24797   0
1154           1.27202   0
1155           1.29606   0
1156            1.3201   0
1157           1.34415   0
1158           1.36819   0
1159           1.39223   0
1160           1.41628   0
1161           1.44032   0
1162           1.46436   0
1163           1.48839   0
1164           1.51242   0
1165           1.53645   0
1166           1.56047   0
1167           1.58449   0
1168            1.6085   0
1169           1.63252   0
1170           1.65653   0
1171           1.68054   0
1172           1.70455   0
1173           1.72856   0
1174           1.75257   0
1175           1.77657   0
1176           1.80058   0
1177           1.82459   0
1178           1.84859   0
1179            1.8726   0
1180            1.8966   0
1181           1.92061   0
1182           1.94461   0
1183           1.96862   0
1184           1.99261   0
1185           2.01661   0
1186           2.04059   0
1187           2.06457   0
1188           2.08853   0
1189            2.1125   0
1190           2.13647   0
1191           2.16043   0
1192            2.1844   0
1193           2.20836   0
1194           2.23233   0
1195           2.25629   0
1196           2.28026   0
1197           2.30423   0
1198           2.32819   0
1199           2.35216   0
1200           2.37613   0
1201            2.4001   0
1202           2.42414   0
1203           2.44841   0
1204           2.47375   0
1205           2.50261   0
1206           2.54258   0
1207           2.61426   0
1208           2.77247   2
1209           3.13281   2
1210           4.21326   2
1211           7.69969   2
1212          0.168034   1
1213          0.283066   0
1214          0.316293   0
1215          0.339318   0
1216          0.360265   0
1217          0.381009   0
1218           0.40179   0
1219          0.423127   0
1220          0.444604   0
1221          0.467148   0
1222          0.489719   0
1223           0.51406   0
1224          0.538295   0
1225          0.565385   0
1226          0.592153   0
1227           0.61867   0
1228          0.644947   0
1229          0.670972   0
1230          0.696839   0
1231          0.722571   0
1232          0.748192   0
1233          0.773754   0
1234          0.799204   0
1235          0.824601   0
1236          0.849908   0
1237          0.875153   0
1238          0.900347   0
1239          0.925493   0
1240          0.950615   0
1241          0.975718   0
1242           1.00081   0
1243           1.02589   0
1244           1.05097   0
1245           1.07604   0
1246           1.10111   0
1247           1.12618   0
1248           1.15124   0
1249           1.17631   0
1250           1.20138   0
1251           1.22644   0
1252           1.25151   0
1253           1.27658   0
1254           1.30164   0
1255           1.32671   0
1256           1.35178   0
1257           1.37684   0
1258           1.40191   0
1259           1.42698   0
1260           1.45204   0
1261           1.47711   0
1262           1.50218   0
1263           1.52724   0
1264            1.5523   0
1265           1.57736   0
1266           1.60241   0
1267           1.62746   0
1268           1.65251   0
1269           1.67756   0
1270            1.7026   0
1271           1.72764   0
1272           1.75269   0
1273           1.77772   0
1274           1.80276   0
1275            1.8278   0
1276           1.85283   0
1277           1.87787   0
1278            1.9029   0
1279           1.92794   0
1280           1.95297   0
1281             1.978   0
1282           2.00304   0
1283           2.02807   0
1284            2.0531   0
1285           2.07813   0
1286           2.10316   0
1287           2.12818   0
1288           2.15319   0
1289           2.17819   0
1290            2.2032   0
1291            2.2282   0
1292            2.2532   0
1293            2.2782   0
1294            2.3032   0
1295            2.3282   0
1296            2.3532   0
1297            2.3782   0
1298            2.4032   0
1299            2.4282   0
1300            2.4532   0
1301            2.4782   0
1302           2.50322   0
1303            2.5283   0
1304           2.55369   0
1305           2.58014   0
1306           2.61019   0
1307           2.65095   0
1308           2.72253   0
1309           2.87029   0
1310           3.20843   2
1311           4.23075   2
1312           7.51569   2
1313          0.179145   1
1314          0.303782   0
1315          0.339243   0
1316           0.36324   0
1317          0.385015   0
1318          0.406316   0
1319          0.427782   0
1320          0.449359   0
1321          0.471478   0
1322          0.493678   0
1323          0.516857   0
1324          0.540025   0
1325          0.564921   0
1326          0.589729   0
1327          0.617508   0
1328          0.645021   0
1329          0.672298   0
1330          0.699376   0
1331          0.726251   0
1332          0.752993   0
1333          0.779636   0
1334          0.806181   0
1335          0.832675   0
1336          0.859074   0
1337          0.885423   0
1338          0.911699   0
1339          0.937923   0
1340          0.964108   0
1341          0.990257   0
1342           1.01639   0
1343           1.04251   0
1344           1.06861   0
1345           1.09471   0
1346           1.12081   0
1347            1.1469   0
1348           1.17299   0
1349           1.19908   0
1350           1.22517   0
1351           1.25126   0
1352           1.27735   0
1353           1.30344   0
1354           1.32952   0
1355           1.35561   0
1356            1.3817   0
1357           1.40779   0
1358           1.43388   0
1359           1.45997   0
1360           1.48606   0
1361           1.51214   0
1362           1.53823   0
1363           1.56432   0
1364           1.59041   0
1365           1.61649   0
1366           1.64257   0
1367           1.66865   0
1368           1.69473   0
1369            1.7208   0
1370           1.74688   0
1371           1.77295   0
1372           1.79902   0
1373           1.82508   0
1374           1.85115   0
1375           1.87721   0
1376           1.90327   0
1377           1.92933   0
1378           1.95539   0
1379           1.98145   0
1380           2.00751   0
1381           2.03357   0
1382           2.05963   0
1383           2.08569   0
1384           2.11175   0
1385           2.13781   0
1386           2.16386   0
1387           2.18992   0
1388           2.21596   0
1389           2.24201   0
1390           2.26804   0
1391           2.29408   0
1392           2.32011   0
1393           2.34614   0
1394           2.37217   0
1395            2.3982   0
1396           2.42423   0
1397           2.45025   0
1398           2.47628   0
1399           2.50231   0
1400           2.52834   0
1401           2.55437   0
1402           2.58041   0
1403           2.60646   0
1404            2.6326   0
1405           2.65904   0
1406           2.68659   0
1407           2.71755   0
1408           2.75886   0
1409           2.82708   0
1410           2.96598   0
1411           3.30299   2
1412           4.24845   2
1413           7.42089   2
1414          0.190704   1
1415          0.324864   0
1416          0.362485   0
1417          0.387659   0
1418          0.410302   0
1419          0.432398   0
1420           0.45441   0
1421          0.476636   0
1422          0.498946   0
1423          0.521728   0
1424          0.544527   0
1425          0.568235   0
1426          0.591904   0
1427          0.617337   0
1428          0.642693   0
1429          0.671232   0
1430          0.699544   0
1431          0.727641   0
1432           0.75557   0
1433          0.783336   0
1434          0.810988   0
1435          0.838561   0
1436          0.866046   0
1437          0.893486   0
1438          0.920843   0
1439          0.948153   0
1440          0.975404   0
1441           1.00261   0
1442           1.02979   0
1443           1.05694   0
1444           1.08407   0
1445            1.1112   0
1446           1.13831   0
1447           1.16542   0
1448           1.19253   0
1449           1.21963   0
1450           1.24674   0
1451           1.27384   0
1452           1.30094   0
1453           1.32804   0
1454           1.35514   0
1455           1.38224   0
1456           1.40934   0
1457           1.43645   0
1458           1.46355   0
1459           1.49065   0
1460           1.51775   0
1461           1.54485   0
1462           1.57195   0
1463           1.59905   0
1464           1.62615   0
1465           1.65325   0
1466           1.68035   0
1467           1.70745   0
1468           1.73454   0
1469           1.76163   0
1470           1.78872   0
1471           1.81581   0
1472            1.8429   0
1473           1.86998   0
1474           1.89706   0
1475           1.92414   0
1476           1.95122   0
1477            1.9783   0
1478           2.00538   0
1479           2.03245   0
1480           2.05953   0
1481            2.0866   0
1482           2.11367   0
1483           2.14075   0
1484           2.16782   0
1485            2.1949   0
1486           2.22197   0
1487           2.24904   0
1488           2.27611   0
1489           2.30318   0
1490           2.33024   0
1491            2.3573   0
1492           2.38435   0
1493            2.4114   0
1494           2.43845   0
1495            2.4655   0
1496           2.49254   0
1497           2.51959   0
1498           2.54664   0
1499           2.57369   0
1500           2.60073   0
1501           2.62778   0
1502           2.65483   0
1503           2.68188   0
1504           2.70896   0
1505           2.73612   0
1506           2.76361   0
1507           2.79213   0
1508           2.82395   0
1509           2.86474   0
1510           2.93022   0
1511           3.06365   0
1512            3.3968   2
1513           4.32755   2
1514           7.34933   2
1515          0.200776   1
1516          0.344449   0
1517           0.38498   0
1518           0.41233   0
1519          0.436347   0
1520          0.459328   0
1521          0.482046   0
1522          0.504737   0
1523          0.527593   0
1524          0.550481   0
1525          0.573761   0
1526          0.597006   0
1527          0.621134   0
1528          0.645201   0
1529          0.671151   0
1530          0.697032   0
1531          0.726373   0
1532          0.755516   0
1533          0.784468   0
1534          0.813276   0
1535          0.841949   0
1536          0.870522   0
1537          0.899031   0
1538          0.927458   0
1539          0.955842   0
1540          0.984155   0
1541           1.01242   0
1542           1.04065   0
1543           1.06883   0
1544           1.09699   0
1545           1.12513   0
1546           1.15325   0
1547           1.18137   0
1548           1.20948   0
1549           1.23758   0
1550           1.26569   0
1551           1.29379   0
1552           1.32189   0
1553           1.34998   0
1554           1.37808   0
1555           1.40618   0
1556           1.43428   0
1557           1.46238   0
1558           1.49047   0
1559           1.51857   0
1560           1.54667   0
1561           1.57477   0
1562           1.60287   0
1563           1.63096   0
1564           1.65906   0
1565           1.68716   0
1566           1.71526   0
1567           1.74335   0
1568           1.77145   0
1569           1.79954   0
1570           1.82763   0
1571           1.85572   0
1572           1.88381   0
1573           1.91189   0
1574           1.93998   0
1575           1.96806   0
1576           1.99614   0
1577           2.02421   0
1578           2.05229   0
1579           2.08037   0
1580           2.10844   0
1581           2.13651   0
1582           2.16459   0
1583           2.19266   0
1584           2.22073   0
1585           2.24881   0
1586           2.27688   0
1587           2.30495   0
1588           2.33302   0
1589           2.36109   0
1590           2.38916   0
1591           2.41722   0
1592           2.44528   0
1593           2.47334   0
1594           2.50139   0
1595           2.52944   0
1596           2.55749   0
1597           2.58554   0
1598           2.61359   0
1599           2.64163   0
1600           2.66968   0
1601           2.69773   0
1602           2.72578   0
1603           2.75383   0
1604           2.78188   0
1605           2.80996   0
1606           2.83813   0
1607           2.86661   0
1608           2.89608   0
1609            2.9284   0
1610           2.96889   0
1611           3.03181   0
1612           3.15952   0
1613           3.47718   0
1614           4.43189   0
1615           7.52704   1
#############################################


Call of  value iteration with init
********************************
Print value iteration Solution with Init
Optimum 3 #############################################
Solution of MDP problem
Size of the state space: 1616
#############################################
Solution model: Feedback Stationary Policy
- column 1: index of the state
- column 2: Value function 
- column 3: Optimal action 

  0         0.0666652   0
  1          0.243257   1
  2          0.311303   1
  3          0.362156   1
  4          0.410287   1
  5          0.457986   1
  6          0.505617   1
  7          0.553237   1
  8          0.600855   1
  9          0.648474   1
 10          0.696092   1
 11           0.74371   1
 12          0.791328   1
 13          0.838946   1
 14          0.886564   1
 15          0.934182   1
 16            0.9818   1
 17           1.02942   1
 18           1.07704   1
 19           1.12465   1
 20           1.17227   1
 21           1.21989   1
 22           1.26751   1
 23           1.31513   1
 24           1.36274   1
 25           1.41036   1
 26           1.45798   1
 27            1.5056   1
 28           1.55322   1
 29           1.60083   1
 30           1.64845   1
 31           1.69607   1
 32           1.74369   1
 33           1.79131   1
 34           1.83893   1
 35           1.88654   1
 36           1.93416   1
 37           1.98178   1
 38            2.0294   1
 39           2.07702   1
 40           2.12463   1
 41           2.17225   1
 42           2.21987   1
 43           2.26749   1
 44           2.31511   1
 45           2.36272   1
 46           2.41034   1
 47           2.45796   1
 48           2.50558   1
 49            2.5532   1
 50           2.60082   1
 51           2.64844   1
 52           2.69606   1
 53           2.74368   1
 54            2.7913   1
 55           2.83892   1
 56           2.88654   1
 57           2.93416   1
 58           2.98178   1
 59           3.02941   1
 60           3.07703   1
 61           3.12466   1
 62           3.17229   1
 63           3.21992   1
 64           3.26755   1
 65           3.31519   1
 66           3.36284   1
 67           3.41049   1
 68           3.45815   1
 69           3.50582   1
 70           3.55351   1
 71           3.60121   1
 72           3.64893   1
 73           3.69669   1
 74           3.74447   1
 75            3.7923   1
 76           3.84019   1
 77           3.88815   1
 78           3.93619   1
 79           3.98435   1
 80           4.03265   1
 81           4.08113   1
 82           4.12983   1
 83           4.17882   1
 84           4.22816   1
 85           4.27796   1
 86           4.32834   1
 87           4.37944   1
 88           4.43145   1
 89           4.48461   1
 90           4.53923   1
 91           4.59569   2
 92           4.65932   2
 93           4.75036   2
 94           4.91523   2
 95           5.26363   2
 96           6.02916   2
 97           7.66071   2
 98            10.925   2
 99            17.008   2
100           27.6813   2
101           0.21026   1
102           0.24622   0
103          0.314266   0
104          0.365119   0
105           0.41325   0
106          0.460949   0
107           0.50858   0
108            0.5562   0
109          0.603818   0
110          0.651437   0
111          0.699055   0
112          0.746673   0
113          0.794291   0
114          0.841909   0
115          0.889527   0
116          0.937145   0
117          0.984763   0
118           1.03238   0
119              1.08   0
120           1.12762   0
121           1.17524   0
122           1.22285   0
123           1.27047   0
124           1.31809   0
125           1.36571   0
126           1.41333   0
127           1.46094   0
128           1.50856   0
129           1.55618   0
130            1.6038   0
131           1.65142   0
132           1.69903   0
133           1.74665   0
134           1.79427   0
135           1.84189   0
136           1.88951   0
137           1.93712   0
138           1.98474   0
139           2.03236   0
140           2.07998   0
141            2.1276   0
142           2.17521   0
143           2.22283   0
144           2.27045   0
145           2.31807   0
146           2.36569   0
147           2.41331   0
148           2.46092   0
149           2.50854   0
150           2.55616   0
151           2.60378   0
152            2.6514   0
153           2.69902   0
154           2.74664   0
155           2.79426   0
156           2.84188   0
157            2.8895   0
158           2.93712   0
159           2.98475   0
160           3.03237   0
161           3.07999   0
162           3.12762   0
163           3.17525   0
164           3.22288   0
165           3.27052   0
166           3.31816   0
167            3.3658   0
168           3.41345   0
169           3.46111   0
170           3.50879   0
171           3.55647   0
172           3.60417   0
173            3.6519   0
174           3.69965   0
175           3.74744   0
176           3.79527   0
177           3.84315   0
178           3.89111   0
179           3.93916   0
180           3.98731   0
181           4.03561   0
182           4.08409   0
183           4.13279   0
184           4.18178   0
185           4.23113   0
186           4.28093   0
187            4.3313   0
188            4.3824   0
189           4.43441   0
190           4.48757   0
191           4.54087   2
192           4.59343   2
193           4.65037   2
194           4.72197   2
195           4.83625   2
196           5.06434   2
197           5.57288   2
198           6.71208   2
199           9.14297   2
200           13.9684   2
201           22.8463   2
202          0.222329   0
203          0.275921   0
204          0.314558   0
205          0.367532   0
206          0.415999   0
207          0.463751   0
208           0.51139   0
209          0.559012   0
210           0.60663   0
211          0.654248   0
212          0.701867   0
213          0.749485   0
214          0.797103   0
215          0.844721   0
216          0.892339   0
217          0.939957   0
218          0.987575   0
219           1.03519   0
220           1.08281   0
221           1.13043   0
222           1.17805   0
223           1.22567   0
224           1.27328   0
225            1.3209   0
226           1.36852   0
227           1.41614   0
228           1.46376   0
229           1.51137   0
230           1.55899   0
231           1.60661   0
232           1.65423   0
233           1.70185   0
234           1.74946   0
235           1.79708   0
236            1.8447   0
237           1.89232   0
238           1.93994   0
239           1.98755   0
240           2.03517   0
241           2.08279   0
242           2.13041   0
243           2.17803   0
244           2.22564   0
245           2.27326   0
246           2.32088   0
247            2.3685   0
248           2.41612   0
249           2.46374   0
250           2.51135   0
251           2.55897   0
252           2.60659   0
253           2.65421   0
254           2.70183   0
255           2.74945   0
256           2.79707   0
257           2.84469   0
258           2.89231   0
259           2.93993   0
260           2.98756   0
261           3.03518   0
262           3.08281   0
263           3.13043   0
264           3.17806   0
265           3.22569   0
266           3.27333   0
267           3.32097   0
268           3.36861   0
269           3.41626   0
270           3.46392   0
271           3.51159   0
272           3.55927   0
273           3.60697   0
274            3.6547   0
275           3.70244   0
276           3.75023   0
277           3.79805   0
278           3.84593   0
279           3.89388   0
280           3.94191   0
281           3.99006   0
282           4.03834   0
283            4.0868   0
284           4.13547   0
285           4.18442   0
286           4.23373   0
287           4.28347   0
288           4.33377   0
289           4.38478   0
290           4.43668   0
291           4.48888   0
292           4.54092   0
293           4.59269   2
294           4.64666   2
295           4.70877   2
296           4.79625   2
297           4.95656   2
298           5.30892   2
299           6.12828   2
300           7.98088   2
301           11.9055   2
302           19.5708   2
303           0.24221   1
304          0.285233   0
305          0.329868   0
306          0.369068   0
307          0.418525   0
308          0.466434   0
309          0.514098   0
310          0.561723   0
311          0.609343   0
312          0.656961   0
313          0.704579   0
314          0.752197   0
315          0.799815   0
316          0.847433   0
317          0.895051   0
318          0.942669   0
319          0.990287   0
320           1.03791   0
321           1.08552   0
322           1.13314   0
323           1.18076   0
324           1.22838   0
325             1.276   0
326           1.32361   0
327           1.37123   0
328           1.41885   0
329           1.46647   0
330           1.51409   0
331            1.5617   0
332           1.60932   0
333           1.65694   0
334           1.70456   0
335           1.75218   0
336           1.79979   0
337           1.84741   0
338           1.89503   0
339           1.94265   0
340           1.99027   0
341           2.03788   0
342            2.0855   0
343           2.13312   0
344           2.18074   0
345           2.22836   0
346           2.27598   0
347           2.32359   0
348           2.37121   0
349           2.41883   0
350           2.46645   0
351           2.51407   0
352           2.56169   0
353            2.6093   0
354           2.65692   0
355           2.70454   0
356           2.75216   0
357           2.79978   0
358            2.8474   0
359           2.89502   0
360           2.94265   0
361           2.99027   0
362           3.03789   0
363           3.08552   0
364           3.13314   0
365           3.18077   0
366            3.2284   0
367           3.27604   0
368           3.32367   0
369           3.37132   0
370           3.41897   0
371           3.46662   0
372           3.51429   0
373           3.56197   0
374           3.60967   0
375           3.65739   0
376           3.70513   0
377            3.7529   0
378           3.80072   0
379           3.84859   0
380           3.89652   0
381           3.94454   0
382           3.99266   0
383           4.04091   0
384           4.08932   0
385           4.13795   0
386           4.18684   0
387           4.23607   0
388           4.28572   0
389            4.3359   0
390           4.38675   0
391             4.438   0
392           4.48946   0
393           4.54087   0
394           4.59258   2
395           4.64519   2
396           4.70237   2
397           4.77529   2
398           4.89581   2
399           5.15095   2
400           5.75613   2
401           7.19747   2
402            10.447   2
403           17.2153   2
404          0.259391   1
405          0.306212   0
406          0.339607   0
407           0.38128   0
408          0.420622   0
409          0.468991   0
410          0.516728   0
411          0.564365   0
412          0.611986   0
413          0.659604   0
414          0.707222   0
415          0.754841   0
416          0.802459   0
417          0.850077   0
418          0.897695   0
419          0.945313   0
420          0.992931   0
421           1.04055   0
422           1.08817   0
423           1.13579   0
424            1.1834   0
425           1.23102   0
426           1.27864   0
427           1.32626   0
428           1.37388   0
429           1.42149   0
430           1.46911   0
431           1.51673   0
432           1.56435   0
433           1.61197   0
434           1.65958   0
435            1.7072   0
436           1.75482   0
437           1.80244   0
438           1.85006   0
439           1.89767   0
440           1.94529   0
441           1.99291   0
442           2.04053   0
443           2.08815   0
444           2.13576   0
445           2.18338   0
446             2.231   0
447           2.27862   0
448           2.32624   0
449           2.37386   0
450           2.42147   0
451           2.46909   0
452           2.51671   0
453           2.56433   0
454           2.61195   0
455           2.65957   0
456           2.70719   0
457           2.75481   0
458           2.80243   0
459           2.85005   0
460           2.89767   0
461           2.94529   0
462           2.99291   0
463           3.04053   0
464           3.08816   0
465           3.13578   0
466           3.18341   0
467           3.23104   0
468           3.27868   0
469           3.32631   0
470           3.37395   0
471            3.4216   0
472           3.46926   0
473           3.51692   0
474            3.5646   0
475           3.61229   0
476              3.66   0
477           3.70774   0
478            3.7555   0
479            3.8033   0
480           3.85116   0
481           3.89907   0
482           3.94706   0
483           3.99515   0
484           4.04336   0
485           4.09173   0
486           4.14029   0
487           4.18911   0
488           4.23823   0
489           4.28776   0
490           4.33778   0
491           4.38821   0
492           4.43901   0
493           4.48994   0
494            4.5411   0
495           4.59269   0
496           4.64454   2
497           4.69927   2
498           4.76391   2
499           4.86061   2
500           5.05311   2
501           5.51257   2
502           6.65369   2
503             9.385   2
504           15.4507   2
505           0.27305   1
506          0.322891   0
507           0.35881   0
508          0.391421   0
509           0.43193   0
510          0.471314   0
511          0.519279   0
512          0.566952   0
513          0.614579   0
514          0.662198   0
515          0.709816   0
516          0.757434   0
517          0.805052   0
518          0.852671   0
519          0.900289   0
520          0.947907   0
521          0.995525   0
522           1.04314   0
523           1.09076   0
524           1.13838   0
525             1.186   0
526           1.23362   0
527           1.28123   0
528           1.32885   0
529           1.37647   0
530           1.42409   0
531           1.47171   0
532           1.51932   0
533           1.56694   0
534           1.61456   0
535           1.66218   0
536            1.7098   0
537           1.75741   0
538           1.80503   0
539           1.85265   0
540           1.90027   0
541           1.94789   0
542            1.9955   0
543           2.04312   0
544           2.09074   0
545           2.13836   0
546           2.18598   0
547           2.23359   0
548           2.28121   0
549           2.32883   0
550           2.37645   0
551           2.42407   0
552           2.47169   0
553            2.5193   0
554           2.56692   0
555           2.61454   0
556           2.66216   0
557           2.70978   0
558            2.7574   0
559           2.80502   0
560           2.85264   0
561           2.90026   0
562           2.94788   0
563            2.9955   0
564           3.04313   0
565           3.09075   0
566           3.13837   0
567             3.186   0
568           3.23363   0
569           3.28126   0
570            3.3289   0
571           3.37654   0
572           3.42418   0
573           3.47184   0
574            3.5195   0
575           3.56717   0
576           3.61486   0
577           3.66256   0
578           3.71029   0
579           3.75804   0
580           3.80583   0
581           3.85367   0
582           3.90156   0
583           3.94952   0
584           3.99757   0
585           4.04574   0
586           4.09405   0
587           4.14255   0
588           4.19127   0
589           4.24028   0
590           4.28966   0
591           4.33941   0
592           4.38954   0
593           4.43991   0
594           4.49056   0
595           4.54146   0
596           4.59258   0
597            4.6444   2
598           4.69781   2
599           4.75761   2
600           4.83948   2
601           4.99131   2
602            5.3486   2
603           6.26825   2
604           8.59168   2
605           14.0902   2
606          0.291758   1
607          0.345734   0
608          0.375675   0
609          0.409738   0
610          0.442302   0
611          0.482293   0
612          0.521693   0
613          0.569486   0
614          0.617132   0
615          0.664754   0
616          0.712373   0
617          0.759991   0
618          0.807609   0
619          0.855227   0
620          0.902846   0
621          0.950464   0
622          0.998082   0
623            1.0457   0
624           1.09332   0
625           1.14094   0
626           1.18855   0
627           1.23617   0
628           1.28379   0
629           1.33141   0
630           1.37903   0
631           1.42664   0
632           1.47426   0
633           1.52188   0
634            1.5695   0
635           1.61712   0
636           1.66473   0
637           1.71235   0
638           1.75997   0
639           1.80759   0
640           1.85521   0
641           1.90282   0
642           1.95044   0
643           1.99806   0
644           2.04568   0
645            2.0933   0
646           2.14092   0
647           2.18853   0
648           2.23615   0
649           2.28377   0
650           2.33139   0
651           2.37901   0
652           2.42662   0
653           2.47424   0
654           2.52186   0
655           2.56948   0
656            2.6171   0
657           2.66472   0
658           2.71234   0
659           2.75996   0
660           2.80757   0
661           2.85519   0
662           2.90282   0
663           2.95044   0
664           2.99806   0
665           3.04568   0
666            3.0933   0
667           3.14093   0
668           3.18856   0
669           3.23618   0
670           3.28381   0
671           3.33145   0
672           3.37909   0
673           3.42673   0
674           3.47438   0
675           3.52204   0
676            3.5697   0
677           3.61739   0
678           3.66508   0
679            3.7128   0
680           3.76054   0
681           3.80832   0
682           3.85613   0
683             3.904   0
684           3.95194   0
685           3.99995   0
686           4.04807   0
687           4.09632   0
688           4.14474   0
689           4.19337   0
690           4.24226   0
691           4.29145   0
692           4.34098   0
693           4.39079   0
694           4.44091   0
695           4.49125   0
696           4.54181   0
697           4.59279   0
698           4.64454   0
699           4.69702   2
700           4.75404   2
701           4.82676   2
702           4.95101   2
703           5.23663   2
704           5.98863   2
705           7.98869   2
706           13.0152   2
707            0.3097   1
708          0.367642   0
709          0.399105   0
710          0.426771   0
711          0.460193   0
712           0.49279   0
713          0.532529   0
714          0.571935   0
715          0.619648   0
716          0.667281   0
717          0.714902   0
718           0.76252   0
719          0.810138   0
720          0.857756   0
721          0.905374   0
722          0.952992   0
723           1.00061   0
724           1.04823   0
725           1.09585   0
726           1.14346   0
727           1.19108   0
728            1.2387   0
729           1.28632   0
730           1.33394   0
731           1.38155   0
732           1.42917   0
733           1.47679   0
734           1.52441   0
735           1.57203   0
736           1.61965   0
737           1.66726   0
738           1.71488   0
739            1.7625   0
740           1.81012   0
741           1.85774   0
742           1.90535   0
743           1.95297   0
744           2.00059   0
745           2.04821   0
746           2.09583   0
747           2.14344   0
748           2.19106   0
749           2.23868   0
750            2.2863   0
751           2.33392   0
752           2.38153   0
753           2.42915   0
754           2.47677   0
755           2.52439   0
756           2.57201   0
757           2.61963   0
758           2.66725   0
759           2.71486   0
760           2.76248   0
761            2.8101   0
762           2.85772   0
763           2.90534   0
764           2.95296   0
765           3.00059   0
766           3.04821   0
767           3.09583   0
768           3.14345   0
769           3.19108   0
770           3.23871   0
771           3.28634   0
772           3.33397   0
773           3.38161   0
774           3.42925   0
775           3.47689   0
776           3.52455   0
777           3.57221   0
778           3.61989   0
779           3.66757   0
780           3.71528   0
781           3.76301   0
782           3.81077   0
783           3.85857   0
784           3.90642   0
785           3.95432   0
786            4.0023   0
787           4.05037   0
788           4.09856   0
789            4.1469   0
790           4.19544   0
791           4.24419   0
792           4.29322   0
793           4.34252   0
794           4.39211   0
795           4.44193   0
796           4.49201   0
797           4.54237   0
798           4.59313   0
799            4.6444   0
800           4.69673   2
801           4.75215   2
802           4.81874   2
803           4.92472   2
804           5.15814   2
805            5.7838   2
806           7.52125   2
807           12.1519   2
808          0.331337   1
809          0.394062   0
810          0.421512   0
811          0.450095   0
812          0.477337   0
813          0.510463   0
814          0.543091   0
815          0.582699   0
816          0.622108   0
817          0.669781   0
818          0.717407   0
819          0.765027   0
820          0.812645   0
821          0.860263   0
822          0.907881   0
823          0.955499   0
824           1.00312   0
825           1.05074   0
826           1.09835   0
827           1.14597   0
828           1.19359   0
829           1.24121   0
830           1.28883   0
831           1.33644   0
832           1.38406   0
833           1.43168   0
834            1.4793   0
835           1.52692   0
836           1.57453   0
837           1.62215   0
838           1.66977   0
839           1.71739   0
840           1.76501   0
841           1.81262   0
842           1.86024   0
843           1.90786   0
844           1.95548   0
845            2.0031   0
846           2.05071   0
847           2.09833   0
848           2.14595   0
849           2.19357   0
850           2.24119   0
851           2.28881   0
852           2.33642   0
853           2.38404   0
854           2.43166   0
855           2.47928   0
856            2.5269   0
857           2.57451   0
858           2.62213   0
859           2.66975   0
860           2.71737   0
861           2.76499   0
862           2.81261   0
863           2.86023   0
864           2.90785   0
865           2.95547   0
866           3.00309   0
867           3.05071   0
868           3.09833   0
869           3.14596   0
870           3.19358   0
871           3.24121   0
872           3.28884   0
873           3.33647   0
874            3.3841   0
875           3.43174   0
876           3.47939   0
877           3.52704   0
878            3.5747   0
879           3.62236   0
880           3.67005   0
881           3.71774   0
882           3.76546   0
883           3.81321   0
884           3.86099   0
885           3.90881   0
886           3.95668   0
887           4.00463   0
888           4.05265   0
889           4.10078   0
890           4.14905   0
891           4.19748   0
892           4.24612   0
893           4.29498   0
894            4.3441   0
895           4.39345   0
896           4.44306   0
897            4.4929   0
898           4.54303   0
899           4.59349   0
900           4.64457   0
901           4.69678   2
902           4.75098   2
903           4.81388   2
904           4.90696   2
905           5.10339   2
906           5.63051   2
907           7.15655   2
908           11.4461   2
909          0.352811   1
910          0.420283   0
911          0.448913   0
912          0.472672   0
913          0.500523   0
914          0.527677   0
915          0.560645   0
916          0.593295   0
917           0.63283   0
918          0.672241   0
919          0.719892   0
920          0.767515   0
921          0.815134   0
922          0.862752   0
923          0.910371   0
924          0.957989   0
925           1.00561   0
926           1.05322   0
927           1.10084   0
928           1.14846   0
929           1.19608   0
930            1.2437   0
931           1.29132   0
932           1.33893   0
933           1.38655   0
934           1.43417   0
935           1.48179   0
936           1.52941   0
937           1.57702   0
938           1.62464   0
939           1.67226   0
940           1.71988   0
941            1.7675   0
942           1.81511   0
943           1.86273   0
944           1.91035   0
945           1.95797   0
946           2.00559   0
947            2.0532   0
948           2.10082   0
949           2.14844   0
950           2.19606   0
951           2.24368   0
952           2.29129   0
953           2.33891   0
954           2.38653   0
955           2.43415   0
956           2.48177   0
957           2.52939   0
958             2.577   0
959           2.62462   0
960           2.67224   0
961           2.71986   0
962           2.76748   0
963            2.8151   0
964           2.86272   0
965           2.91034   0
966           2.95796   0
967           3.00558   0
968            3.0532   0
969           3.10082   0
970           3.14844   0
971           3.19607   0
972           3.24369   0
973           3.29132   0
974           3.33895   0
975           3.38658   0
976           3.43422   0
977           3.48186   0
978           3.52951   0
979           3.57716   0
980           3.62483   0
981            3.6725   0
982           3.72019   0
983            3.7679   0
984           3.81563   0
985           3.86339   0
986           3.91119   0
987           3.95904   0
988           4.00694   0
989           4.05493   0
990             4.103   0
991            4.1512   0
992           4.19954   0
993           4.24805   0
994           4.29677   0
995            4.3457   0
996           4.39487   0
997           4.44426   0
998            4.4939   0
999           4.54378   0
1000           4.59404   0
1001           4.64488   0
1002           4.69673   0
1003           4.75043   2
1004           4.81078   2
1005           4.89545   2
1006           5.06405   2
1007           5.51689   2
1008           6.86703   2
1009           10.8663   2
1010          0.377144   1
1011          0.449995   0
1012          0.475804   0
1013          0.500213   0
1014          0.523185   0
1015          0.550758   0
1016          0.577901   0
1017          0.610778   0
1018          0.643443   0
1019          0.682936   0
1020          0.722349   0
1021          0.769988   0
1022          0.817609   0
1023          0.865228   0
1024          0.912846   0
1025          0.960464   0
1026           1.00808   0
1027            1.0557   0
1028           1.10332   0
1029           1.15094   0
1030           1.19855   0
1031           1.24617   0
1032           1.29379   0
1033           1.34141   0
1034           1.38903   0
1035           1.43664   0
1036           1.48426   0
1037           1.53188   0
1038            1.5795   0
1039           1.62712   0
1040           1.67473   0
1041           1.72235   0
1042           1.76997   0
1043           1.81759   0
1044           1.86521   0
1045           1.91283   0
1046           1.96044   0
1047           2.00806   0
1048           2.05568   0
1049            2.1033   0
1050           2.15092   0
1051           2.19853   0
1052           2.24615   0
1053           2.29377   0
1054           2.34139   0
1055           2.38901   0
1056           2.43662   0
1057           2.48424   0
1058           2.53186   0
1059           2.57948   0
1060            2.6271   0
1061           2.67472   0
1062           2.72233   0
1063           2.76995   0
1064           2.81757   0
1065           2.86519   0
1066           2.91281   0
1067           2.96043   0
1068           3.00805   0
1069           3.05567   0
1070           3.10329   0
1071           3.15092   0
1072           3.19854   0
1073           3.24617   0
1074           3.29379   0
1075           3.34142   0
1076           3.38905   0
1077           3.43669   0
1078           3.48432   0
1079           3.53197   0
1080           3.57962   0
1081           3.62728   0
1082           3.67495   0
1083           3.72263   0
1084           3.77032   0
1085           3.81804   0
1086           3.86579   0
1087           3.91357   0
1088           3.96139   0
1089           4.00926   0
1090            4.0572   0
1091           4.10522   0
1092           4.15335   0
1093            4.2016   0
1094           4.25001   0
1095           4.29859   0
1096           4.34738   0
1097           4.39636   0
1098           4.44557   0
1099           4.49499   0
1100           4.54468   0
1101            4.5947   0
1102           4.64528   0
1103           4.69678   0
1104            4.7502   2
1105           4.80909   2
1106           4.88752   2
1107           5.03708   2
1108           5.43081   2
1109           6.64043   2
1110           10.3826   2
1111          0.401513   1
1112           0.47975   0
1113          0.506618   0
1114          0.527298   0
1115          0.550715   0
1116          0.573471   0
1117          0.600911   0
1118           0.62806   0
1119          0.660882   0
1120          0.693557   0
1121          0.733025   0
1122          0.772439   0
1123          0.820071   0
1124          0.867691   0
1125           0.91531   0
1126          0.962928   0
1127           1.01055   0
1128           1.05816   0
1129           1.10578   0
1130            1.1534   0
1131           1.20102   0
1132           1.24864   0
1133           1.29625   0
1134           1.34387   0
1135           1.39149   0
1136           1.43911   0
1137           1.48673   0
1138           1.53434   0
1139           1.58196   0
1140           1.62958   0
1141            1.6772   0
1142           1.72482   0
1143           1.77243   0
1144           1.82005   0
1145           1.86767   0
1146           1.91529   0
1147           1.96291   0
1148           2.01053   0
1149           2.05814   0
1150           2.10576   0
1151           2.15338   0
1152             2.201   0
1153           2.24862   0
1154           2.29623   0
1155           2.34385   0
1156           2.39147   0
1157           2.43909   0
1158           2.48671   0
1159           2.53432   0
1160           2.58194   0
1161           2.62956   0
1162           2.67718   0
1163            2.7248   0
1164           2.77242   0
1165           2.82004   0
1166           2.86765   0
1167           2.91527   0
1168           2.96289   0
1169           3.01051   0
1170           3.05813   0
1171           3.10576   0
1172           3.15338   0
1173             3.201   0
1174           3.24863   0
1175           3.29625   0
1176           3.34388   0
1177           3.39151   0
1178           3.43914   0
1179           3.48678   0
1180           3.53442   0
1181           3.58206   0
1182           3.62972   0
1183           3.67738   0
1184           3.72505   0
1185           3.77274   0
1186           3.82045   0
1187           3.86818   0
1188           3.91594   0
1189           3.96373   0
1190           4.01157   0
1191           4.05947   0
1192           4.10745   0
1193           4.15551   0
1194           4.20369   0
1195             4.252   0
1196           4.30047   0
1197            4.3491   0
1198           4.39794   0
1199           4.44696   0
1200            4.4962   0
1201           4.54569   0
1202            4.5955   0
1203            4.6458   0
1204           4.69701   0
1205           4.75031   2
1206            4.8079   2
1207           4.88272   2
1208           5.01799   2
1209           5.36944   2
1210           6.45998   2
1211           9.98609   2
1212          0.428147   1
1213          0.512272   0
1214          0.537162   0
1215          0.558349   0
1216          0.577883   0
1217          0.600965   0
1218          0.623654   0
1219           0.65102   0
1220           0.67818   0
1221          0.710966   0
1222          0.743649   0
1223          0.783102   0
1224          0.822517   0
1225          0.870144   0
1226          0.917764   0
1227          0.965382   0
1228             1.013   0
1229           1.06062   0
1230           1.10824   0
1231           1.15585   0
1232           1.20347   0
1233           1.25109   0
1234           1.29871   0
1235           1.34633   0
1236           1.39394   0
1237           1.44156   0
1238           1.48918   0
1239            1.5368   0
1240           1.58442   0
1241           1.63203   0
1242           1.67965   0
1243           1.72727   0
1244           1.77489   0
1245           1.82251   0
1246           1.87013   0
1247           1.91774   0
1248           1.96536   0
1249           2.01298   0
1250            2.0606   0
1251           2.10822   0
1252           2.15583   0
1253           2.20345   0
1254           2.25107   0
1255           2.29869   0
1256           2.34631   0
1257           2.39392   0
1258           2.44154   0
1259           2.48916   0
1260           2.53678   0
1261            2.5844   0
1262           2.63202   0
1263           2.67963   0
1264           2.72725   0
1265           2.77487   0
1266           2.82249   0
1267           2.87011   0
1268           2.91773   0
1269           2.96535   0
1270           3.01297   0
1271           3.06059   0
1272           3.10821   0
1273           3.15583   0
1274           3.20345   0
1275           3.25108   0
1276            3.2987   0
1277           3.34633   0
1278           3.39396   0
1279           3.44159   0
1280           3.48922   0
1281           3.53686   0
1282            3.5845   0
1283           3.63215   0
1284           3.67981   0
1285           3.72747   0
1286           3.77515   0
1287           3.82285   0
1288           3.87056   0
1289           3.91831   0
1290           3.96608   0
1291           4.01389   0
1292           4.06176   0
1293           4.10968   0
1294           4.15769   0
1295            4.2058   0
1296           4.25402   0
1297           4.30238   0
1298            4.3509   0
1299           4.39958   0
1300           4.44845   0
1301           4.49751   0
1302           4.54682   0
1303           4.59641   0
1304           4.64648   0
1305           4.69744   0
1306            4.7502   0
1307           4.80734   2
1308           4.87968   2
1309           5.00649   2
1310           5.32475   2
1311           6.32743   2
1312           9.65641   2
1313          0.454886   1
1314          0.544922   0
1315          0.570835   0
1316          0.589112   0
1317          0.608986   0
1318          0.628176   0
1319          0.651113   0
1320          0.673784   0
1321          0.701104   0
1322          0.728274   0
1323          0.761037   0
1324          0.793726   0
1325          0.833168   0
1326          0.872585   0
1327          0.920209   0
1328          0.967828   0
1329           1.01545   0
1330           1.06306   0
1331           1.11068   0
1332            1.1583   0
1333           1.20592   0
1334           1.25354   0
1335           1.30115   0
1336           1.34877   0
1337           1.39639   0
1338           1.44401   0
1339           1.49163   0
1340           1.53925   0
1341           1.58686   0
1342           1.63448   0
1343            1.6821   0
1344           1.72972   0
1345           1.77734   0
1346           1.82495   0
1347           1.87257   0
1348           1.92019   0
1349           1.96781   0
1350           2.01543   0
1351           2.06304   0
1352           2.11066   0
1353           2.15828   0
1354            2.2059   0
1355           2.25352   0
1356           2.30113   0
1357           2.34875   0
1358           2.39637   0
1359           2.44399   0
1360           2.49161   0
1361           2.53922   0
1362           2.58684   0
1363           2.63446   0
1364           2.68208   0
1365            2.7297   0
1366           2.77732   0
1367           2.82494   0
1368           2.87255   0
1369           2.92017   0
1370           2.96779   0
1371           3.01541   0
1372           3.06303   0
1373           3.11065   0
1374           3.15827   0
1375            3.2059   0
1376           3.25352   0
1377           3.30114   0
1378           3.34877   0
1379           3.39639   0
1380           3.44402   0
1381           3.49166   0
1382           3.53929   0
1383           3.58693   0
1384           3.63458   0
1385           3.68223   0
1386           3.72989   0
1387           3.77756   0
1388           3.82525   0
1389           3.87295   0
1390           3.92067   0
1391           3.96843   0
1392           4.01622   0
1393           4.06405   0
1394           4.11194   0
1395           4.15989   0
1396           4.20793   0
1397           4.25608   0
1398           4.30434   0
1399           4.35274   0
1400            4.4013   0
1401           4.45002   0
1402           4.49893   0
1403           4.54805   0
1404           4.59746   0
1405            4.6473   0
1406           4.69792   0
1407           4.75031   0
1408           4.80709   2
1409           4.87813   2
1410           4.99953   2
1411           5.30001   2
1412            6.2293   2
1413           9.40921   2
1414           0.48344   1
1415          0.579788   0
1416          0.604362   0
1417          0.623066   0
1418          0.639835   0
1419          0.659282   0
1420          0.678351   0
1421          0.701213   0
1422          0.723882   0
1423          0.751172   0
1424           0.77835   0
1425          0.811098   0
1426          0.843791   0
1427          0.883227   0
1428          0.922645   0
1429          0.970267   0
1430           1.01789   0
1431            1.0655   0
1432           1.11312   0
1433           1.16074   0
1434           1.20836   0
1435           1.25598   0
1436           1.30359   0
1437           1.35121   0
1438           1.39883   0
1439           1.44645   0
1440           1.49407   0
1441           1.54168   0
1442            1.5893   0
1443           1.63692   0
1444           1.68454   0
1445           1.73216   0
1446           1.77977   0
1447           1.82739   0
1448           1.87501   0
1449           1.92263   0
1450           1.97025   0
1451           2.01787   0
1452           2.06548   0
1453            2.1131   0
1454           2.16072   0
1455           2.20834   0
1456           2.25596   0
1457           2.30357   0
1458           2.35119   0
1459           2.39881   0
1460           2.44643   0
1461           2.49405   0
1462           2.54166   0
1463           2.58928   0
1464            2.6369   0
1465           2.68452   0
1466           2.73214   0
1467           2.77976   0
1468           2.82737   0
1469           2.87499   0
1470           2.92261   0
1471           2.97023   0
1472           3.01785   0
1473           3.06547   0
1474           3.11309   0
1475           3.16071   0
1476           3.20833   0
1477           3.25596   0
1478           3.30358   0
1479            3.3512   0
1480           3.39883   0
1481           3.44646   0
1482           3.49409   0
1483           3.54172   0
1484           3.58936   0
1485             3.637   0
1486           3.68465   0
1487            3.7323   0
1488           3.77997   0
1489           3.82764   0
1490           3.87533   0
1491           3.92304   0
1492           3.97078   0
1493           4.01854   0
1494           4.06635   0
1495            4.1142   0
1496           4.16211   0
1497            4.2101   0
1498           4.25817   0
1499           4.30635   0
1500           4.35465   0
1501           4.40309   0
1502           4.45168   0
1503           4.50044   0
1504            4.5494   0
1505           4.59862   0
1506           4.64823   0
1507           4.69858   0
1508           4.75057   0
1509           4.80728   2
1510           4.87716   2
1511           4.99638   2
1512           5.28866   2
1513           6.18885   2
1514           9.22402   2
1515           0.51212   1
1516          0.614807   0
1517          0.640406   0
1518          0.656834   0
1519          0.673875   0
1520          0.690175   0
1521          0.709446   0
1522          0.728468   0
1523          0.751287   0
1524          0.773959   0
1525          0.801229   0
1526          0.828413   0
1527          0.861151   0
1528          0.893847   0
1529           0.93328   0
1530          0.972698   0
1531           1.02032   0
1532           1.06794   0
1533           1.11556   0
1534           1.16317   0
1535           1.21079   0
1536           1.25841   0
1537           1.30603   0
1538           1.35365   0
1539           1.40126   0
1540           1.44888   0
1541            1.4965   0
1542           1.54412   0
1543           1.59174   0
1544           1.63935   0
1545           1.68697   0
1546           1.73459   0
1547           1.78221   0
1548           1.82983   0
1549           1.87744   0
1550           1.92506   0
1551           1.97268   0
1552            2.0203   0
1553           2.06792   0
1554           2.11554   0
1555           2.16315   0
1556           2.21077   0
1557           2.25839   0
1558           2.30601   0
1559           2.35363   0
1560           2.40124   0
1561           2.44886   0
1562           2.49648   0
1563            2.5441   0
1564           2.59172   0
1565           2.63933   0
1566           2.68695   0
1567           2.73457   0
1568           2.78219   0
1569           2.82981   0
1570           2.87743   0
1571           2.92505   0
1572           2.97266   0
1573           3.02028   0
1574            3.0679   0
1575           3.11552   0
1576           3.16314   0
1577           3.21076   0
1578           3.25839   0
1579           3.30601   0
1580           3.35363   0
1581           3.40126   0
1582           3.44888   0
1583           3.49651   0
1584           3.54414   0
1585           3.59178   0
1586           3.63942   0
1587           3.68706   0
1588           3.73471   0
1589           3.78237   0
1590           3.83004   0
1591           3.87772   0
1592           3.92542   0
1593           3.97314   0
1594           4.02088   0
1595           4.06866   0
1596           4.11648   0
1597           4.16435   0
1598           4.21228   0
1599           4.26029   0
1600            4.3084   0
1601           4.35661   0
1602           4.40495   0
1603           4.45341   0
1604           4.50205   0
1605           4.55085   0
1606            4.5999   0
1607            4.6493   0
1608           4.69937   0
1609           4.75109   0
1610           4.80709   0
1611           4.87716   2
1612           4.99638   2
1613           5.28866   2
1614           6.18885   2
1615           9.22279   1
#############################################


Call of Policy Iteration Modified
Print Policy Iteration Modified Solution
#############################################
Solution of MDP problem
Size of the state space: 1616
#############################################
Solution model: Feedback Stationary Policy
- column 1: index of the state
- column 2: Value function 
- column 3: Optimal action 

  0         0.0666788   0
  1          0.243303   1
  2          0.311356   1
  3          0.362211   1
  4          0.410343   1
  5          0.458043   1
  6          0.505675   1
  7          0.553296   1
  8          0.600915   1
  9          0.648535   1
 10          0.696154   1
 11          0.743773   1
 12          0.791392   1
 13          0.839011   1
 14           0.88663   1
 15          0.934249   1
 16          0.981868   1
 17           1.02949   1
 18           1.07711   1
 19           1.12473   1
 20           1.17234   1
 21           1.21996   1
 22           1.26758   1
 23            1.3152   1
 24           1.36282   1
 25           1.41044   1
 26           1.45806   1
 27           1.50568   1
 28            1.5533   1
 29           1.60092   1
 30           1.64854   1
 31           1.69615   1
 32           1.74377   1
 33           1.79139   1
 34           1.83901   1
 35           1.88663   1
 36           1.93425   1
 37           1.98187   1
 38           2.02949   1
 39           2.07711   1
 40           2.12473   1
 41           2.17235   1
 42           2.21997   1
 43           2.26759   1
 44           2.31521   1
 45           2.36283   1
 46           2.41045   1
 47           2.45808   1
 48            2.5057   1
 49           2.55332   1
 50           2.60094   1
 51           2.64856   1
 52           2.69619   1
 53           2.74381   1
 54           2.79143   1
 55           2.83905   1
 56           2.88667   1
 57            2.9343   1
 58           2.98192   1
 59           3.02955   1
 60           3.07717   1
 61            3.1248   1
 62           3.17243   1
 63           3.22006   1
 64           3.26769   1
 65           3.31533   1
 66           3.36298   1
 67           3.41063   1
 68           3.45829   1
 69           3.50596   1
 70           3.55364   1
 71           3.60135   1
 72           3.64907   1
 73           3.69682   1
 74           3.74461   1
 75           3.79244   1
 76           3.84033   1
 77           3.88828   1
 78           3.93633   1
 79           3.98449   1
 80           4.03279   1
 81           4.08126   1
 82           4.12997   1
 83           4.17895   1
 84            4.2283   1
 85            4.2781   1
 86           4.32847   1
 87           4.37957   1
 88           4.43158   1
 89           4.48475   1
 90           4.53937   1
 91           4.59583   2
 92           4.65946   2
 93            4.7505   2
 94           4.91537   2
 95           5.26377   2
 96            6.0293   2
 97           7.66085   2
 98           10.9252   2
 99           17.0081   2
100           27.6815   2
101          0.210305   1
102          0.246266   0
103          0.314318   0
104          0.365174   0
105          0.413306   0
106          0.461006   0
107          0.508638   0
108          0.556259   0
109          0.603878   0
110          0.651498   0
111          0.699117   0
112          0.746736   0
113          0.794355   0
114          0.841974   0
115          0.889593   0
116          0.937212   0
117          0.984831   0
118           1.03245   0
119           1.08007   0
120           1.12769   0
121           1.17531   0
122           1.22293   0
123           1.27055   0
124           1.31816   0
125           1.36578   0
126            1.4134   0
127           1.46102   0
128           1.50864   0
129           1.55626   0
130           1.60388   0
131            1.6515   0
132           1.69912   0
133           1.74674   0
134           1.79436   0
135           1.84198   0
136           1.88959   0
137           1.93721   0
138           1.98483   0
139           2.03245   0
140           2.08007   0
141           2.12769   0
142           2.17531   0
143           2.22293   0
144           2.27055   0
145           2.31817   0
146            2.3658   0
147           2.41342   0
148           2.46104   0
149           2.50866   0
150           2.55628   0
151            2.6039   0
152           2.65153   0
153           2.69915   0
154           2.74677   0
155           2.79439   0
156           2.84202   0
157           2.88964   0
158           2.93726   0
159           2.98488   0
160           3.03251   0
161           3.08013   0
162           3.12776   0
163           3.17539   0
164           3.22302   0
165           3.27065   0
166           3.31829   0
167           3.36594   0
168           3.41359   0
169           3.46125   0
170           3.50892   0
171           3.55661   0
172           3.60431   0
173           3.65203   0
174           3.69979   0
175           3.74757   0
176            3.7954   0
177           3.84329   0
178           3.89125   0
179           3.93929   0
180           3.98745   0
181           4.03575   0
182           4.08423   0
183           4.13293   0
184           4.18192   0
185           4.23126   0
186           4.28106   0
187           4.33144   0
188           4.38253   0
189           4.43455   0
190           4.48771   0
191             4.541   2
192           4.59356   2
193           4.65051   2
194           4.72211   2
195           4.83639   2
196           5.06448   2
197           5.57302   2
198           6.71222   2
199            9.1431   2
200           13.9686   2
201           22.8464   2
202          0.222374   0
203          0.275972   0
204          0.314609   0
205          0.367587   0
206          0.416054   0
207          0.463808   0
208          0.511448   0
209          0.559071   0
210           0.60669   0
211          0.654309   0
212          0.701928   0
213          0.749547   0
214          0.797166   0
215          0.844786   0
216          0.892405   0
217          0.940024   0
218          0.987643   0
219           1.03526   0
220           1.08288   0
221            1.1305   0
222           1.17812   0
223           1.22574   0
224           1.27336   0
225           1.32098   0
226            1.3686   0
227           1.41621   0
228           1.46383   0
229           1.51145   0
230           1.55907   0
231           1.60669   0
232           1.65431   0
233           1.70193   0
234           1.74955   0
235           1.79717   0
236           1.84479   0
237           1.89241   0
238           1.94003   0
239           1.98765   0
240           2.03527   0
241           2.08288   0
242            2.1305   0
243           2.17812   0
244           2.22575   0
245           2.27337   0
246           2.32099   0
247           2.36861   0
248           2.41623   0
249           2.46385   0
250           2.51147   0
251           2.55909   0
252           2.60671   0
253           2.65434   0
254           2.70196   0
255           2.74958   0
256            2.7972   0
257           2.84483   0
258           2.89245   0
259           2.94007   0
260            2.9877   0
261           3.03532   0
262           3.08294   0
263           3.13057   0
264            3.1782   0
265           3.22583   0
266           3.27346   0
267            3.3211   0
268           3.36875   0
269            3.4164   0
270           3.46406   0
271           3.51173   0
272           3.55941   0
273           3.60711   0
274           3.65483   0
275           3.70258   0
276           3.75036   0
277           3.79819   0
278           3.84607   0
279           3.89402   0
280           3.94205   0
281           3.99019   0
282           4.03848   0
283           4.08693   0
284           4.13561   0
285           4.18456   0
286           4.23386   0
287           4.28361   0
288           4.33391   0
289           4.38492   0
290           4.43682   0
291           4.48902   0
292           4.54105   0
293           4.59283   2
294            4.6468   2
295           4.70891   2
296           4.79638   2
297            4.9567   2
298           5.30905   2
299           6.12842   2
300           7.98102   2
301           11.9056   2
302            19.571   2
303          0.242259   1
304          0.285283   0
305          0.329921   0
306          0.369122   0
307           0.41858   0
308          0.466491   0
309          0.514156   0
310          0.561782   0
311          0.609402   0
312          0.657021   0
313          0.704641   0
314           0.75226   0
315          0.799879   0
316          0.847498   0
317          0.895117   0
318          0.942736   0
319          0.990355   0
320           1.03797   0
321           1.08559   0
322           1.13321   0
323           1.18083   0
324           1.22845   0
325           1.27607   0
326           1.32369   0
327           1.37131   0
328           1.41893   0
329           1.46655   0
330           1.51416   0
331           1.56178   0
332            1.6094   0
333           1.65702   0
334           1.70464   0
335           1.75226   0
336           1.79988   0
337            1.8475   0
338           1.89512   0
339           1.94274   0
340           1.99036   0
341           2.03798   0
342            2.0856   0
343           2.13322   0
344           2.18084   0
345           2.22846   0
346           2.27608   0
347            2.3237   0
348           2.37132   0
349           2.41894   0
350           2.46656   0
351           2.51418   0
352            2.5618   0
353           2.60943   0
354           2.65705   0
355           2.70467   0
356           2.75229   0
357           2.79992   0
358           2.84754   0
359           2.89516   0
360           2.94278   0
361           2.99041   0
362           3.03803   0
363           3.08566   0
364           3.13328   0
365           3.18091   0
366           3.22854   0
367           3.27617   0
368           3.32381   0
369           3.37145   0
370            3.4191   0
371           3.46676   0
372           3.51443   0
373           3.56211   0
374            3.6098   0
375           3.65752   0
376           3.70526   0
377           3.75304   0
378           3.80086   0
379           3.84872   0
380           3.89666   0
381           3.94467   0
382           3.99279   0
383           4.04104   0
384           4.08946   0
385           4.13809   0
386           4.18698   0
387            4.2362   0
388           4.28585   0
389           4.33603   0
390           4.38688   0
391           4.43814   0
392           4.48959   0
393             4.541   0
394           4.59271   2
395           4.64532   2
396           4.70251   2
397           4.77543   2
398           4.89594   2
399           5.15108   2
400           5.75627   2
401           7.19761   2
402           10.4471   2
403           17.2154   2
404          0.259442   1
405          0.306264   0
406          0.339659   0
407          0.381334   0
408          0.420677   0
409          0.469047   0
410          0.516785   0
411          0.564423   0
412          0.612045   0
413          0.659665   0
414          0.707284   0
415          0.754903   0
416          0.802522   0
417          0.850141   0
418           0.89776   0
419          0.945379   0
420          0.992998   0
421           1.04062   0
422           1.08824   0
423           1.13586   0
424           1.18347   0
425           1.23109   0
426           1.27871   0
427           1.32633   0
428           1.37395   0
429           1.42157   0
430           1.46919   0
431           1.51681   0
432           1.56443   0
433           1.61205   0
434           1.65967   0
435           1.70728   0
436            1.7549   0
437           1.80252   0
438           1.85014   0
439           1.89776   0
440           1.94538   0
441             1.993   0
442           2.04062   0
443           2.08824   0
444           2.13586   0
445           2.18348   0
446            2.2311   0
447           2.27872   0
448           2.32634   0
449           2.37396   0
450           2.42158   0
451            2.4692   0
452           2.51683   0
453           2.56445   0
454           2.61207   0
455           2.65969   0
456           2.70731   0
457           2.75494   0
458           2.80256   0
459           2.85018   0
460            2.8978   0
461           2.94543   0
462           2.99305   0
463           3.04067   0
464            3.0883   0
465           3.13592   0
466           3.18355   0
467           3.23118   0
468           3.27881   0
469           3.32645   0
470           3.37409   0
471           3.42174   0
472           3.46939   0
473           3.51706   0
474           3.56473   0
475           3.61242   0
476           3.66014   0
477           3.70787   0
478           3.75564   0
479           3.80344   0
480           3.85129   0
481           3.89921   0
482            3.9472   0
483           3.99529   0
484            4.0435   0
485           4.09187   0
486           4.14043   0
487           4.18924   0
488           4.23837   0
489           4.28789   0
490           4.33791   0
491           4.38835   0
492           4.43914   0
493           4.49007   0
494           4.54124   0
495           4.59283   0
496           4.64467   2
497           4.69941   2
498           4.76404   2
499           4.86074   2
500           5.05325   2
501           5.51271   2
502           6.65383   2
503           9.38513   2
504           15.4509   2
505          0.273101   1
506          0.322942   0
507          0.358863   0
508          0.391475   0
509          0.431985   0
510           0.47137   0
511          0.519336   0
512           0.56701   0
513          0.614637   0
514          0.662258   0
515          0.709877   0
516          0.757496   0
517          0.805115   0
518          0.852734   0
519          0.900353   0
520          0.947972   0
521          0.995591   0
522           1.04321   0
523           1.09083   0
524           1.13845   0
525           1.18607   0
526           1.23369   0
527           1.28131   0
528           1.32892   0
529           1.37654   0
530           1.42416   0
531           1.47178   0
532            1.5194   0
533           1.56702   0
534           1.61464   0
535           1.66226   0
536           1.70988   0
537            1.7575   0
538           1.80512   0
539           1.85274   0
540           1.90036   0
541           1.94797   0
542           1.99559   0
543           2.04321   0
544           2.09083   0
545           2.13845   0
546           2.18607   0
547           2.23369   0
548           2.28131   0
549           2.32893   0
550           2.37655   0
551           2.42418   0
552            2.4718   0
553           2.51942   0
554           2.56704   0
555           2.61466   0
556           2.66228   0
557           2.70991   0
558           2.75753   0
559           2.80515   0
560           2.85277   0
561           2.90039   0
562           2.94802   0
563           2.99564   0
564           3.04326   0
565           3.09089   0
566           3.13851   0
567           3.18614   0
568           3.23377   0
569            3.2814   0
570           3.32904   0
571           3.37668   0
572           3.42432   0
573           3.47197   0
574           3.51963   0
575           3.56731   0
576           3.61499   0
577            3.6627   0
578           3.71042   0
579           3.75818   0
580           3.80597   0
581            3.8538   0
582           3.90169   0
583           3.94966   0
584           3.99771   0
585           4.04588   0
586           4.09419   0
587           4.14268   0
588           4.19141   0
589           4.24042   0
590            4.2898   0
591           4.33954   0
592           4.38967   0
593           4.44005   0
594            4.4907   0
595           4.54159   0
596           4.59271   0
597           4.64454   2
598           4.69795   2
599           4.75774   2
600           4.83961   2
601           4.99145   2
602           5.34874   2
603           6.26839   2
604           8.59182   2
605           14.0904   2
606          0.291809   1
607          0.345786   0
608          0.375728   0
609          0.409792   0
610          0.442356   0
611          0.482349   0
612          0.521749   0
613          0.569544   0
614           0.61719   0
615          0.664814   0
616          0.712434   0
617          0.760053   0
618          0.807672   0
619          0.855291   0
620           0.90291   0
621          0.950529   0
622          0.998148   0
623           1.04577   0
624           1.09339   0
625           1.14101   0
626           1.18862   0
627           1.23624   0
628           1.28386   0
629           1.33148   0
630            1.3791   0
631           1.42672   0
632           1.47434   0
633           1.52196   0
634           1.56958   0
635            1.6172   0
636           1.66482   0
637           1.71243   0
638           1.76005   0
639           1.80767   0
640           1.85529   0
641           1.90291   0
642           1.95053   0
643           1.99815   0
644           2.04577   0
645           2.09339   0
646           2.14101   0
647           2.18863   0
648           2.23625   0
649           2.28387   0
650           2.33149   0
651           2.37911   0
652           2.42673   0
653           2.47435   0
654           2.52197   0
655           2.56959   0
656           2.61722   0
657           2.66484   0
658           2.71246   0
659           2.76008   0
660            2.8077   0
661           2.85533   0
662           2.90295   0
663           2.95057   0
664            2.9982   0
665           3.04582   0
666           3.09344   0
667           3.14107   0
668           3.18869   0
669           3.23632   0
670           3.28395   0
671           3.33159   0
672           3.37922   0
673           3.42687   0
674           3.47452   0
675           3.52217   0
676           3.56984   0
677           3.61752   0
678           3.66522   0
679           3.71293   0
680           3.76068   0
681           3.80845   0
682           3.85627   0
683           3.90414   0
684           3.95207   0
685           4.00009   0
686           4.04821   0
687           4.09646   0
688           4.14488   0
689           4.19351   0
690            4.2424   0
691           4.29159   0
692           4.34112   0
693           4.39093   0
694           4.44104   0
695           4.49138   0
696           4.54195   0
697           4.59293   0
698           4.64467   0
699           4.69715   2
700           4.75417   2
701            4.8269   2
702           4.95114   2
703           5.23676   2
704           5.98877   2
705           7.98882   2
706           13.0153   2
707          0.309751   1
708          0.367694   0
709          0.399157   0
710          0.426824   0
711          0.460247   0
712          0.492845   0
713          0.532585   0
714          0.571992   0
715          0.619706   0
716           0.66734   0
717          0.714962   0
718          0.762581   0
719            0.8102   0
720          0.857819   0
721          0.905438   0
722          0.953057   0
723           1.00068   0
724            1.0483   0
725           1.09591   0
726           1.14353   0
727           1.19115   0
728           1.23877   0
729           1.28639   0
730           1.33401   0
731           1.38163   0
732           1.42925   0
733           1.47687   0
734           1.52449   0
735           1.57211   0
736           1.61972   0
737           1.66734   0
738           1.71496   0
739           1.76258   0
740            1.8102   0
741           1.85782   0
742           1.90544   0
743           1.95306   0
744           2.00068   0
745            2.0483   0
746           2.09592   0
747           2.14354   0
748           2.19116   0
749           2.23878   0
750            2.2864   0
751           2.33402   0
752           2.38164   0
753           2.42926   0
754           2.47688   0
755            2.5245   0
756           2.57212   0
757           2.61974   0
758           2.66737   0
759           2.71499   0
760           2.76261   0
761           2.81023   0
762           2.85785   0
763           2.90548   0
764            2.9531   0
765           3.00072   0
766           3.04834   0
767           3.09597   0
768           3.14359   0
769           3.19122   0
770           3.23885   0
771           3.28648   0
772           3.33411   0
773           3.38174   0
774           3.42938   0
775           3.47703   0
776           3.52468   0
777           3.57235   0
778           3.62002   0
779           3.66771   0
780           3.71542   0
781           3.76315   0
782           3.81091   0
783           3.85871   0
784           3.90655   0
785           3.95446   0
786           4.00243   0
787           4.05051   0
788            4.0987   0
789           4.14704   0
790           4.19557   0
791           4.24433   0
792           4.29336   0
793           4.34265   0
794           4.39224   0
795           4.44207   0
796           4.49215   0
797            4.5425   0
798           4.59327   0
799           4.64454   0
800           4.69687   2
801           4.75228   2
802           4.81887   2
803           4.92485   2
804           5.15828   2
805           5.78394   2
806           7.52138   2
807           12.1521   2
808          0.331388   1
809          0.394114   0
810          0.421564   0
811          0.450148   0
812          0.477391   0
813          0.510518   0
814          0.543146   0
815          0.582755   0
816          0.622165   0
817          0.669839   0
818          0.717467   0
819          0.765087   0
820          0.812706   0
821          0.860325   0
822          0.907944   0
823          0.955564   0
824           1.00318   0
825            1.0508   0
826           1.09842   0
827           1.14604   0
828           1.19366   0
829           1.24128   0
830            1.2889   0
831           1.33652   0
832           1.38414   0
833           1.43175   0
834           1.47937   0
835           1.52699   0
836           1.57461   0
837           1.62223   0
838           1.66985   0
839           1.71747   0
840           1.76509   0
841           1.81271   0
842           1.86033   0
843           1.90795   0
844           1.95557   0
845           2.00318   0
846            2.0508   0
847           2.09842   0
848           2.14604   0
849           2.19366   0
850           2.24128   0
851            2.2889   0
852           2.33652   0
853           2.38414   0
854           2.43176   0
855           2.47938   0
856           2.52701   0
857           2.57463   0
858           2.62225   0
859           2.66987   0
860           2.71749   0
861           2.76511   0
862           2.81274   0
863           2.86036   0
864           2.90798   0
865            2.9556   0
866           3.00323   0
867           3.05085   0
868           3.09847   0
869            3.1461   0
870           3.19372   0
871           3.24135   0
872           3.28898   0
873           3.33661   0
874           3.38424   0
875           3.43188   0
876           3.47952   0
877           3.52717   0
878           3.57483   0
879            3.6225   0
880           3.67018   0
881           3.71788   0
882            3.7656   0
883           3.81335   0
884           3.86113   0
885           3.90895   0
886           3.95682   0
887           4.00476   0
888           4.05279   0
889           4.10092   0
890           4.14919   0
891           4.19762   0
892           4.24626   0
893           4.29512   0
894           4.34423   0
895           4.39358   0
896           4.44319   0
897           4.49303   0
898           4.54316   0
899           4.59363   0
900            4.6447   0
901           4.69692   2
902           4.75112   2
903           4.81401   2
904            4.9071   2
905           5.10353   2
906           5.63064   2
907           7.15669   2
908           11.4463   2
909          0.352861   1
910          0.420334   0
911          0.448965   0
912          0.472725   0
913          0.500576   0
914          0.527731   0
915            0.5607   0
916          0.593351   0
917          0.632887   0
918          0.672299   0
919          0.719951   0
920          0.767575   0
921          0.815195   0
922          0.862814   0
923          0.910433   0
924          0.958052   0
925           1.00567   0
926           1.05329   0
927           1.10091   0
928           1.14853   0
929           1.19615   0
930           1.24377   0
931           1.29139   0
932             1.339   0
933           1.38662   0
934           1.43424   0
935           1.48186   0
936           1.52948   0
937            1.5771   0
938           1.62472   0
939           1.67234   0
940           1.71996   0
941           1.76758   0
942            1.8152   0
943           1.86282   0
944           1.91043   0
945           1.95805   0
946           2.00567   0
947           2.05329   0
948           2.10091   0
949           2.14853   0
950           2.19615   0
951           2.24377   0
952           2.29139   0
953           2.33901   0
954           2.38663   0
955           2.43425   0
956           2.48187   0
957           2.52949   0
958           2.57711   0
959           2.62474   0
960           2.67236   0
961           2.71998   0
962            2.7676   0
963           2.81522   0
964           2.86285   0
965           2.91047   0
966           2.95809   0
967           3.00571   0
968           3.05334   0
969           3.10096   0
970           3.14858   0
971           3.19621   0
972           3.24383   0
973           3.29146   0
974           3.33909   0
975           3.38672   0
976           3.43436   0
977             3.482   0
978           3.52965   0
979            3.5773   0
980           3.62496   0
981           3.67264   0
982           3.72033   0
983           3.76804   0
984           3.81577   0
985           3.86353   0
986           3.91133   0
987           3.95917   0
988           4.00708   0
989           4.05506   0
990           4.10314   0
991           4.15133   0
992           4.19967   0
993           4.24819   0
994           4.29691   0
995           4.34584   0
996           4.39501   0
997            4.4444   0
998           4.49403   0
999           4.54392   0
1000           4.59418   0
1001           4.64501   0
1002           4.69687   0
1003           4.75056   2
1004           4.81092   2
1005           4.89558   2
1006           5.06419   2
1007           5.51702   2
1008           6.86717   2
1009           10.8664   2
1010          0.377194   1
1011          0.450046   0
1012          0.475856   0
1013          0.500265   0
1014          0.523238   0
1015          0.550812   0
1016          0.577956   0
1017          0.610833   0
1018          0.643499   0
1019          0.682994   0
1020          0.722407   0
1021          0.770047   0
1022          0.817669   0
1023          0.865289   0
1024          0.912908   0
1025          0.960527   0
1026           1.00815   0
1027           1.05577   0
1028           1.10338   0
1029             1.151   0
1030           1.19862   0
1031           1.24624   0
1032           1.29386   0
1033           1.34148   0
1034            1.3891   0
1035           1.43672   0
1036           1.48434   0
1037           1.53196   0
1038           1.57957   0
1039           1.62719   0
1040           1.67481   0
1041           1.72243   0
1042           1.77005   0
1043           1.81767   0
1044           1.86529   0
1045           1.91291   0
1046           1.96053   0
1047           2.00815   0
1048           2.05577   0
1049           2.10339   0
1050           2.15101   0
1051           2.19863   0
1052           2.24625   0
1053           2.29387   0
1054           2.34149   0
1055           2.38911   0
1056           2.43673   0
1057           2.48435   0
1058           2.53197   0
1059           2.57959   0
1060           2.62721   0
1061           2.67483   0
1062           2.72245   0
1063           2.77007   0
1064            2.8177   0
1065           2.86532   0
1066           2.91294   0
1067           2.96056   0
1068           3.00819   0
1069           3.05581   0
1070           3.10343   0
1071           3.15105   0
1072           3.19868   0
1073            3.2463   0
1074           3.29393   0
1075           3.34156   0
1076           3.38919   0
1077           3.43682   0
1078           3.48446   0
1079            3.5321   0
1080           3.57975   0
1081           3.62741   0
1082           3.67508   0
1083           3.72276   0
1084           3.77046   0
1085           3.81818   0
1086           3.86592   0
1087            3.9137   0
1088           3.96152   0
1089           4.00939   0
1090           4.05733   0
1091           4.10536   0
1092           4.15348   0
1093           4.20174   0
1094           4.25015   0
1095           4.29873   0
1096           4.34752   0
1097            4.3965   0
1098           4.44571   0
1099           4.49513   0
1100           4.54482   0
1101           4.59484   0
1102           4.64541   0
1103           4.69692   0
1104           4.75033   2
1105           4.80923   2
1106           4.88766   2
1107           5.03722   2
1108           5.43094   2
1109           6.64057   2
1110           10.3828   2
1111          0.401563   1
1112          0.479801   0
1113           0.50667   0
1114           0.52735   0
1115          0.550768   0
1116          0.573524   0
1117          0.600965   0
1118          0.628115   0
1119          0.660938   0
1120          0.693614   0
1121          0.733083   0
1122          0.772498   0
1123          0.820131   0
1124          0.867752   0
1125          0.915371   0
1126           0.96299   0
1127           1.01061   0
1128           1.05823   0
1129           1.10585   0
1130           1.15347   0
1131           1.20109   0
1132            1.2487   0
1133           1.29632   0
1134           1.34394   0
1135           1.39156   0
1136           1.43918   0
1137            1.4868   0
1138           1.53442   0
1139           1.58204   0
1140           1.62966   0
1141           1.67728   0
1142            1.7249   0
1143           1.77251   0
1144           1.82013   0
1145           1.86775   0
1146           1.91537   0
1147           1.96299   0
1148           2.01061   0
1149           2.05823   0
1150           2.10585   0
1151           2.15347   0
1152           2.20109   0
1153           2.24871   0
1154           2.29633   0
1155           2.34395   0
1156           2.39157   0
1157           2.43919   0
1158           2.48681   0
1159           2.53443   0
1160           2.58205   0
1161           2.62967   0
1162           2.67729   0
1163           2.72491   0
1164           2.77254   0
1165           2.82016   0
1166           2.86778   0
1167            2.9154   0
1168           2.96302   0
1169           3.01065   0
1170           3.05827   0
1171           3.10589   0
1172           3.15352   0
1173           3.20114   0
1174           3.24876   0
1175           3.29639   0
1176           3.34402   0
1177           3.39165   0
1178           3.43928   0
1179           3.48691   0
1180           3.53455   0
1181            3.5822   0
1182           3.62985   0
1183           3.67752   0
1184           3.72519   0
1185           3.77288   0
1186           3.82058   0
1187           3.86831   0
1188           3.91607   0
1189           3.96387   0
1190           4.01171   0
1191           4.05961   0
1192           4.10758   0
1193           4.15565   0
1194           4.20382   0
1195           4.25213   0
1196            4.3006   0
1197           4.34924   0
1198           4.39807   0
1199           4.44709   0
1200           4.49634   0
1201           4.54582   0
1202           4.59564   0
1203           4.64594   0
1204           4.69715   0
1205           4.75045   2
1206           4.80803   2
1207           4.88286   2
1208           5.01813   2
1209           5.36958   2
1210           6.46011   2
1211           9.98623   2
1212          0.428197   1
1213          0.512322   0
1214          0.537214   0
1215          0.558401   0
1216          0.577935   0
1217          0.601018   0
1218          0.623708   0
1219          0.651075   0
1220          0.678235   0
1221          0.711022   0
1222          0.743706   0
1223           0.78316   0
1224          0.822576   0
1225          0.870204   0
1226          0.917825   0
1227          0.965444   0
1228           1.01306   0
1229           1.06068   0
1230            1.1083   0
1231           1.15592   0
1232           1.20354   0
1233           1.25116   0
1234           1.29878   0
1235            1.3464   0
1236           1.39402   0
1237           1.44163   0
1238           1.48925   0
1239           1.53687   0
1240           1.58449   0
1241           1.63211   0
1242           1.67973   0
1243           1.72735   0
1244           1.77497   0
1245           1.82259   0
1246           1.87021   0
1247           1.91783   0
1248           1.96544   0
1249           2.01306   0
1250           2.06068   0
1251            2.1083   0
1252           2.15592   0
1253           2.20354   0
1254           2.25116   0
1255           2.29878   0
1256            2.3464   0
1257           2.39402   0
1258           2.44164   0
1259           2.48926   0
1260           2.53688   0
1261            2.5845   0
1262           2.63212   0
1263           2.67974   0
1264           2.72737   0
1265           2.77499   0
1266           2.82261   0
1267           2.87023   0
1268           2.91785   0
1269           2.96548   0
1270            3.0131   0
1271           3.06072   0
1272           3.10834   0
1273           3.15597   0
1274           3.20359   0
1275           3.25121   0
1276           3.29884   0
1277           3.34647   0
1278           3.39409   0
1279           3.44172   0
1280           3.48936   0
1281           3.53699   0
1282           3.58464   0
1283           3.63229   0
1284           3.67994   0
1285           3.72761   0
1286           3.77529   0
1287           3.82298   0
1288            3.8707   0
1289           3.91844   0
1290           3.96621   0
1291           4.01403   0
1292           4.06189   0
1293           4.10982   0
1294           4.15783   0
1295           4.20593   0
1296           4.25416   0
1297           4.30251   0
1298           4.35103   0
1299           4.39971   0
1300           4.44859   0
1301           4.49765   0
1302           4.54695   0
1303           4.59655   0
1304           4.64661   0
1305           4.69758   0
1306           4.75033   0
1307           4.80747   2
1308           4.87982   2
1309           5.00663   2
1310           5.32489   2
1311           6.32756   2
1312           9.65655   2
1313          0.454935   1
1314          0.544972   0
1315          0.570886   0
1316          0.589163   0
1317          0.609038   0
1318          0.628229   0
1319          0.651167   0
1320          0.673838   0
1321          0.701159   0
1322          0.728329   0
1323          0.761093   0
1324          0.793783   0
1325          0.833227   0
1326          0.872644   0
1327          0.920269   0
1328          0.967889   0
1329           1.01551   0
1330           1.06313   0
1331           1.11075   0
1332           1.15837   0
1333           1.20598   0
1334            1.2536   0
1335           1.30122   0
1336           1.34884   0
1337           1.39646   0
1338           1.44408   0
1339            1.4917   0
1340           1.53932   0
1341           1.58694   0
1342           1.63456   0
1343           1.68218   0
1344           1.72979   0
1345           1.77741   0
1346           1.82503   0
1347           1.87265   0
1348           1.92027   0
1349           1.96789   0
1350           2.01551   0
1351           2.06313   0
1352           2.11075   0
1353           2.15837   0
1354           2.20599   0
1355           2.25361   0
1356           2.30123   0
1357           2.34885   0
1358           2.39647   0
1359           2.44409   0
1360           2.49171   0
1361           2.53933   0
1362           2.58695   0
1363           2.63457   0
1364           2.68219   0
1365           2.72981   0
1366           2.77743   0
1367           2.82505   0
1368           2.87267   0
1369            2.9203   0
1370           2.96792   0
1371           3.01554   0
1372           3.06316   0
1373           3.11079   0
1374           3.15841   0
1375           3.20603   0
1376           3.25366   0
1377           3.30128   0
1378           3.34891   0
1379           3.39653   0
1380           3.44416   0
1381           3.49179   0
1382           3.53943   0
1383           3.58707   0
1384           3.63471   0
1385           3.68236   0
1386           3.73003   0
1387            3.7777   0
1388           3.82538   0
1389           3.87309   0
1390           3.92081   0
1391           3.96856   0
1392           4.01635   0
1393           4.06418   0
1394           4.11207   0
1395           4.16003   0
1396           4.20807   0
1397           4.25621   0
1398           4.30448   0
1399           4.35288   0
1400           4.40144   0
1401           4.45016   0
1402           4.49907   0
1403           4.54819   0
1404           4.59759   0
1405           4.64743   0
1406           4.69806   0
1407           4.75045   0
1408           4.80722   2
1409           4.87826   2
1410           4.99967   2
1411           5.30015   2
1412           6.22943   2
1413           9.40935   2
1414           0.48349   1
1415          0.579838   0
1416          0.604413   0
1417          0.623118   0
1418          0.639887   0
1419          0.659335   0
1420          0.678404   0
1421          0.701267   0
1422          0.723936   0
1423          0.751227   0
1424          0.778406   0
1425          0.811155   0
1426          0.843849   0
1427          0.883286   0
1428          0.922704   0
1429          0.970328   0
1430           1.01795   0
1431           1.06557   0
1432           1.11319   0
1433            1.1608   0
1434           1.20842   0
1435           1.25604   0
1436           1.30366   0
1437           1.35128   0
1438            1.3989   0
1439           1.44652   0
1440           1.49414   0
1441           1.54176   0
1442           1.58938   0
1443             1.637   0
1444           1.68461   0
1445           1.73223   0
1446           1.77985   0
1447           1.82747   0
1448           1.87509   0
1449           1.92271   0
1450           1.97033   0
1451           2.01795   0
1452           2.06557   0
1453           2.11319   0
1454           2.16081   0
1455           2.20843   0
1456           2.25605   0
1457           2.30366   0
1458           2.35128   0
1459            2.3989   0
1460           2.44652   0
1461           2.49414   0
1462           2.54176   0
1463           2.58938   0
1464           2.63701   0
1465           2.68463   0
1466           2.73225   0
1467           2.77987   0
1468           2.82749   0
1469           2.87511   0
1470           2.92273   0
1471           2.97036   0
1472           3.01798   0
1473            3.0656   0
1474           3.11322   0
1475           3.16085   0
1476           3.20847   0
1477           3.25609   0
1478           3.30372   0
1479           3.35134   0
1480           3.39897   0
1481           3.44659   0
1482           3.49422   0
1483           3.54186   0
1484           3.58949   0
1485           3.63714   0
1486           3.68478   0
1487           3.73244   0
1488            3.7801   0
1489           3.82778   0
1490           3.87547   0
1491           3.92318   0
1492           3.97092   0
1493           4.01868   0
1494           4.06648   0
1495           4.11434   0
1496           4.16225   0
1497           4.21023   0
1498           4.25831   0
1499           4.30648   0
1500           4.35479   0
1501           4.40322   0
1502           4.45182   0
1503           4.50058   0
1504           4.54954   0
1505           4.59876   0
1506           4.64837   0
1507           4.69872   0
1508           4.75071   0
1509           4.80742   2
1510            4.8773   2
1511           4.99651   2
1512           5.28879   2
1513           6.18898   2
1514           9.22416   2
1515          0.512169   1
1516          0.614857   0
1517          0.640456   0
1518          0.656884   0
1519          0.673927   0
1520          0.690227   0
1521          0.709499   0
1522          0.728521   0
1523          0.751341   0
1524          0.774013   0
1525          0.801285   0
1526           0.82847   0
1527          0.861208   0
1528          0.893905   0
1529          0.933339   0
1530          0.972758   0
1531           1.02038   0
1532             1.068   0
1533           1.11562   0
1534           1.16324   0
1535           1.21086   0
1536           1.25848   0
1537           1.30609   0
1538           1.35371   0
1539           1.40133   0
1540           1.44895   0
1541           1.49657   0
1542           1.54419   0
1543           1.59181   0
1544           1.63943   0
1545           1.68705   0
1546           1.73467   0
1547           1.78229   0
1548            1.8299   0
1549           1.87752   0
1550           1.92514   0
1551           1.97276   0
1552           2.02038   0
1553             2.068   0
1554           2.11562   0
1555           2.16324   0
1556           2.21086   0
1557           2.25848   0
1558            2.3061   0
1559           2.35372   0
1560           2.40134   0
1561           2.44896   0
1562           2.49658   0
1563            2.5442   0
1564           2.59182   0
1565           2.63944   0
1566           2.68706   0
1567           2.73468   0
1568            2.7823   0
1569           2.82992   0
1570           2.87754   0
1571           2.92516   0
1572           2.97279   0
1573           3.02041   0
1574           3.06803   0
1575           3.11565   0
1576           3.16328   0
1577            3.2109   0
1578           3.25852   0
1579           3.30615   0
1580           3.35377   0
1581            3.4014   0
1582           3.44902   0
1583           3.49665   0
1584           3.54428   0
1585           3.59192   0
1586           3.63955   0
1587            3.6872   0
1588           3.73485   0
1589            3.7825   0
1590           3.83017   0
1591           3.87785   0
1592           3.92555   0
1593           3.97327   0
1594           4.02102   0
1595           4.06879   0
1596           4.11661   0
1597           4.16449   0
1598           4.21242   0
1599           4.26043   0
1600           4.30854   0
1601           4.35675   0
1602           4.40508   0
1603           4.45355   0
1604           4.50218   0
1605           4.55099   0
1606           4.60004   0
1607           4.64944   0
1608           4.69951   0
1609           4.75122   0
1610           4.80722   0
1611            4.8773   2
1612           4.99651   2
1613           5.28879   2
1614           6.18898   2
1615           9.22293   1
#############################################


Policy With Str #############################################
Solution of MDP problem
Size of the state space: 1616
#############################################
Solution model: Feedback Stationary Policy
- column 1: index of the state
- column 2: Value function 
- column 3: Optimal action 

  0         0.0666788   0
  1          0.243303   1
  2          0.311356   1
  3          0.362211   1
  4          0.410343   1
  5          0.458043   1
  6          0.505675   1
  7          0.553296   1
  8          0.600915   1
  9          0.648535   1
 10          0.696154   1
 11          0.743773   1
 12          0.791392   1
 13          0.839011   1
 14           0.88663   1
 15          0.934249   1
 16          0.981868   1
 17           1.02949   1
 18           1.07711   1
 19           1.12473   1
 20           1.17234   1
 21           1.21996   1
 22           1.26758   1
 23            1.3152   1
 24           1.36282   1
 25           1.41044   1
 26           1.45806   1
 27           1.50568   1
 28            1.5533   1
 29           1.60092   1
 30           1.64854   1
 31           1.69615   1
 32           1.74377   1
 33           1.79139   1
 34           1.83901   1
 35           1.88663   1
 36           1.93425   1
 37           1.98187   1
 38           2.02949   1
 39           2.07711   1
 40           2.12473   1
 41           2.17235   1
 42           2.21997   1
 43           2.26759   1
 44           2.31521   1
 45           2.36283   1
 46           2.41045   1
 47           2.45808   1
 48            2.5057   1
 49           2.55332   1
 50           2.60094   1
 51           2.64856   1
 52           2.69619   1
 53           2.74381   1
 54           2.79143   1
 55           2.83905   1
 56           2.88667   1
 57            2.9343   1
 58           2.98192   1
 59           3.02955   1
 60           3.07717   1
 61            3.1248   1
 62           3.17243   1
 63           3.22006   1
 64           3.26769   1
 65           3.31533   1
 66           3.36298   1
 67           3.41063   1
 68           3.45829   1
 69           3.50596   1
 70           3.55364   1
 71           3.60135   1
 72           3.64907   1
 73           3.69682   1
 74           3.74461   1
 75           3.79244   1
 76           3.84033   1
 77           3.88828   1
 78           3.93633   1
 79           3.98449   1
 80           4.03279   1
 81           4.08126   1
 82           4.12997   1
 83           4.17895   1
 84            4.2283   1
 85            4.2781   1
 86           4.32847   1
 87           4.37957   1
 88           4.43158   1
 89           4.48475   1
 90           4.53937   1
 91           4.59583   2
 92           4.65946   2
 93            4.7505   2
 94           4.91537   2
 95           5.26377   2
 96            6.0293   2
 97           7.66085   2
 98           10.9252   2
 99           17.0081   2
100           27.6815   2
101          0.210305   1
102          0.246266   0
103          0.314318   0
104          0.365174   0
105          0.413306   0
106          0.461006   0
107          0.508638   0
108          0.556259   0
109          0.603878   0
110          0.651498   0
111          0.699117   0
112          0.746736   0
113          0.794355   0
114          0.841974   0
115          0.889593   0
116          0.937212   0
117          0.984831   0
118           1.03245   0
119           1.08007   0
120           1.12769   0
121           1.17531   0
122           1.22293   0
123           1.27055   0
124           1.31816   0
125           1.36578   0
126            1.4134   0
127           1.46102   0
128           1.50864   0
129           1.55626   0
130           1.60388   0
131            1.6515   0
132           1.69912   0
133           1.74674   0
134           1.79436   0
135           1.84198   0
136           1.88959   0
137           1.93721   0
138           1.98483   0
139           2.03245   0
140           2.08007   0
141           2.12769   0
142           2.17531   0
143           2.22293   0
144           2.27055   0
145           2.31817   0
146            2.3658   0
147           2.41342   0
148           2.46104   0
149           2.50866   0
150           2.55628   0
151            2.6039   0
152           2.65153   0
153           2.69915   0
154           2.74677   0
155           2.79439   0
156           2.84202   0
157           2.88964   0
158           2.93726   0
159           2.98488   0
160           3.03251   0
161           3.08013   0
162           3.12776   0
163           3.17539   0
164           3.22302   0
165           3.27065   0
166           3.31829   0
167           3.36594   0
168           3.41359   0
169           3.46125   0
170           3.50892   0
171           3.55661   0
172           3.60431   0
173           3.65203   0
174           3.69979   0
175           3.74757   0
176            3.7954   0
177           3.84329   0
178           3.89125   0
179           3.93929   0
180           3.98745   0
181           4.03575   0
182           4.08423   0
183           4.13293   0
184           4.18192   0
185           4.23126   0
186           4.28106   0
187           4.33144   0
188           4.38253   0
189           4.43455   0
190           4.48771   0
191             4.541   2
192           4.59356   2
193           4.65051   2
194           4.72211   2
195           4.83639   2
196           5.06448   2
197           5.57302   2
198           6.71222   2
199            9.1431   2
200           13.9686   2
201           22.8464   2
202          0.222374   0
203          0.275972   0
204          0.314609   0
205          0.367587   0
206          0.416054   0
207          0.463808   0
208          0.511448   0
209          0.559071   0
210           0.60669   0
211          0.654309   0
212          0.701928   0
213          0.749547   0
214          0.797166   0
215          0.844786   0
216          0.892405   0
217          0.940024   0
218          0.987643   0
219           1.03526   0
220           1.08288   0
221            1.1305   0
222           1.17812   0
223           1.22574   0
224           1.27336   0
225           1.32098   0
226            1.3686   0
227           1.41621   0
228           1.46383   0
229           1.51145   0
230           1.55907   0
231           1.60669   0
232           1.65431   0
233           1.70193   0
234           1.74955   0
235           1.79717   0
236           1.84479   0
237           1.89241   0
238           1.94003   0
239           1.98765   0
240           2.03527   0
241           2.08288   0
242            2.1305   0
243           2.17812   0
244           2.22575   0
245           2.27337   0
246           2.32099   0
247           2.36861   0
248           2.41623   0
249           2.46385   0
250           2.51147   0
251           2.55909   0
252           2.60671   0
253           2.65434   0
254           2.70196   0
255           2.74958   0
256            2.7972   0
257           2.84483   0
258           2.89245   0
259           2.94007   0
260            2.9877   0
261           3.03532   0
262           3.08294   0
263           3.13057   0
264            3.1782   0
265           3.22583   0
266           3.27346   0
267            3.3211   0
268           3.36875   0
269            3.4164   0
270           3.46406   0
271           3.51173   0
272           3.55941   0
273           3.60711   0
274           3.65483   0
275           3.70258   0
276           3.75036   0
277           3.79819   0
278           3.84607   0
279           3.89402   0
280           3.94205   0
281           3.99019   0
282           4.03848   0
283           4.08693   0
284           4.13561   0
285           4.18456   0
286           4.23386   0
287           4.28361   0
288           4.33391   0
289           4.38492   0
290           4.43682   0
291           4.48902   0
292           4.54105   0
293           4.59283   2
294            4.6468   2
295           4.70891   2
296           4.79638   2
297            4.9567   2
298           5.30905   2
299           6.12842   2
300           7.98102   2
301           11.9056   2
302            19.571   2
303          0.242259   1
304          0.285283   0
305          0.329921   0
306          0.369122   0
307           0.41858   0
308          0.466491   0
309          0.514156   0
310          0.561782   0
311          0.609402   0
312          0.657021   0
313          0.704641   0
314           0.75226   0
315          0.799879   0
316          0.847498   0
317          0.895117   0
318          0.942736   0
319          0.990355   0
320           1.03797   0
321           1.08559   0
322           1.13321   0
323           1.18083   0
324           1.22845   0
325           1.27607   0
326           1.32369   0
327           1.37131   0
328           1.41893   0
329           1.46655   0
330           1.51416   0
331           1.56178   0
332            1.6094   0
333           1.65702   0
334           1.70464   0
335           1.75226   0
336           1.79988   0
337            1.8475   0
338           1.89512   0
339           1.94274   0
340           1.99036   0
341           2.03798   0
342            2.0856   0
343           2.13322   0
344           2.18084   0
345           2.22846   0
346           2.27608   0
347            2.3237   0
348           2.37132   0
349           2.41894   0
350           2.46656   0
351           2.51418   0
352            2.5618   0
353           2.60943   0
354           2.65705   0
355           2.70467   0
356           2.75229   0
357           2.79992   0
358           2.84754   0
359           2.89516   0
360           2.94278   0
361           2.99041   0
362           3.03803   0
363           3.08566   0
364           3.13328   0
365           3.18091   0
366           3.22854   0
367           3.27617   0
368           3.32381   0
369           3.37145   0
370            3.4191   0
371           3.46676   0
372           3.51443   0
373           3.56211   0
374            3.6098   0
375           3.65752   0
376           3.70526   0
377           3.75304   0
378           3.80086   0
379           3.84872   0
380           3.89666   0
381           3.94467   0
382           3.99279   0
383           4.04104   0
384           4.08946   0
385           4.13809   0
386           4.18698   0
387            4.2362   0
388           4.28585   0
389           4.33603   0
390           4.38688   0
391           4.43814   0
392           4.48959   0
393             4.541   0
394           4.59271   2
395           4.64532   2
396           4.70251   2
397           4.77543   2
398           4.89594   2
399           5.15108   2
400           5.75627   2
401           7.19761   2
402           10.4471   2
403           17.2154   2
404          0.259442   1
405          0.306264   0
406          0.339659   0
407          0.381334   0
408          0.420677   0
409          0.469047   0
410          0.516785   0
411          0.564423   0
412          0.612045   0
413          0.659665   0
414          0.707284   0
415          0.754903   0
416          0.802522   0
417          0.850141   0
418           0.89776   0
419          0.945379   0
420          0.992998   0
421           1.04062   0
422           1.08824   0
423           1.13586   0
424           1.18347   0
425           1.23109   0
426           1.27871   0
427           1.32633   0
428           1.37395   0
429           1.42157   0
430           1.46919   0
431           1.51681   0
432           1.56443   0
433           1.61205   0
434           1.65967   0
435           1.70728   0
436            1.7549   0
437           1.80252   0
438           1.85014   0
439           1.89776   0
440           1.94538   0
441             1.993   0
442           2.04062   0
443           2.08824   0
444           2.13586   0
445           2.18348   0
446            2.2311   0
447           2.27872   0
448           2.32634   0
449           2.37396   0
450           2.42158   0
451            2.4692   0
452           2.51683   0
453           2.56445   0
454           2.61207   0
455           2.65969   0
456           2.70731   0
457           2.75494   0
458           2.80256   0
459           2.85018   0
460            2.8978   0
461           2.94543   0
462           2.99305   0
463           3.04067   0
464            3.0883   0
465           3.13592   0
466           3.18355   0
467           3.23118   0
468           3.27881   0
469           3.32645   0
470           3.37409   0
471           3.42174   0
472           3.46939   0
473           3.51706   0
474           3.56473   0
475           3.61242   0
476           3.66014   0
477           3.70787   0
478           3.75564   0
479           3.80344   0
480           3.85129   0
481           3.89921   0
482            3.9472   0
483           3.99529   0
484            4.0435   0
485           4.09187   0
486           4.14043   0
487           4.18924   0
488           4.23837   0
489           4.28789   0
490           4.33791   0
491           4.38835   0
492           4.43914   0
493           4.49007   0
494           4.54124   0
495           4.59283   0
496           4.64467   2
497           4.69941   2
498           4.76404   2
499           4.86074   2
500           5.05325   2
501           5.51271   2
502           6.65383   2
503           9.38513   2
504           15.4509   2
505          0.273101   1
506          0.322942   0
507          0.358863   0
508          0.391475   0
509          0.431985   0
510           0.47137   0
511          0.519336   0
512           0.56701   0
513          0.614637   0
514          0.662258   0
515          0.709877   0
516          0.757496   0
517          0.805115   0
518          0.852734   0
519          0.900353   0
520          0.947972   0
521          0.995591   0
522           1.04321   0
523           1.09083   0
524           1.13845   0
525           1.18607   0
526           1.23369   0
527           1.28131   0
528           1.32892   0
529           1.37654   0
530           1.42416   0
531           1.47178   0
532            1.5194   0
533           1.56702   0
534           1.61464   0
535           1.66226   0
536           1.70988   0
537            1.7575   0
538           1.80512   0
539           1.85274   0
540           1.90036   0
541           1.94797   0
542           1.99559   0
543           2.04321   0
544           2.09083   0
545           2.13845   0
546           2.18607   0
547           2.23369   0
548           2.28131   0
549           2.32893   0
550           2.37655   0
551           2.42418   0
552            2.4718   0
553           2.51942   0
554           2.56704   0
555           2.61466   0
556           2.66228   0
557           2.70991   0
558           2.75753   0
559           2.80515   0
560           2.85277   0
561           2.90039   0
562           2.94802   0
563           2.99564   0
564           3.04326   0
565           3.09089   0
566           3.13851   0
567           3.18614   0
568           3.23377   0
569            3.2814   0
570           3.32904   0
571           3.37668   0
572           3.42432   0
573           3.47197   0
574           3.51963   0
575           3.56731   0
576           3.61499   0
577            3.6627   0
578           3.71042   0
579           3.75818   0
580           3.80597   0
581            3.8538   0
582           3.90169   0
583           3.94966   0
584           3.99771   0
585           4.04588   0
586           4.09419   0
587           4.14268   0
588           4.19141   0
589           4.24042   0
590            4.2898   0
591           4.33954   0
592           4.38967   0
593           4.44005   0
594            4.4907   0
595           4.54159   0
596           4.59271   0
597           4.64454   2
598           4.69795   2
599           4.75774   2
600           4.83961   2
601           4.99145   2
602           5.34874   2
603           6.26839   2
604           8.59182   2
605           14.0904   2
606          0.291809   1
607          0.345786   0
608          0.375728   0
609          0.409792   0
610          0.442356   0
611          0.482349   0
612          0.521749   0
613          0.569544   0
614           0.61719   0
615          0.664814   0
616          0.712434   0
617          0.760053   0
618          0.807672   0
619          0.855291   0
620           0.90291   0
621          0.950529   0
622          0.998148   0
623           1.04577   0
624           1.09339   0
625           1.14101   0
626           1.18862   0
627           1.23624   0
628           1.28386   0
629           1.33148   0
630            1.3791   0
631           1.42672   0
632           1.47434   0
633           1.52196   0
634           1.56958   0
635            1.6172   0
636           1.66482   0
637           1.71243   0
638           1.76005   0
639           1.80767   0
640           1.85529   0
641           1.90291   0
642           1.95053   0
643           1.99815   0
644           2.04577   0
645           2.09339   0
646           2.14101   0
647           2.18863   0
648           2.23625   0
649           2.28387   0
650           2.33149   0
651           2.37911   0
652           2.42673   0
653           2.47435   0
654           2.52197   0
655           2.56959   0
656           2.61722   0
657           2.66484   0
658           2.71246   0
659           2.76008   0
660            2.8077   0
661           2.85533   0
662           2.90295   0
663           2.95057   0
664            2.9982   0
665           3.04582   0
666           3.09344   0
667           3.14107   0
668           3.18869   0
669           3.23632   0
670           3.28395   0
671           3.33159   0
672           3.37922   0
673           3.42687   0
674           3.47452   0
675           3.52217   0
676           3.56984   0
677           3.61752   0
678           3.66522   0
679           3.71293   0
680           3.76068   0
681           3.80845   0
682           3.85627   0
683           3.90414   0
684           3.95207   0
685           4.00009   0
686           4.04821   0
687           4.09646   0
688           4.14488   0
689           4.19351   0
690            4.2424   0
691           4.29159   0
692           4.34112   0
693           4.39093   0
694           4.44104   0
695           4.49138   0
696           4.54195   0
697           4.59293   0
698           4.64467   0
699           4.69715   2
700           4.75417   2
701            4.8269   2
702           4.95114   2
703           5.23676   2
704           5.98877   2
705           7.98882   2
706           13.0153   2
707          0.309751   1
708          0.367694   0
709          0.399157   0
710          0.426824   0
711          0.460247   0
712          0.492845   0
713          0.532585   0
714          0.571992   0
715          0.619706   0
716           0.66734   0
717          0.714962   0
718          0.762581   0
719            0.8102   0
720          0.857819   0
721          0.905438   0
722          0.953057   0
723           1.00068   0
724            1.0483   0
725           1.09591   0
726           1.14353   0
727           1.19115   0
728           1.23877   0
729           1.28639   0
730           1.33401   0
731           1.38163   0
732           1.42925   0
733           1.47687   0
734           1.52449   0
735           1.57211   0
736           1.61972   0
737           1.66734   0
738           1.71496   0
739           1.76258   0
740            1.8102   0
741           1.85782   0
742           1.90544   0
743           1.95306   0
744           2.00068   0
745            2.0483   0
746           2.09592   0
747           2.14354   0
748           2.19116   0
749           2.23878   0
750            2.2864   0
751           2.33402   0
752           2.38164   0
753           2.42926   0
754           2.47688   0
755            2.5245   0
756           2.57212   0
757           2.61974   0
758           2.66737   0
759           2.71499   0
760           2.76261   0
761           2.81023   0
762           2.85785   0
763           2.90548   0
764            2.9531   0
765           3.00072   0
766           3.04834   0
767           3.09597   0
768           3.14359   0
769           3.19122   0
770           3.23885   0
771           3.28648   0
772           3.33411   0
773           3.38174   0
774           3.42938   0
775           3.47703   0
776           3.52468   0
777           3.57235   0
778           3.62002   0
779           3.66771   0
780           3.71542   0
781           3.76315   0
782           3.81091   0
783           3.85871   0
784           3.90655   0
785           3.95446   0
786           4.00243   0
787           4.05051   0
788            4.0987   0
789           4.14704   0
790           4.19557   0
791           4.24433   0
792           4.29336   0
793           4.34265   0
794           4.39224   0
795           4.44207   0
796           4.49215   0
797            4.5425   0
798           4.59327   0
799           4.64454   0
800           4.69687   2
801           4.75228   2
802           4.81887   2
803           4.92485   2
804           5.15828   2
805           5.78394   2
806           7.52138   2
807           12.1521   2
808          0.331388   1
809          0.394114   0
810          0.421564   0
811          0.450148   0
812          0.477391   0
813          0.510518   0
814          0.543146   0
815          0.582755   0
816          0.622165   0
817          0.669839   0
818          0.717467   0
819          0.765087   0
820          0.812706   0
821          0.860325   0
822          0.907944   0
823          0.955564   0
824           1.00318   0
825            1.0508   0
826           1.09842   0
827           1.14604   0
828           1.19366   0
829           1.24128   0
830            1.2889   0
831           1.33652   0
832           1.38414   0
833           1.43175   0
834           1.47937   0
835           1.52699   0
836           1.57461   0
837           1.62223   0
838           1.66985   0
839           1.71747   0
840           1.76509   0
841           1.81271   0
842           1.86033   0
843           1.90795   0
844           1.95557   0
845           2.00318   0
846            2.0508   0
847           2.09842   0
848           2.14604   0
849           2.19366   0
850           2.24128   0
851            2.2889   0
852           2.33652   0
853           2.38414   0
854           2.43176   0
855           2.47938   0
856           2.52701   0
857           2.57463   0
858           2.62225   0
859           2.66987   0
860           2.71749   0
861           2.76511   0
862           2.81274   0
863           2.86036   0
864           2.90798   0
865            2.9556   0
866           3.00323   0
867           3.05085   0
868           3.09847   0
869            3.1461   0
870           3.19372   0
871           3.24135   0
872           3.28898   0
873           3.33661   0
874           3.38424   0
875           3.43188   0
876           3.47952   0
877           3.52717   0
878           3.57483   0
879            3.6225   0
880           3.67018   0
881           3.71788   0
882            3.7656   0
883           3.81335   0
884           3.86113   0
885           3.90895   0
886           3.95682   0
887           4.00476   0
888           4.05279   0
889           4.10092   0
890           4.14919   0
891           4.19762   0
892           4.24626   0
893           4.29512   0
894           4.34423   0
895           4.39358   0
896           4.44319   0
897           4.49303   0
898           4.54316   0
899           4.59363   0
900            4.6447   0
901           4.69692   2
902           4.75112   2
903           4.81401   2
904            4.9071   2
905           5.10353   2
906           5.63064   2
907           7.15669   2
908           11.4463   2
909          0.352861   1
910          0.420334   0
911          0.448965   0
912          0.472725   0
913          0.500576   0
914          0.527731   0
915            0.5607   0
916          0.593351   0
917          0.632887   0
918          0.672299   0
919          0.719951   0
920          0.767575   0
921          0.815195   0
922          0.862814   0
923          0.910433   0
924          0.958052   0
925           1.00567   0
926           1.05329   0
927           1.10091   0
928           1.14853   0
929           1.19615   0
930           1.24377   0
931           1.29139   0
932             1.339   0
933           1.38662   0
934           1.43424   0
935           1.48186   0
936           1.52948   0
937            1.5771   0
938           1.62472   0
939           1.67234   0
940           1.71996   0
941           1.76758   0
942            1.8152   0
943           1.86282   0
944           1.91043   0
945           1.95805   0
946           2.00567   0
947           2.05329   0
948           2.10091   0
949           2.14853   0
950           2.19615   0
951           2.24377   0
952           2.29139   0
953           2.33901   0
954           2.38663   0
955           2.43425   0
956           2.48187   0
957           2.52949   0
958           2.57711   0
959           2.62474   0
960           2.67236   0
961           2.71998   0
962            2.7676   0
963           2.81522   0
964           2.86285   0
965           2.91047   0
966           2.95809   0
967           3.00571   0
968           3.05334   0
969           3.10096   0
970           3.14858   0
971           3.19621   0
972           3.24383   0
973           3.29146   0
974           3.33909   0
975           3.38672   0
976           3.43436   0
977             3.482   0
978           3.52965   0
979            3.5773   0
980           3.62496   0
981           3.67264   0
982           3.72033   0
983           3.76804   0
984           3.81577   0
985           3.86353   0
986           3.91133   0
987           3.95917   0
988           4.00708   0
989           4.05506   0
990           4.10314   0
991           4.15133   0
992           4.19967   0
993           4.24819   0
994           4.29691   0
995           4.34584   0
996           4.39501   0
997            4.4444   0
998           4.49403   0
999           4.54392   0
1000           4.59418   0
1001           4.64501   0
1002           4.69687   0
1003           4.75056   2
1004           4.81092   2
1005           4.89558   2
1006           5.06419   2
1007           5.51702   2
1008           6.86717   2
1009           10.8664   2
1010          0.377194   1
1011          0.450046   0
1012          0.475856   0
1013          0.500265   0
1014          0.523238   0
1015          0.550812   0
1016          0.577956   0
1017          0.610833   0
1018          0.643499   0
1019          0.682994   0
1020          0.722407   0
1021          0.770047   0
1022          0.817669   0
1023          0.865289   0
1024          0.912908   0
1025          0.960527   0
1026           1.00815   0
1027           1.05577   0
1028           1.10338   0
1029             1.151   0
1030           1.19862   0
1031           1.24624   0
1032           1.29386   0
1033           1.34148   0
1034            1.3891   0
1035           1.43672   0
1036           1.48434   0
1037           1.53196   0
1038           1.57957   0
1039           1.62719   0
1040           1.67481   0
1041           1.72243   0
1042           1.77005   0
1043           1.81767   0
1044           1.86529   0
1045           1.91291   0
1046           1.96053   0
1047           2.00815   0
1048           2.05577   0
1049           2.10339   0
1050           2.15101   0
1051           2.19863   0
1052           2.24625   0
1053           2.29387   0
1054           2.34149   0
1055           2.38911   0
1056           2.43673   0
1057           2.48435   0
1058           2.53197   0
1059           2.57959   0
1060           2.62721   0
1061           2.67483   0
1062           2.72245   0
1063           2.77007   0
1064            2.8177   0
1065           2.86532   0
1066           2.91294   0
1067           2.96056   0
1068           3.00819   0
1069           3.05581   0
1070           3.10343   0
1071           3.15105   0
1072           3.19868   0
1073            3.2463   0
1074           3.29393   0
1075           3.34156   0
1076           3.38919   0
1077           3.43682   0
1078           3.48446   0
1079            3.5321   0
1080           3.57975   0
1081           3.62741   0
1082           3.67508   0
1083           3.72276   0
1084           3.77046   0
1085           3.81818   0
1086           3.86592   0
1087            3.9137   0
1088           3.96152   0
1089           4.00939   0
1090           4.05733   0
1091           4.10536   0
1092           4.15348   0
1093           4.20174   0
1094           4.25015   0
1095           4.29873   0
1096           4.34752   0
1097            4.3965   0
1098           4.44571   0
1099           4.49513   0
1100           4.54482   0
1101           4.59484   0
1102           4.64541   0
1103           4.69692   0
1104           4.75033   2
1105           4.80923   2
1106           4.88766   2
1107           5.03722   2
1108           5.43094   2
1109           6.64057   2
1110           10.3828   2
1111          0.401563   1
1112          0.479801   0
1113           0.50667   0
1114           0.52735   0
1115          0.550768   0
1116          0.573524   0
1117          0.600965   0
1118          0.628115   0
1119          0.660938   0
1120          0.693614   0
1121          0.733083   0
1122          0.772498   0
1123          0.820131   0
1124          0.867752   0
1125          0.915371   0
1126           0.96299   0
1127           1.01061   0
1128           1.05823   0
1129           1.10585   0
1130           1.15347   0
1131           1.20109   0
1132            1.2487   0
1133           1.29632   0
1134           1.34394   0
1135           1.39156   0
1136           1.43918   0
1137            1.4868   0
1138           1.53442   0
1139           1.58204   0
1140           1.62966   0
1141           1.67728   0
1142            1.7249   0
1143           1.77251   0
1144           1.82013   0
1145           1.86775   0
1146           1.91537   0
1147           1.96299   0
1148           2.01061   0
1149           2.05823   0
1150           2.10585   0
1151           2.15347   0
1152           2.20109   0
1153           2.24871   0
1154           2.29633   0
1155           2.34395   0
1156           2.39157   0
1157           2.43919   0
1158           2.48681   0
1159           2.53443   0
1160           2.58205   0
1161           2.62967   0
1162           2.67729   0
1163           2.72491   0
1164           2.77254   0
1165           2.82016   0
1166           2.86778   0
1167            2.9154   0
1168           2.96302   0
1169           3.01065   0
1170           3.05827   0
1171           3.10589   0
1172           3.15352   0
1173           3.20114   0
1174           3.24876   0
1175           3.29639   0
1176           3.34402   0
1177           3.39165   0
1178           3.43928   0
1179           3.48691   0
1180           3.53455   0
1181            3.5822   0
1182           3.62985   0
1183           3.67752   0
1184           3.72519   0
1185           3.77288   0
1186           3.82058   0
1187           3.86831   0
1188           3.91607   0
1189           3.96387   0
1190           4.01171   0
1191           4.05961   0
1192           4.10758   0
1193           4.15565   0
1194           4.20382   0
1195           4.25213   0
1196            4.3006   0
1197           4.34924   0
1198           4.39807   0
1199           4.44709   0
1200           4.49634   0
1201           4.54582   0
1202           4.59564   0
1203           4.64594   0
1204           4.69715   0
1205           4.75045   2
1206           4.80803   2
1207           4.88286   2
1208           5.01813   2
1209           5.36958   2
1210           6.46011   2
1211           9.98623   2
1212          0.428197   1
1213          0.512322   0
1214          0.537214   0
1215          0.558401   0
1216          0.577935   0
1217          0.601018   0
1218          0.623708   0
1219          0.651075   0
1220          0.678235   0
1221          0.711022   0
1222          0.743706   0
1223           0.78316   0
1224          0.822576   0
1225          0.870204   0
1226          0.917825   0
1227          0.965444   0
1228           1.01306   0
1229           1.06068   0
1230            1.1083   0
1231           1.15592   0
1232           1.20354   0
1233           1.25116   0
1234           1.29878   0
1235            1.3464   0
1236           1.39402   0
1237           1.44163   0
1238           1.48925   0
1239           1.53687   0
1240           1.58449   0
1241           1.63211   0
1242           1.67973   0
1243           1.72735   0
1244           1.77497   0
1245           1.82259   0
1246           1.87021   0
1247           1.91783   0
1248           1.96544   0
1249           2.01306   0
1250           2.06068   0
1251            2.1083   0
1252           2.15592   0
1253           2.20354   0
1254           2.25116   0
1255           2.29878   0
1256            2.3464   0
1257           2.39402   0
1258           2.44164   0
1259           2.48926   0
1260           2.53688   0
1261            2.5845   0
1262           2.63212   0
1263           2.67974   0
1264           2.72737   0
1265           2.77499   0
1266           2.82261   0
1267           2.87023   0
1268           2.91785   0
1269           2.96548   0
1270            3.0131   0
1271           3.06072   0
1272           3.10834   0
1273           3.15597   0
1274           3.20359   0
1275           3.25121   0
1276           3.29884   0
1277           3.34647   0
1278           3.39409   0
1279           3.44172   0
1280           3.48936   0
1281           3.53699   0
1282           3.58464   0
1283           3.63229   0
1284           3.67994   0
1285           3.72761   0
1286           3.77529   0
1287           3.82298   0
1288            3.8707   0
1289           3.91844   0
1290           3.96621   0
1291           4.01403   0
1292           4.06189   0
1293           4.10982   0
1294           4.15783   0
1295           4.20593   0
1296           4.25416   0
1297           4.30251   0
1298           4.35103   0
1299           4.39971   0
1300           4.44859   0
1301           4.49765   0
1302           4.54695   0
1303           4.59655   0
1304           4.64661   0
1305           4.69758   0
1306           4.75033   0
1307           4.80747   2
1308           4.87982   2
1309           5.00663   2
1310           5.32489   2
1311           6.32756   2
1312           9.65655   2
1313          0.454935   1
1314          0.544972   0
1315          0.570886   0
1316          0.589163   0
1317          0.609038   0
1318          0.628229   0
1319          0.651167   0
1320          0.673838   0
1321          0.701159   0
1322          0.728329   0
1323          0.761093   0
1324          0.793783   0
1325          0.833227   0
1326          0.872644   0
1327          0.920269   0
1328          0.967889   0
1329           1.01551   0
1330           1.06313   0
1331           1.11075   0
1332           1.15837   0
1333           1.20598   0
1334            1.2536   0
1335           1.30122   0
1336           1.34884   0
1337           1.39646   0
1338           1.44408   0
1339            1.4917   0
1340           1.53932   0
1341           1.58694   0
1342           1.63456   0
1343           1.68218   0
1344           1.72979   0
1345           1.77741   0
1346           1.82503   0
1347           1.87265   0
1348           1.92027   0
1349           1.96789   0
1350           2.01551   0
1351           2.06313   0
1352           2.11075   0
1353           2.15837   0
1354           2.20599   0
1355           2.25361   0
1356           2.30123   0
1357           2.34885   0
1358           2.39647   0
1359           2.44409   0
1360           2.49171   0
1361           2.53933   0
1362           2.58695   0
1363           2.63457   0
1364           2.68219   0
1365           2.72981   0
1366           2.77743   0
1367           2.82505   0
1368           2.87267   0
1369            2.9203   0
1370           2.96792   0
1371           3.01554   0
1372           3.06316   0
1373           3.11079   0
1374           3.15841   0
1375           3.20603   0
1376           3.25366   0
1377           3.30128   0
1378           3.34891   0
1379           3.39653   0
1380           3.44416   0
1381           3.49179   0
1382           3.53943   0
1383           3.58707   0
1384           3.63471   0
1385           3.68236   0
1386           3.73003   0
1387            3.7777   0
1388           3.82538   0
1389           3.87309   0
1390           3.92081   0
1391           3.96856   0
1392           4.01635   0
1393           4.06418   0
1394           4.11207   0
1395           4.16003   0
1396           4.20807   0
1397           4.25621   0
1398           4.30448   0
1399           4.35288   0
1400           4.40144   0
1401           4.45016   0
1402           4.49907   0
1403           4.54819   0
1404           4.59759   0
1405           4.64743   0
1406           4.69806   0
1407           4.75045   0
1408           4.80722   2
1409           4.87826   2
1410           4.99967   2
1411           5.30015   2
1412           6.22943   2
1413           9.40935   2
1414           0.48349   1
1415          0.579838   0
1416          0.604413   0
1417          0.623118   0
1418          0.639887   0
1419          0.659335   0
1420          0.678404   0
1421          0.701267   0
1422          0.723936   0
1423          0.751227   0
1424          0.778406   0
1425          0.811155   0
1426          0.843849   0
1427          0.883286   0
1428          0.922704   0
1429          0.970328   0
1430           1.01795   0
1431           1.06557   0
1432           1.11319   0
1433            1.1608   0
1434           1.20842   0
1435           1.25604   0
1436           1.30366   0
1437           1.35128   0
1438            1.3989   0
1439           1.44652   0
1440           1.49414   0
1441           1.54176   0
1442           1.58938   0
1443             1.637   0
1444           1.68461   0
1445           1.73223   0
1446           1.77985   0
1447           1.82747   0
1448           1.87509   0
1449           1.92271   0
1450           1.97033   0
1451           2.01795   0
1452           2.06557   0
1453           2.11319   0
1454           2.16081   0
1455           2.20843   0
1456           2.25605   0
1457           2.30366   0
1458           2.35128   0
1459            2.3989   0
1460           2.44652   0
1461           2.49414   0
1462           2.54176   0
1463           2.58938   0
1464           2.63701   0
1465           2.68463   0
1466           2.73225   0
1467           2.77987   0
1468           2.82749   0
1469           2.87511   0
1470           2.92273   0
1471           2.97036   0
1472           3.01798   0
1473            3.0656   0
1474           3.11322   0
1475           3.16085   0
1476           3.20847   0
1477           3.25609   0
1478           3.30372   0
1479           3.35134   0
1480           3.39897   0
1481           3.44659   0
1482           3.49422   0
1483           3.54186   0
1484           3.58949   0
1485           3.63714   0
1486           3.68478   0
1487           3.73244   0
1488            3.7801   0
1489           3.82778   0
1490           3.87547   0
1491           3.92318   0
1492           3.97092   0
1493           4.01868   0
1494           4.06648   0
1495           4.11434   0
1496           4.16225   0
1497           4.21023   0
1498           4.25831   0
1499           4.30648   0
1500           4.35479   0
1501           4.40322   0
1502           4.45182   0
1503           4.50058   0
1504           4.54954   0
1505           4.59876   0
1506           4.64837   0
1507           4.69872   0
1508           4.75071   0
1509           4.80742   2
1510            4.8773   2
1511           4.99651   2
1512           5.28879   2
1513           6.18898   2
1514           9.22416   2
1515          0.512169   1
1516          0.614857   0
1517          0.640456   0
1518          0.656884   0
1519          0.673927   0
1520          0.690227   0
1521          0.709499   0
1522          0.728521   0
1523          0.751341   0
1524          0.774013   0
1525          0.801285   0
1526           0.82847   0
1527          0.861208   0
1528          0.893905   0
1529          0.933339   0
1530          0.972758   0
1531           1.02038   0
1532             1.068   0
1533           1.11562   0
1534           1.16324   0
1535           1.21086   0
1536           1.25848   0
1537           1.30609   0
1538           1.35371   0
1539           1.40133   0
1540           1.44895   0
1541           1.49657   0
1542           1.54419   0
1543           1.59181   0
1544           1.63943   0
1545           1.68705   0
1546           1.73467   0
1547           1.78229   0
1548            1.8299   0
1549           1.87752   0
1550           1.92514   0
1551           1.97276   0
1552           2.02038   0
1553             2.068   0
1554           2.11562   0
1555           2.16324   0
1556           2.21086   0
1557           2.25848   0
1558            2.3061   0
1559           2.35372   0
1560           2.40134   0
1561           2.44896   0
1562           2.49658   0
1563            2.5442   0
1564           2.59182   0
1565           2.63944   0
1566           2.68706   0
1567           2.73468   0
1568            2.7823   0
1569           2.82992   0
1570           2.87754   0
1571           2.92516   0
1572           2.97279   0
1573           3.02041   0
1574           3.06803   0
1575           3.11565   0
1576           3.16328   0
1577            3.2109   0
1578           3.25852   0
1579           3.30615   0
1580           3.35377   0
1581            3.4014   0
1582           3.44902   0
1583           3.49665   0
1584           3.54428   0
1585           3.59192   0
1586           3.63955   0
1587            3.6872   0
1588           3.73485   0
1589            3.7825   0
1590           3.83017   0
1591           3.87785   0
1592           3.92555   0
1593           3.97327   0
1594           4.02102   0
1595           4.06879   0
1596           4.11661   0
1597           4.16449   0
1598           4.21242   0
1599           4.26043   0
1600           4.30854   0
1601           4.35675   0
1602           4.40508   0
1603           4.45355   0
1604           4.50218   0
1605           4.55099   0
1606           4.60004   0
1607           4.64944   0
1608           4.69951   0
1609           4.75122   0
1610           4.80722   0
1611            4.8773   2
1612           4.99651   2
1613           5.28879   2
1614           6.18898   2
1615           9.22293   1
#############################################



Call of Policy Iteration Modified GS
last test #############################################
Solution of MDP problem
Size of the state space: 1616
#############################################
Solution model: Feedback Stationary Policy
- column 1: index of the state
- column 2: Value function 
- column 3: Optimal action 

  0         0.0666807   0
  1          0.243333   1
  2          0.311391   1
  3          0.362248   1
  4           0.41038   1
  5           0.45808   1
  6          0.505712   1
  7          0.553333   1
  8          0.600953   1
  9          0.648572   1
 10          0.696191   1
 11           0.74381   1
 12          0.791429   1
 13          0.839048   1
 14          0.886667   1
 15          0.934286   1
 16          0.981905   1
 17           1.02952   1
 18           1.07714   1
 19           1.12476   1
 20           1.17238   1
 21              1.22   1
 22           1.26762   1
 23           1.31524   1
 24           1.36286   1
 25           1.41048   1
 26            1.4581   1
 27           1.50571   1
 28           1.55333   1
 29           1.60095   1
 30           1.64857   1
 31           1.69619   1
 32           1.74381   1
 33           1.79143   1
 34           1.83905   1
 35           1.88667   1
 36           1.93429   1
 37           1.98191   1
 38           2.02952   1
 39           2.07714   1
 40           2.12476   1
 41           2.17238   1
 42              2.22   1
 43           2.26762   1
 44           2.31524   1
 45           2.36286   1
 46           2.41048   1
 47            2.4581   1
 48           2.50571   1
 49           2.55333   1
 50           2.60095   1
 51           2.64857   1
 52           2.69619   1
 53           2.74381   1
 54           2.79143   1
 55           2.83905   1
 56           2.88667   1
 57           2.93429   1
 58           2.98191   1
 59           3.02954   1
 60           3.07716   1
 61           3.12479   1
 62           3.17242   1
 63           3.22005   1
 64           3.26768   1
 65           3.31532   1
 66           3.36297   1
 67           3.41062   1
 68           3.45828   1
 69           3.50595   1
 70           3.55364   1
 71           3.60134   1
 72           3.64907   1
 73           3.69682   1
 74            3.7446   1
 75           3.79243   1
 76           3.84032   1
 77           3.88828   1
 78           3.93632   1
 79           3.98448   1
 80           4.03278   1
 81           4.08125   1
 82           4.12995   1
 83           4.17894   1
 84           4.22829   1
 85           4.27809   1
 86           4.32846   1
 87           4.37956   1
 88           4.43157   1
 89           4.48473   1
 90           4.53935   1
 91           4.59581   2
 92           4.65944   2
 93           4.75048   2
 94           4.91534   2
 95           5.26375   2
 96           6.02927   2
 97           7.66082   2
 98           10.9252   2
 99           17.0081   2
100           27.6814   2
101          0.210335   1
102          0.246295   0
103          0.314353   0
104           0.36521   0
105          0.413342   0
106          0.461042   0
107          0.508674   0
108          0.556295   0
109          0.603915   0
110          0.651534   0
111          0.699153   0
112          0.746772   0
113          0.794391   0
114           0.84201   0
115          0.889629   0
116          0.937248   0
117          0.984867   0
118           1.03249   0
119           1.08011   0
120           1.12772   0
121           1.17534   0
122           1.22296   0
123           1.27058   0
124            1.3182   0
125           1.36582   0
126           1.41344   0
127           1.46106   0
128           1.50868   0
129            1.5563   0
130           1.60392   0
131           1.65153   0
132           1.69915   0
133           1.74677   0
134           1.79439   0
135           1.84201   0
136           1.88963   0
137           1.93725   0
138           1.98487   0
139           2.03249   0
140           2.08011   0
141           2.12772   0
142           2.17534   0
143           2.22296   0
144           2.27058   0
145            2.3182   0
146           2.36582   0
147           2.41344   0
148           2.46106   0
149           2.50868   0
150            2.5563   0
151           2.60392   0
152           2.65153   0
153           2.69915   0
154           2.74677   0
155           2.79439   0
156           2.84201   0
157           2.88963   0
158           2.93725   0
159           2.98488   0
160            3.0325   0
161           3.08012   0
162           3.12775   0
163           3.17538   0
164           3.22301   0
165           3.27065   0
166           3.31829   0
167           3.36593   0
168           3.41358   0
169           3.46124   0
170           3.50892   0
171            3.5566   0
172            3.6043   0
173           3.65203   0
174           3.69978   0
175           3.74757   0
176            3.7954   0
177           3.84328   0
178           3.89124   0
179           3.93928   0
180           3.98744   0
181           4.03574   0
182           4.08421   0
183           4.13292   0
184            4.1819   0
185           4.23125   0
186           4.28105   0
187           4.33142   0
188           4.38252   0
189           4.43453   0
190           4.48769   0
191           4.54098   2
192           4.59355   2
193           4.65049   2
194           4.72209   2
195           4.83637   2
196           5.06446   2
197             5.573   2
198            6.7122   2
199           9.14308   2
200           13.9685   2
201           22.8464   2
202          0.222403   0
203          0.276005   0
204          0.314642   0
205          0.367621   0
206          0.416089   0
207          0.463843   0
208          0.511483   0
209          0.559106   0
210          0.606725   0
211          0.654345   0
212          0.701964   0
213          0.749583   0
214          0.797202   0
215          0.844821   0
216           0.89244   0
217          0.940059   0
218          0.987678   0
219            1.0353   0
220           1.08292   0
221           1.13054   0
222           1.17815   0
223           1.22577   0
224           1.27339   0
225           1.32101   0
226           1.36863   0
227           1.41625   0
228           1.46387   0
229           1.51149   0
230           1.55911   0
231           1.60673   0
232           1.65434   0
233           1.70196   0
234           1.74958   0
235            1.7972   0
236           1.84482   0
237           1.89244   0
238           1.94006   0
239           1.98768   0
240            2.0353   0
241           2.08292   0
242           2.13054   0
243           2.17815   0
244           2.22577   0
245           2.27339   0
246           2.32101   0
247           2.36863   0
248           2.41625   0
249           2.46387   0
250           2.51149   0
251           2.55911   0
252           2.60673   0
253           2.65435   0
254           2.70196   0
255           2.74958   0
256            2.7972   0
257           2.84482   0
258           2.89244   0
259           2.94007   0
260           2.98769   0
261           3.03531   0
262           3.08293   0
263           3.13056   0
264           3.17819   0
265           3.22582   0
266           3.27345   0
267           3.32109   0
268           3.36874   0
269           3.41639   0
270           3.46405   0
271           3.51172   0
272            3.5594   0
273            3.6071   0
274           3.65483   0
275           3.70257   0
276           3.75036   0
277           3.79818   0
278           3.84606   0
279           3.89401   0
280           3.94204   0
281           3.99018   0
282           4.03846   0
283           4.08692   0
284           4.13559   0
285           4.18454   0
286           4.23385   0
287           4.28359   0
288           4.33389   0
289            4.3849   0
290            4.4368   0
291             4.489   0
292           4.54104   0
293           4.59281   2
294           4.64678   2
295           4.70889   2
296           4.79636   2
297           4.95668   2
298           5.30903   2
299           6.12839   2
300             7.981   2
301           11.9056   2
302           19.5709   2
303           0.24229   1
304          0.285314   0
305          0.329954   0
306          0.369155   0
307          0.418614   0
308          0.466524   0
309           0.51419   0
310          0.561816   0
311          0.609436   0
312          0.657056   0
313          0.704675   0
314          0.752294   0
315          0.799913   0
316          0.847532   0
317          0.895151   0
318           0.94277   0
319          0.990389   0
320           1.03801   0
321           1.08563   0
322           1.13325   0
323           1.18087   0
324           1.22848   0
325            1.2761   0
326           1.32372   0
327           1.37134   0
328           1.41896   0
329           1.46658   0
330            1.5142   0
331           1.56182   0
332           1.60944   0
333           1.65706   0
334           1.70467   0
335           1.75229   0
336           1.79991   0
337           1.84753   0
338           1.89515   0
339           1.94277   0
340           1.99039   0
341           2.03801   0
342           2.08563   0
343           2.13325   0
344           2.18087   0
345           2.22848   0
346            2.2761   0
347           2.32372   0
348           2.37134   0
349           2.41896   0
350           2.46658   0
351            2.5142   0
352           2.56182   0
353           2.60944   0
354           2.65706   0
355           2.70468   0
356           2.75229   0
357           2.79991   0
358           2.84753   0
359           2.89515   0
360           2.94278   0
361            2.9904   0
362           3.03802   0
363           3.08564   0
364           3.13327   0
365            3.1809   0
366           3.22853   0
367           3.27616   0
368            3.3238   0
369           3.37144   0
370           3.41909   0
371           3.46675   0
372           3.51442   0
373            3.5621   0
374            3.6098   0
375           3.65751   0
376           3.70526   0
377           3.75303   0
378           3.80085   0
379           3.84871   0
380           3.89665   0
381           3.94466   0
382           3.99278   0
383           4.04103   0
384           4.08945   0
385           4.13807   0
386           4.18696   0
387           4.23619   0
388           4.28584   0
389           4.33601   0
390           4.38687   0
391           4.43812   0
392           4.48957   0
393           4.54098   0
394           4.59269   2
395            4.6453   2
396           4.70249   2
397           4.77541   2
398           4.89592   2
399           5.15106   2
400           5.75625   2
401           7.19759   2
402           10.4471   2
403           17.2154   2
404          0.259473   1
405          0.306296   0
406          0.339691   0
407          0.381366   0
408           0.42071   0
409           0.46908   0
410          0.516818   0
411          0.564456   0
412          0.612078   0
413          0.659697   0
414          0.707317   0
415          0.754936   0
416          0.802555   0
417          0.850174   0
418          0.897793   0
419          0.945412   0
420          0.993031   0
421           1.04065   0
422           1.08827   0
423           1.13589   0
424           1.18351   0
425           1.23113   0
426           1.27875   0
427           1.32636   0
428           1.37398   0
429            1.4216   0
430           1.46922   0
431           1.51684   0
432           1.56446   0
433           1.61208   0
434            1.6597   0
435           1.70732   0
436           1.75494   0
437           1.80255   0
438           1.85017   0
439           1.89779   0
440           1.94541   0
441           1.99303   0
442           2.04065   0
443           2.08827   0
444           2.13589   0
445           2.18351   0
446           2.23113   0
447           2.27875   0
448           2.32636   0
449           2.37398   0
450            2.4216   0
451           2.46922   0
452           2.51684   0
453           2.56446   0
454           2.61208   0
455            2.6597   0
456           2.70732   0
457           2.75494   0
458           2.80256   0
459           2.85018   0
460            2.8978   0
461           2.94542   0
462           2.99304   0
463           3.04066   0
464           3.08829   0
465           3.13591   0
466           3.18354   0
467           3.23117   0
468            3.2788   0
469           3.32644   0
470           3.37408   0
471           3.42173   0
472           3.46938   0
473           3.51705   0
474           3.56473   0
475           3.61242   0
476           3.66013   0
477           3.70786   0
478           3.75563   0
479           3.80343   0
480           3.85128   0
481            3.8992   0
482           3.94719   0
483           3.99527   0
484           4.04349   0
485           4.09185   0
486           4.14042   0
487           4.18923   0
488           4.23835   0
489           4.28788   0
490            4.3379   0
491           4.38833   0
492           4.43912   0
493           4.49006   0
494           4.54122   0
495           4.59281   0
496           4.64465   2
497           4.69939   2
498           4.76402   2
499           4.86072   2
500           5.05323   2
501           5.51268   2
502            6.6538   2
503           9.38511   2
504           15.4509   2
505          0.273131   1
506          0.322973   0
507          0.358894   0
508          0.391505   0
509          0.432016   0
510          0.471402   0
511          0.519367   0
512          0.567041   0
513          0.614669   0
514           0.66229   0
515          0.709909   0
516          0.757528   0
517          0.805147   0
518          0.852766   0
519          0.900385   0
520          0.948004   0
521          0.995623   0
522           1.04324   0
523           1.09086   0
524           1.13848   0
525            1.1861   0
526           1.23372   0
527           1.28134   0
528           1.32896   0
529           1.37658   0
530           1.42419   0
531           1.47181   0
532           1.51943   0
533           1.56705   0
534           1.61467   0
535           1.66229   0
536           1.70991   0
537           1.75753   0
538           1.80515   0
539           1.85277   0
540           1.90039   0
541             1.948   0
542           1.99562   0
543           2.04324   0
544           2.09086   0
545           2.13848   0
546            2.1861   0
547           2.23372   0
548           2.28134   0
549           2.32896   0
550           2.37658   0
551           2.42419   0
552           2.47181   0
553           2.51943   0
554           2.56705   0
555           2.61467   0
556           2.66229   0
557           2.70991   0
558           2.75753   0
559           2.80515   0
560           2.85277   0
561           2.90039   0
562           2.94801   0
563           2.99563   0
564           3.04325   0
565           3.09088   0
566            3.1385   0
567           3.18613   0
568           3.23376   0
569           3.28139   0
570           3.32902   0
571           3.37666   0
572           3.42431   0
573           3.47196   0
574           3.51962   0
575            3.5673   0
576           3.61498   0
577           3.66269   0
578           3.71041   0
579           3.75817   0
580           3.80596   0
581           3.85379   0
582           3.90168   0
583           3.94965   0
584            3.9977   0
585           4.04587   0
586           4.09418   0
587           4.14267   0
588           4.19139   0
589            4.2404   0
590           4.28978   0
591           4.33952   0
592           4.38966   0
593           4.44003   0
594           4.49068   0
595           4.54157   0
596           4.59269   0
597           4.64452   2
598           4.69792   2
599           4.75772   2
600           4.83959   2
601           4.99142   2
602           5.34872   2
603           6.26836   2
604           8.59179   2
605           14.0903   2
606          0.291839   1
607          0.345816   0
608          0.375757   0
609          0.409822   0
610          0.442386   0
611          0.482379   0
612          0.521779   0
613          0.569574   0
614          0.617221   0
615          0.664844   0
616          0.712464   0
617          0.760083   0
618          0.807702   0
619          0.855321   0
620           0.90294   0
621          0.950559   0
622          0.998179   0
623            1.0458   0
624           1.09342   0
625           1.14104   0
626           1.18865   0
627           1.23627   0
628           1.28389   0
629           1.33151   0
630           1.37913   0
631           1.42675   0
632           1.47437   0
633           1.52199   0
634           1.56961   0
635           1.61723   0
636           1.66485   0
637           1.71246   0
638           1.76008   0
639            1.8077   0
640           1.85532   0
641           1.90294   0
642           1.95056   0
643           1.99818   0
644            2.0458   0
645           2.09342   0
646           2.14104   0
647           2.18865   0
648           2.23627   0
649           2.28389   0
650           2.33151   0
651           2.37913   0
652           2.42675   0
653           2.47437   0
654           2.52199   0
655           2.56961   0
656           2.61723   0
657           2.66485   0
658           2.71246   0
659           2.76008   0
660            2.8077   0
661           2.85532   0
662           2.90294   0
663           2.95056   0
664           2.99819   0
665           3.04581   0
666           3.09343   0
667           3.14105   0
668           3.18868   0
669           3.23631   0
670           3.28394   0
671           3.33157   0
672           3.37921   0
673           3.42685   0
674            3.4745   0
675           3.52216   0
676           3.56983   0
677           3.61751   0
678           3.66521   0
679           3.71293   0
680           3.76067   0
681           3.80844   0
682           3.85626   0
683           3.90413   0
684           3.95206   0
685           4.00007   0
686           4.04819   0
687           4.09645   0
688           4.14486   0
689           4.19349   0
690           4.24238   0
691           4.29157   0
692            4.3411   0
693           4.39091   0
694           4.44102   0
695           4.49136   0
696           4.54193   0
697           4.59291   0
698           4.64465   0
699           4.69713   2
700           4.75415   2
701           4.82687   2
702           4.95112   2
703           5.23674   2
704           5.98875   2
705            7.9888   2
706           13.0153   2
707           0.30978   1
708          0.367723   0
709          0.399186   0
710          0.426852   0
711          0.460276   0
712          0.492873   0
713          0.532614   0
714          0.572021   0
715          0.619735   0
716          0.667369   0
717          0.714991   0
718           0.76261   0
719          0.810229   0
720          0.857848   0
721          0.905467   0
722          0.953087   0
723           1.00071   0
724           1.04832   0
725           1.09594   0
726           1.14356   0
727           1.19118   0
728            1.2388   0
729           1.28642   0
730           1.33404   0
731           1.38166   0
732           1.42928   0
733            1.4769   0
734           1.52452   0
735           1.57213   0
736           1.61975   0
737           1.66737   0
738           1.71499   0
739           1.76261   0
740           1.81023   0
741           1.85785   0
742           1.90547   0
743           1.95309   0
744           2.00071   0
745           2.04832   0
746           2.09594   0
747           2.14356   0
748           2.19118   0
749            2.2388   0
750           2.28642   0
751           2.33404   0
752           2.38166   0
753           2.42928   0
754            2.4769   0
755           2.52452   0
756           2.57213   0
757           2.61975   0
758           2.66737   0
759           2.71499   0
760           2.76261   0
761           2.81023   0
762           2.85785   0
763           2.90547   0
764           2.95309   0
765           3.00071   0
766           3.04833   0
767           3.09596   0
768           3.14358   0
769            3.1912   0
770           3.23883   0
771           3.28646   0
772           3.33409   0
773           3.38173   0
774           3.42937   0
775           3.47702   0
776           3.52467   0
777           3.57234   0
778           3.62001   0
779            3.6677   0
780           3.71541   0
781           3.76314   0
782            3.8109   0
783            3.8587   0
784           3.90654   0
785           3.95444   0
786           4.00242   0
787           4.05049   0
788           4.09868   0
789           4.14703   0
790           4.19556   0
791           4.24431   0
792           4.29334   0
793           4.34263   0
794           4.39222   0
795           4.44205   0
796           4.49213   0
797           4.54248   0
798           4.59325   0
799           4.64452   0
800           4.69685   2
801           4.75226   2
802           4.81885   2
803           4.92483   2
804           5.15825   2
805           5.78391   2
806           7.52136   2
807            12.152   2
808          0.331416   1
809          0.394142   0
810          0.421591   0
811          0.450176   0
812          0.477418   0
813          0.510546   0
814          0.543174   0
815          0.582783   0
816          0.622193   0
817          0.669867   0
818          0.717495   0
819          0.765115   0
820          0.812734   0
821          0.860353   0
822          0.907973   0
823          0.955592   0
824           1.00321   0
825           1.05083   0
826           1.09845   0
827           1.14607   0
828           1.19369   0
829           1.24131   0
830           1.28893   0
831           1.33654   0
832           1.38416   0
833           1.43178   0
834            1.4794   0
835           1.52702   0
836           1.57464   0
837           1.62226   0
838           1.66988   0
839            1.7175   0
840           1.76512   0
841           1.81273   0
842           1.86035   0
843           1.90797   0
844           1.95559   0
845           2.00321   0
846           2.05083   0
847           2.09845   0
848           2.14607   0
849           2.19369   0
850           2.24131   0
851           2.28893   0
852           2.33654   0
853           2.38416   0
854           2.43178   0
855            2.4794   0
856           2.52702   0
857           2.57464   0
858           2.62226   0
859           2.66988   0
860            2.7175   0
861           2.76512   0
862           2.81274   0
863           2.86036   0
864           2.90797   0
865            2.9556   0
866           3.00322   0
867           3.05084   0
868           3.09846   0
869           3.14608   0
870           3.19371   0
871           3.24133   0
872           3.28896   0
873           3.33659   0
874           3.38423   0
875           3.43187   0
876           3.47951   0
877           3.52716   0
878           3.57482   0
879           3.62249   0
880           3.67017   0
881           3.71787   0
882           3.76559   0
883           3.81333   0
884           3.86111   0
885           3.90893   0
886           3.95681   0
887           4.00475   0
888           4.05277   0
889           4.10091   0
890           4.14917   0
891            4.1976   0
892           4.24624   0
893            4.2951   0
894           4.34421   0
895           4.39356   0
896           4.44317   0
897           4.49301   0
898           4.54314   0
899           4.59361   0
900           4.64468   0
901           4.69689   2
902            4.7511   2
903           4.81399   2
904           4.90708   2
905            5.1035   2
906           5.63062   2
907           7.15666   2
908           11.4462   2
909          0.352888   1
910          0.420361   0
911          0.448992   0
912          0.472752   0
913          0.500603   0
914          0.527757   0
915          0.560727   0
916          0.593377   0
917          0.632914   0
918          0.672325   0
919          0.719978   0
920          0.767602   0
921          0.815222   0
922          0.862841   0
923           0.91046   0
924          0.958079   0
925            1.0057   0
926           1.05332   0
927           1.10094   0
928           1.14856   0
929           1.19617   0
930           1.24379   0
931           1.29141   0
932           1.33903   0
933           1.38665   0
934           1.43427   0
935           1.48189   0
936           1.52951   0
937           1.57713   0
938           1.62475   0
939           1.67237   0
940           1.71998   0
941            1.7676   0
942           1.81522   0
943           1.86284   0
944           1.91046   0
945           1.95808   0
946            2.0057   0
947           2.05332   0
948           2.10094   0
949           2.14856   0
950           2.19617   0
951           2.24379   0
952           2.29141   0
953           2.33903   0
954           2.38665   0
955           2.43427   0
956           2.48189   0
957           2.52951   0
958           2.57713   0
959           2.62475   0
960           2.67237   0
961           2.71998   0
962            2.7676   0
963           2.81522   0
964           2.86284   0
965           2.91046   0
966           2.95808   0
967            3.0057   0
968           3.05332   0
969           3.10095   0
970           3.14857   0
971           3.19619   0
972           3.24382   0
973           3.29144   0
974           3.33907   0
975           3.38671   0
976           3.43434   0
977           3.48198   0
978           3.52963   0
979           3.57729   0
980           3.62495   0
981           3.67262   0
982           3.72031   0
983           3.76802   0
984           3.81575   0
985           3.86352   0
986           3.91131   0
987           3.95916   0
988           4.00707   0
989           4.05505   0
990           4.10312   0
991           4.15132   0
992           4.19966   0
993           4.24817   0
994           4.29689   0
995           4.34582   0
996           4.39499   0
997           4.44438   0
998           4.49401   0
999            4.5439   0
1000           4.59415   0
1001           4.64499   0
1002           4.69685   0
1003           4.75054   2
1004           4.81089   2
1005           4.89556   2
1006           5.06416   2
1007             5.517   2
1008           6.86714   2
1009           10.8664   2
1010          0.377221   1
1011          0.450072   0
1012          0.475881   0
1013          0.500291   0
1014          0.523264   0
1015          0.550838   0
1016          0.577981   0
1017          0.610859   0
1018          0.643525   0
1019          0.683019   0
1020          0.722433   0
1021          0.770073   0
1022          0.817695   0
1023          0.865314   0
1024          0.912934   0
1025          0.960553   0
1026           1.00817   0
1027           1.05579   0
1028           1.10341   0
1029           1.15103   0
1030           1.19865   0
1031           1.24627   0
1032           1.29389   0
1033           1.34151   0
1034           1.38912   0
1035           1.43674   0
1036           1.48436   0
1037           1.53198   0
1038            1.5796   0
1039           1.62722   0
1040           1.67484   0
1041           1.72246   0
1042           1.77008   0
1043            1.8177   0
1044           1.86531   0
1045           1.91293   0
1046           1.96055   0
1047           2.00817   0
1048           2.05579   0
1049           2.10341   0
1050           2.15103   0
1051           2.19865   0
1052           2.24627   0
1053           2.29389   0
1054           2.34151   0
1055           2.38912   0
1056           2.43674   0
1057           2.48436   0
1058           2.53198   0
1059            2.5796   0
1060           2.62722   0
1061           2.67484   0
1062           2.72246   0
1063           2.77008   0
1064            2.8177   0
1065           2.86532   0
1066           2.91294   0
1067           2.96056   0
1068           3.00818   0
1069            3.0558   0
1070           3.10342   0
1071           3.15104   0
1072           3.19866   0
1073           3.24629   0
1074           3.29391   0
1075           3.34154   0
1076           3.38917   0
1077           3.43681   0
1078           3.48445   0
1079           3.53209   0
1080           3.57974   0
1081            3.6274   0
1082           3.67507   0
1083           3.72275   0
1084           3.77045   0
1085           3.81817   0
1086           3.86591   0
1087           3.91369   0
1088           3.96151   0
1089           4.00938   0
1090           4.05732   0
1091           4.10534   0
1092           4.15347   0
1093           4.20172   0
1094           4.25013   0
1095           4.29871   0
1096            4.3475   0
1097           4.39648   0
1098           4.44568   0
1099            4.4951   0
1100           4.54479   0
1101           4.59482   0
1102           4.64539   0
1103           4.69689   0
1104           4.75031   2
1105            4.8092   2
1106           4.88763   2
1107           5.03719   2
1108           5.43092   2
1109           6.64054   2
1110           10.3827   2
1111          0.401588   1
1112          0.479826   0
1113          0.506695   0
1114          0.527375   0
1115          0.550793   0
1116          0.573549   0
1117           0.60099   0
1118           0.62814   0
1119          0.660962   0
1120          0.693638   0
1121          0.733107   0
1122          0.772522   0
1123          0.820155   0
1124          0.867776   0
1125          0.915395   0
1126          0.963015   0
1127           1.01063   0
1128           1.05825   0
1129           1.10587   0
1130           1.15349   0
1131           1.20111   0
1132           1.24873   0
1133           1.29635   0
1134           1.34397   0
1135           1.39159   0
1136           1.43921   0
1137           1.48682   0
1138           1.53444   0
1139           1.58206   0
1140           1.62968   0
1141            1.6773   0
1142           1.72492   0
1143           1.77254   0
1144           1.82016   0
1145           1.86778   0
1146            1.9154   0
1147           1.96301   0
1148           2.01063   0
1149           2.05825   0
1150           2.10587   0
1151           2.15349   0
1152           2.20111   0
1153           2.24873   0
1154           2.29635   0
1155           2.34397   0
1156           2.39159   0
1157           2.43921   0
1158           2.48682   0
1159           2.53444   0
1160           2.58206   0
1161           2.62968   0
1162            2.6773   0
1163           2.72492   0
1164           2.77254   0
1165           2.82016   0
1166           2.86778   0
1167            2.9154   0
1168           2.96302   0
1169           3.01064   0
1170           3.05826   0
1171           3.10588   0
1172            3.1535   0
1173           3.20112   0
1174           3.24875   0
1175           3.29637   0
1176             3.344   0
1177           3.39163   0
1178           3.43926   0
1179            3.4869   0
1180           3.53454   0
1181           3.58218   0
1182           3.62984   0
1183            3.6775   0
1184           3.72517   0
1185           3.77286   0
1186           3.82057   0
1187            3.8683   0
1188           3.91606   0
1189           3.96385   0
1190           4.01169   0
1191           4.05959   0
1192           4.10757   0
1193           4.15563   0
1194           4.20381   0
1195           4.25211   0
1196           4.30058   0
1197           4.34922   0
1198           4.39805   0
1199           4.44707   0
1200           4.49632   0
1201            4.5458   0
1202           4.59561   0
1203           4.64591   0
1204           4.69713   0
1205           4.75042   2
1206           4.80801   2
1207           4.88283   2
1208            5.0181   2
1209           5.36955   2
1210           6.46009   2
1211            9.9862   2
1212          0.428221   1
1213          0.512346   0
1214          0.537237   0
1215          0.558425   0
1216          0.577959   0
1217          0.601042   0
1218          0.623732   0
1219          0.651098   0
1220          0.678258   0
1221          0.711045   0
1222          0.743729   0
1223          0.783183   0
1224          0.822599   0
1225          0.870227   0
1226          0.917848   0
1227          0.965467   0
1228           1.01309   0
1229           1.06071   0
1230           1.10832   0
1231           1.15594   0
1232           1.20356   0
1233           1.25118   0
1234            1.2988   0
1235           1.34642   0
1236           1.39404   0
1237           1.44166   0
1238           1.48928   0
1239            1.5369   0
1240           1.58451   0
1241           1.63213   0
1242           1.67975   0
1243           1.72737   0
1244           1.77499   0
1245           1.82261   0
1246           1.87023   0
1247           1.91785   0
1248           1.96547   0
1249           2.01309   0
1250           2.06071   0
1251           2.10832   0
1252           2.15594   0
1253           2.20356   0
1254           2.25118   0
1255            2.2988   0
1256           2.34642   0
1257           2.39404   0
1258           2.44166   0
1259           2.48928   0
1260            2.5369   0
1261           2.58451   0
1262           2.63213   0
1263           2.67975   0
1264           2.72737   0
1265           2.77499   0
1266           2.82261   0
1267           2.87023   0
1268           2.91785   0
1269           2.96547   0
1270           3.01309   0
1271           3.06071   0
1272           3.10833   0
1273           3.15595   0
1274           3.20357   0
1275            3.2512   0
1276           3.29882   0
1277           3.34645   0
1278           3.39407   0
1279           3.44171   0
1280           3.48934   0
1281           3.53698   0
1282           3.58462   0
1283           3.63227   0
1284           3.67993   0
1285           3.72759   0
1286           3.77527   0
1287           3.82297   0
1288           3.87068   0
1289           3.91843   0
1290            3.9662   0
1291           4.01401   0
1292           4.06188   0
1293            4.1098   0
1294           4.15781   0
1295           4.20591   0
1296           4.25414   0
1297           4.30249   0
1298           4.35101   0
1299           4.39969   0
1300           4.44856   0
1301           4.49763   0
1302           4.54693   0
1303           4.59652   0
1304           4.64659   0
1305           4.69756   0
1306           4.75031   0
1307           4.80745   2
1308           4.87979   2
1309            5.0066   2
1310           5.32486   2
1311           6.32753   2
1312           9.65652   2
1313          0.454959   1
1314          0.544995   0
1315          0.570909   0
1316          0.589186   0
1317          0.609061   0
1318          0.628251   0
1319          0.651189   0
1320           0.67386   0
1321          0.701181   0
1322          0.728351   0
1323          0.761115   0
1324          0.793805   0
1325          0.833249   0
1326          0.872666   0
1327          0.920291   0
1328          0.967911   0
1329           1.01553   0
1330           1.06315   0
1331           1.11077   0
1332           1.15839   0
1333           1.20601   0
1334           1.25363   0
1335           1.30124   0
1336           1.34886   0
1337           1.39648   0
1338            1.4441   0
1339           1.49172   0
1340           1.53934   0
1341           1.58696   0
1342           1.63458   0
1343            1.6822   0
1344           1.72982   0
1345           1.77744   0
1346           1.82505   0
1347           1.87267   0
1348           1.92029   0
1349           1.96791   0
1350           2.01553   0
1351           2.06315   0
1352           2.11077   0
1353           2.15839   0
1354           2.20601   0
1355           2.25363   0
1356           2.30124   0
1357           2.34886   0
1358           2.39648   0
1359            2.4441   0
1360           2.49172   0
1361           2.53934   0
1362           2.58696   0
1363           2.63458   0
1364            2.6822   0
1365           2.72982   0
1366           2.77744   0
1367           2.82505   0
1368           2.87267   0
1369           2.92029   0
1370           2.96791   0
1371           3.01553   0
1372           3.06315   0
1373           3.11077   0
1374           3.15839   0
1375           3.20602   0
1376           3.25364   0
1377           3.30126   0
1378           3.34889   0
1379           3.39651   0
1380           3.44414   0
1381           3.49177   0
1382           3.53941   0
1383           3.58705   0
1384            3.6347   0
1385           3.68235   0
1386           3.73001   0
1387           3.77768   0
1388           3.82537   0
1389           3.87307   0
1390           3.92079   0
1391           3.96855   0
1392           4.01633   0
1393           4.06417   0
1394           4.11205   0
1395           4.16001   0
1396           4.20805   0
1397           4.25619   0
1398           4.30446   0
1399           4.35286   0
1400           4.40141   0
1401           4.45013   0
1402           4.49905   0
1403           4.54816   0
1404           4.59757   0
1405           4.64741   0
1406           4.69804   0
1407           4.75042   0
1408            4.8072   2
1409           4.87824   2
1410           4.99964   2
1411           5.30012   2
1412            6.2294   2
1413           9.40932   2
1414          0.483512   1
1415          0.579861   0
1416          0.604435   0
1417           0.62314   0
1418          0.639909   0
1419          0.659357   0
1420          0.678425   0
1421          0.701288   0
1422          0.723957   0
1423          0.751248   0
1424          0.778427   0
1425          0.811175   0
1426          0.843869   0
1427          0.883306   0
1428          0.922725   0
1429          0.970348   0
1430           1.01797   0
1431           1.06559   0
1432           1.11321   0
1433           1.16083   0
1434           1.20844   0
1435           1.25606   0
1436           1.30368   0
1437            1.3513   0
1438           1.39892   0
1439           1.44654   0
1440           1.49416   0
1441           1.54178   0
1442            1.5894   0
1443           1.63702   0
1444           1.68463   0
1445           1.73225   0
1446           1.77987   0
1447           1.82749   0
1448           1.87511   0
1449           1.92273   0
1450           1.97035   0
1451           2.01797   0
1452           2.06559   0
1453           2.11321   0
1454           2.16083   0
1455           2.20844   0
1456           2.25606   0
1457           2.30368   0
1458            2.3513   0
1459           2.39892   0
1460           2.44654   0
1461           2.49416   0
1462           2.54178   0
1463            2.5894   0
1464           2.63702   0
1465           2.68463   0
1466           2.73225   0
1467           2.77987   0
1468           2.82749   0
1469           2.87511   0
1470           2.92273   0
1471           2.97035   0
1472           3.01797   0
1473           3.06559   0
1474           3.11321   0
1475           3.16083   0
1476           3.20845   0
1477           3.25607   0
1478            3.3037   0
1479           3.35132   0
1480           3.39895   0
1481           3.44657   0
1482            3.4942   0
1483           3.54184   0
1484           3.58947   0
1485           3.63712   0
1486           3.68476   0
1487           3.73242   0
1488           3.78008   0
1489           3.82776   0
1490           3.87545   0
1491           3.92316   0
1492            3.9709   0
1493           4.01866   0
1494           4.06647   0
1495           4.11432   0
1496           4.16223   0
1497           4.21021   0
1498           4.25829   0
1499           4.30646   0
1500           4.35477   0
1501            4.4032   0
1502            4.4518   0
1503           4.50055   0
1504           4.54952   0
1505           4.59873   0
1506           4.64834   0
1507           4.69869   0
1508           4.75068   0
1509           4.80739   2
1510           4.87727   2
1511           4.99648   2
1512           5.28877   2
1513           6.18895   2
1514           9.22413   2
1515           0.51219   1
1516          0.614878   0
1517          0.640477   0
1518          0.656905   0
1519          0.673948   0
1520          0.690247   0
1521          0.709519   0
1522          0.728542   0
1523          0.751361   0
1524          0.774033   0
1525          0.801304   0
1526          0.828489   0
1527          0.861228   0
1528          0.893925   0
1529          0.933358   0
1530          0.972777   0
1531            1.0204   0
1532           1.06802   0
1533           1.11564   0
1534           1.16326   0
1535           1.21088   0
1536            1.2585   0
1537           1.30611   0
1538           1.35373   0
1539           1.40135   0
1540           1.44897   0
1541           1.49659   0
1542           1.54421   0
1543           1.59183   0
1544           1.63945   0
1545           1.68707   0
1546           1.73469   0
1547            1.7823   0
1548           1.82992   0
1549           1.87754   0
1550           1.92516   0
1551           1.97278   0
1552            2.0204   0
1553           2.06802   0
1554           2.11564   0
1555           2.16326   0
1556           2.21088   0
1557            2.2585   0
1558           2.30611   0
1559           2.35373   0
1560           2.40135   0
1561           2.44897   0
1562           2.49659   0
1563           2.54421   0
1564           2.59183   0
1565           2.63945   0
1566           2.68707   0
1567           2.73469   0
1568            2.7823   0
1569           2.82992   0
1570           2.87754   0
1571           2.92516   0
1572           2.97278   0
1573            3.0204   0
1574           3.06802   0
1575           3.11564   0
1576           3.16326   0
1577           3.21088   0
1578            3.2585   0
1579           3.30613   0
1580           3.35375   0
1581           3.40137   0
1582             3.449   0
1583           3.49663   0
1584           3.54426   0
1585           3.59189   0
1586           3.63953   0
1587           3.68718   0
1588           3.73483   0
1589           3.78249   0
1590           3.83015   0
1591           3.87784   0
1592           3.92553   0
1593           3.97325   0
1594             4.021   0
1595           4.06878   0
1596            4.1166   0
1597           4.16447   0
1598            4.2124   0
1599           4.26041   0
1600           4.30851   0
1601           4.35672   0
1602           4.40506   0
1603           4.45353   0
1604           4.50216   0
1605           4.55097   0
1606           4.60001   0
1607           4.64941   0
1608           4.69948   0
1609            4.7512   0
1610            4.8072   0
1611           4.87727   2
1612           4.99648   2
1613           5.28877   2
1614           6.18895   2
1615            9.2229   1
#############################################


